point_index,timestamp,date,time,hour,day_of_week,is_weekend,grid_voltage_v,grid_current_a,grid_power_kw,solar_voltage_v,solar_current_a,solar_power_kw,wind_voltage_v,wind_current_a,wind_power_kw,total_power_kw,interval_energy_kwh
0,2026-08-01 00:00:00,2026-08-01,00:00,0.0,5,1,230.89,3.1,0.7158,0.59,0.0,0.0,17.88,0.91,0.0163,0.7321,0.183
1,2026-08-01 00:15:00,2026-08-01,00:15,0.25,5,1,232.02,2.94,0.6821,0.15,0.0,0.0,17.79,0.0,0.0,0.6821,0.1705
2,2026-08-01 00:30:00,2026-08-01,00:30,0.5,5,1,227.29,3.1,0.7046,0.49,0.0,0.0,16.61,0.32,0.0053,0.7099,0.1775
3,2026-08-01 00:45:00,2026-08-01,00:45,0.75,5,1,226.75,3.2,0.7256,0.41,0.0,0.0,16.85,0.81,0.0137,0.7393,0.1848
4,2026-08-01 01:00:00,2026-08-01,01:00,1.0,5,1,228.72,4.05,0.9263,0.05,0.0,0.0,18.64,0.91,0.017,0.9433,0.2358
5,2026-08-01 01:15:00,2026-08-01,01:15,1.25,5,1,229.85,3.2,0.7355,0.4,0.0,0.0,18.49,0.01,0.0002,0.7357,0.1839
6,2026-08-01 01:30:00,2026-08-01,01:30,1.5,5,1,231.56,2.68,0.6206,0.44,0.0,0.0,18.56,0.13,0.0024,0.623,0.1557
7,2026-08-01 01:45:00,2026-08-01,01:45,1.75,5,1,228.52,4.71,1.0763,0.29,0.0,0.0,17.91,0.0,0.0,1.0763,0.2691
8,2026-08-01 02:00:00,2026-08-01,02:00,2.0,5,1,232.14,4.01,0.9309,0.06,0.0,0.0,19.13,1.56,0.0298,0.9607,0.2402
9,2026-08-01 02:15:00,2026-08-01,02:15,2.25,5,1,233.1,4.23,0.986,0.09,0.0,0.0,18.32,1.53,0.028,1.014,0.2535
10,2026-08-01 02:30:00,2026-08-01,02:30,2.5,5,1,231.06,4.33,1.0005,0.25,0.0,0.0,17.71,1.88,0.0333,1.0338,0.2585
11,2026-08-01 02:45:00,2026-08-01,02:45,2.75,5,1,232.62,3.81,0.8863,0.57,0.0,0.0,18.93,2.16,0.0409,0.9272,0.2318
12,2026-08-01 03:00:00,2026-08-01,03:00,3.0,5,1,232.19,5.69,1.3212,0.42,0.0,0.0,18.42,0.38,0.007,1.3282,0.3321
13,2026-08-01 03:15:00,2026-08-01,03:15,3.25,5,1,234.3,5.28,1.2371,0.2,0.0,0.0,20.54,1.06,0.0218,1.2589,0.3147
14,2026-08-01 03:30:00,2026-08-01,03:30,3.5,5,1,231.12,4.33,1.0008,0.74,0.0,0.0,20.46,1.67,0.0342,1.035,0.2587
15,2026-08-01 03:45:00,2026-08-01,03:45,3.75,5,1,233.29,5.66,1.3204,0.72,0.0,0.0,18.06,1.24,0.0224,1.3428,0.3357
16,2026-08-01 04:00:00,2026-08-01,04:00,4.0,5,1,232.16,3.67,0.852,0.65,0.0,0.0,17.91,0.5,0.009,0.861,0.2152
17,2026-08-01 04:15:00,2026-08-01,04:15,4.25,5,1,232.48,5.0,1.1624,0.26,0.0,0.0,20.82,1.37,0.0285,1.1909,0.2977
18,2026-08-01 04:30:00,2026-08-01,04:30,4.5,5,1,233.6,4.61,1.0769,0.77,0.0,0.0,16.52,0.6,0.0099,1.0868,0.2717
19,2026-08-01 04:45:00,2026-08-01,04:45,4.75,5,1,231.47,4.69,1.0856,0.4,0.0,0.0,17.85,1.21,0.0216,1.1072,0.2768
20,2026-08-01 05:00:00,2026-08-01,05:00,5.0,5,1,233.3,3.75,0.8749,0.79,0.0,0.0,17.41,0.91,0.0158,0.8907,0.2227
21,2026-08-01 05:15:00,2026-08-01,05:15,5.25,5,1,234.86,3.93,0.923,0.51,0.0,0.0,19.83,2.86,0.0567,0.9797,0.2449
22,2026-08-01 05:30:00,2026-08-01,05:30,5.5,5,1,231.78,4.02,0.9318,0.03,0.0,0.0,20.33,1.63,0.0331,0.9649,0.2412
23,2026-08-01 05:45:00,2026-08-01,05:45,5.75,5,1,232.99,4.77,1.1114,0.14,0.0,0.0,16.4,1.67,0.0274,1.1388,0.2847
24,2026-08-01 06:00:00,2026-08-01,06:00,6.0,5,1,232.32,3.99,0.927,32.65,0.0,0.0,19.42,0.0,0.0,0.927,0.2318
25,2026-08-01 06:15:00,2026-08-01,06:15,6.25,5,1,234.13,4.28,1.0021,32.99,0.0,0.0,18.13,0.92,0.0167,1.0188,0.2547
26,2026-08-01 06:30:00,2026-08-01,06:30,6.5,5,1,234.31,4.22,0.9888,32.18,0.88,0.0283,17.04,2.06,0.0351,1.0522,0.2631
27,2026-08-01 06:45:00,2026-08-01,06:45,6.75,5,1,234.76,3.01,0.7066,33.61,0.65,0.0219,19.88,0.74,0.0147,0.7432,0.1858
28,2026-08-01 07:00:00,2026-08-01,07:00,7.0,5,1,235.68,3.99,0.9404,34.07,2.43,0.0828,16.7,0.26,0.0043,1.0275,0.2569
29,2026-08-01 07:15:00,2026-08-01,07:15,7.25,5,1,232.5,3.5,0.8137,33.97,1.92,0.0652,19.02,2.35,0.0447,0.9236,0.2309
30,2026-08-01 07:30:00,2026-08-01,07:30,7.5,5,1,233.51,5.32,1.2423,34.45,1.61,0.0555,18.08,0.61,0.011,1.3088,0.3272
31,2026-08-01 07:45:00,2026-08-01,07:45,7.75,5,1,235.28,3.59,0.8447,34.09,1.83,0.0624,16.96,1.25,0.0212,0.9283,0.2321
32,2026-08-01 08:00:00,2026-08-01,08:00,8.0,5,1,234.38,2.24,0.525,34.44,2.61,0.0899,18.5,1.18,0.0218,0.6367,0.1592
33,2026-08-01 08:15:00,2026-08-01,08:15,8.25,5,1,231.93,3.21,0.7445,34.88,3.09,0.1078,19.56,2.01,0.0393,0.8916,0.2229
34,2026-08-01 08:30:00,2026-08-01,08:30,8.5,5,1,234.89,3.18,0.747,34.95,4.59,0.1604,22.64,3.17,0.0718,0.9792,0.2448
35,2026-08-01 08:45:00,2026-08-01,08:45,8.75,5,1,235.11,2.45,0.576,35.26,2.4,0.0846,20.34,2.48,0.0504,0.711,0.1777
36,2026-08-01 09:00:00,2026-08-01,09:00,9.0,5,1,238.06,1.23,0.2928,35.34,2.12,0.0749,22.61,2.65,0.0599,0.4276,0.1069
37,2026-08-01 09:15:00,2026-08-01,09:15,9.25,5,1,231.91,1.9,0.4406,35.51,2.74,0.0973,22.99,3.03,0.0697,0.6076,0.1519
38,2026-08-01 09:30:00,2026-08-01,09:30,9.5,5,1,237.64,2.73,0.6488,33.56,3.43,0.1151,23.43,2.68,0.0628,0.8267,0.2067
39,2026-08-01 09:45:00,2026-08-01,09:45,9.75,5,1,233.51,2.52,0.5885,36.14,3.02,0.1091,22.95,3.32,0.0762,0.7738,0.1935
40,2026-08-01 10:00:00,2026-08-01,10:00,10.0,5,1,236.82,2.35,0.5565,34.76,4.41,0.1533,28.98,4.88,0.1414,0.8512,0.2128
41,2026-08-01 10:15:00,2026-08-01,10:15,10.25,5,1,232.68,2.86,0.6655,35.55,4.54,0.1614,25.22,5.06,0.1276,0.9545,0.2386
42,2026-08-01 10:30:00,2026-08-01,10:30,10.5,5,1,227.62,1.18,0.2686,36.29,4.08,0.1481,26.42,5.72,0.1511,0.5678,0.1419
43,2026-08-01 10:45:00,2026-08-01,10:45,10.75,5,1,233.58,2.83,0.661,35.7,5.66,0.2021,24.81,5.2,0.129,0.9921,0.248
44,2026-08-01 11:00:00,2026-08-01,11:00,11.0,5,1,233.59,1.35,0.3154,37.23,5.24,0.1951,27.19,6.08,0.1653,0.6758,0.1689
45,2026-08-01 11:15:00,2026-08-01,11:15,11.25,5,1,230.88,3.23,0.7457,35.89,5.64,0.2024,27.63,5.2,0.1437,1.0918,0.273
46,2026-08-01 11:30:00,2026-08-01,11:30,11.5,5,1,232.61,1.36,0.3164,37.18,6.35,0.2361,26.08,5.92,0.1544,0.7069,0.1767
47,2026-08-01 11:45:00,2026-08-01,11:45,11.75,5,1,233.4,2.27,0.5298,38.26,5.62,0.215,26.1,4.91,0.1282,0.873,0.2182
48,2026-08-01 12:00:00,2026-08-01,12:00,12.0,5,1,232.66,1.79,0.4165,38.78,5.74,0.2226,26.62,5.23,0.1392,0.7783,0.1946
49,2026-08-01 12:15:00,2026-08-01,12:15,12.25,5,1,234.53,2.3,0.5394,38.32,6.59,0.2525,26.37,4.53,0.1195,0.9114,0.2278
50,2026-08-01 12:30:00,2026-08-01,12:30,12.5,5,1,232.98,1.67,0.3891,37.56,6.05,0.2272,26.06,3.12,0.0813,0.6976,0.1744
51,2026-08-01 12:45:00,2026-08-01,12:45,12.75,5,1,230.05,2.62,0.6027,37.87,5.8,0.2197,25.62,4.22,0.1081,0.9305,0.2326
52,2026-08-01 13:00:00,2026-08-01,13:00,13.0,5,1,232.2,1.4,0.3251,37.71,5.1,0.1923,21.9,3.35,0.0734,0.5908,0.1477
53,2026-08-01 13:15:00,2026-08-01,13:15,13.25,5,1,230.87,1.38,0.3186,36.81,4.96,0.1826,21.64,3.2,0.0693,0.5705,0.1426
54,2026-08-01 13:30:00,2026-08-01,13:30,13.5,5,1,229.1,1.06,0.2428,35.72,4.4,0.1572,24.88,4.02,0.1,0.5,0.125
55,2026-08-01 13:45:00,2026-08-01,13:45,13.75,5,1,231.24,2.13,0.4925,35.21,4.19,0.1475,21.65,2.1,0.0455,0.6855,0.1714
56,2026-08-01 14:00:00,2026-08-01,14:00,14.0,5,1,232.27,3.33,0.7735,35.68,4.14,0.1477,22.14,3.4,0.0753,0.9965,0.2491
57,2026-08-01 14:15:00,2026-08-01,14:15,14.25,5,1,231.17,2.44,0.564,34.95,3.75,0.1311,23.44,3.39,0.0795,0.7746,0.1936
58,2026-08-01 14:30:00,2026-08-01,14:30,14.5,5,1,234.83,1.97,0.4626,36.13,3.69,0.1333,23.83,3.84,0.0915,0.6874,0.1719
59,2026-08-01 14:45:00,2026-08-01,14:45,14.75,5,1,229.68,1.15,0.2641,34.93,3.13,0.1093,20.62,3.2,0.066,0.4394,0.1099
60,2026-08-01 15:00:00,2026-08-01,15:00,15.0,5,1,232.28,2.38,0.5528,34.58,3.7,0.128,19.7,1.45,0.0286,0.7094,0.1774
61,2026-08-01 15:15:00,2026-08-01,15:15,15.25,5,1,229.52,1.73,0.3971,36.35,3.36,0.1221,20.45,2.78,0.0569,0.5761,0.144
62,2026-08-01 15:30:00,2026-08-01,15:30,15.5,5,1,230.18,3.11,0.7159,34.87,3.69,0.1287,17.33,0.81,0.014,0.8586,0.2147
63,2026-08-01 15:45:00,2026-08-01,15:45,15.75,5,1,230.89,3.72,0.8589,34.27,2.56,0.0877,23.35,2.98,0.0696,1.0162,0.254
64,2026-08-01 16:00:00,2026-08-01,16:00,16.0,5,1,232.56,3.46,0.8047,36.02,3.26,0.1174,27.35,4.41,0.1206,1.0427,0.2607
65,2026-08-01 16:15:00,2026-08-01,16:15,16.25,5,1,231.32,3.97,0.9183,36.02,2.58,0.0929,24.02,2.27,0.0545,1.0657,0.2664
66,2026-08-01 16:30:00,2026-08-01,16:30,16.5,5,1,227.24,2.24,0.509,34.5,3.21,0.1108,25.55,5.65,0.1444,0.7642,0.191
67,2026-08-01 16:45:00,2026-08-01,16:45,16.75,5,1,226.69,2.61,0.5917,34.41,2.76,0.095,20.28,3.28,0.0665,0.7532,0.1883
68,2026-08-01 17:00:00,2026-08-01,17:00,17.0,5,1,226.63,4.41,0.9994,34.43,1.77,0.0609,21.34,3.23,0.0689,1.1292,0.2823
69,2026-08-01 17:15:00,2026-08-01,17:15,17.25,5,1,230.51,3.38,0.7791,34.19,1.6,0.0547,22.89,2.84,0.065,0.8988,0.2247
70,2026-08-01 17:30:00,2026-08-01,17:30,17.5,5,1,227.6,3.35,0.7625,34.98,1.49,0.0521,24.63,4.06,0.1,0.9146,0.2286
71,2026-08-01 17:45:00,2026-08-01,17:45,17.75,5,1,228.01,4.72,1.0762,33.63,0.81,0.0272,25.51,3.47,0.0885,1.1919,0.298
72,2026-08-01 18:00:00,2026-08-01,18:00,18.0,5,1,225.5,5.35,1.2064,33.98,0.57,0.0194,30.28,8.71,0.2637,1.4895,0.3724
73,2026-08-01 18:15:00,2026-08-01,18:15,18.25,5,1,230.07,4.39,1.01,31.55,0.0,0.0,29.16,6.09,0.1776,1.1876,0.2969
74,2026-08-01 18:30:00,2026-08-01,18:30,18.5,5,1,226.72,3.79,0.8593,33.35,0.44,0.0147,32.32,7.22,0.2334,1.1074,0.2768
75,2026-08-01 18:45:00,2026-08-01,18:45,18.75,5,1,226.16,5.67,1.2823,0.35,0.0,0.0,32.42,7.93,0.2571,1.5394,0.3849
76,2026-08-01 19:00:00,2026-08-01,19:00,19.0,5,1,230.06,3.74,0.8604,0.46,0.0,0.0,29.18,5.78,0.1687,1.0291,0.2573
77,2026-08-01 19:15:00,2026-08-01,19:15,19.25,5,1,226.52,4.27,0.9672,0.14,0.0,0.0,27.49,7.56,0.2078,1.175,0.2938
78,2026-08-01 19:30:00,2026-08-01,19:30,19.5,5,1,227.95,4.64,1.0577,0.69,0.0,0.0,32.55,8.02,0.2611,1.3188,0.3297
79,2026-08-01 19:45:00,2026-08-01,19:45,19.75,5,1,225.35,4.77,1.0749,0.46,0.0,0.0,36.6,9.15,0.3349,1.4098,0.3524
80,2026-08-01 20:00:00,2026-08-01,20:00,20.0,5,1,225.96,3.98,0.8993,0.34,0.0,0.0,28.93,6.51,0.1883,1.0876,0.2719
81,2026-08-01 20:15:00,2026-08-01,20:15,20.25,5,1,225.22,5.1,1.1486,0.12,0.0,0.0,31.84,5.2,0.1656,1.3142,0.3286
82,2026-08-01 20:30:00,2026-08-01,20:30,20.5,5,1,226.46,4.33,0.9806,0.11,0.0,0.0,34.92,10.18,0.3555,1.3361,0.334
83,2026-08-01 20:45:00,2026-08-01,20:45,20.75,5,1,224.58,4.92,1.1049,0.38,0.0,0.0,34.15,9.38,0.3203,1.4252,0.3563
84,2026-08-01 21:00:00,2026-08-01,21:00,21.0,5,1,226.82,4.54,1.0298,0.14,0.0,0.0,31.41,8.4,0.2638,1.2936,0.3234
85,2026-08-01 21:15:00,2026-08-01,21:15,21.25,5,1,226.88,4.63,1.0505,0.16,0.0,0.0,28.83,6.33,0.1825,1.233,0.3083
86,2026-08-01 21:30:00,2026-08-01,21:30,21.5,5,1,227.31,5.03,1.1434,0.42,0.0,0.0,31.57,8.59,0.2712,1.4146,0.3537
87,2026-08-01 21:45:00,2026-08-01,21:45,21.75,5,1,225.53,2.77,0.6247,0.37,0.0,0.0,26.52,4.06,0.1077,0.7324,0.1831
88,2026-08-01 22:00:00,2026-08-01,22:00,22.0,5,1,223.35,4.09,0.9135,0.72,0.0,0.0,26.97,6.86,0.185,1.0985,0.2746
89,2026-08-01 22:15:00,2026-08-01,22:15,22.25,5,1,227.52,2.92,0.6644,0.11,0.0,0.0,30.07,7.39,0.2222,0.8866,0.2217
90,2026-08-01 22:30:00,2026-08-01,22:30,22.5,5,1,227.83,3.88,0.884,0.63,0.0,0.0,22.46,4.19,0.0941,0.9781,0.2445
91,2026-08-01 22:45:00,2026-08-01,22:45,22.75,5,1,224.51,3.73,0.8374,0.61,0.0,0.0,21.99,3.66,0.0805,0.9179,0.2295
92,2026-08-01 23:00:00,2026-08-01,23:00,23.0,5,1,228.34,3.22,0.7352,0.12,0.0,0.0,24.26,5.14,0.1247,0.8599,0.215
93,2026-08-01 23:15:00,2026-08-01,23:15,23.25,5,1,228.45,3.68,0.8407,0.2,0.0,0.0,26.93,5.71,0.1538,0.9945,0.2486
94,2026-08-01 23:30:00,2026-08-01,23:30,23.5,5,1,226.31,3.82,0.8645,0.32,0.0,0.0,23.78,4.04,0.0961,0.9606,0.2402
95,2026-08-01 23:45:00,2026-08-01,23:45,23.75,5,1,223.98,4.8,1.0751,0.01,0.0,0.0,24.01,3.25,0.078,1.1531,0.2883
96,2026-08-02 00:00:00,2026-08-02,00:00,0.0,6,1,226.41,3.51,0.7947,0.12,0.0,0.0,24.56,4.38,0.1076,0.9023,0.2256
97,2026-08-02 00:15:00,2026-08-02,00:15,0.25,6,1,225.12,2.66,0.5988,0.79,0.0,0.0,22.19,1.87,0.0415,0.6403,0.1601
98,2026-08-02 00:30:00,2026-08-02,00:30,0.5,6,1,225.01,3.4,0.765,0.27,0.0,0.0,15.64,1.3,0.0203,0.7853,0.1963
99,2026-08-02 00:45:00,2026-08-02,00:45,0.75,6,1,226.24,2.74,0.6199,0.59,0.0,0.0,15.7,0.58,0.0091,0.629,0.1573
100,2026-08-02 01:00:00,2026-08-02,01:00,1.0,6,1,224.14,3.68,0.8248,0.14,0.0,0.0,17.43,0.6,0.0105,0.8353,0.2088
101,2026-08-02 01:15:00,2026-08-02,01:15,1.25,6,1,227.48,5.21,1.1852,0.01,0.0,0.0,22.59,4.17,0.0942,1.2794,0.3199
102,2026-08-02 01:30:00,2026-08-02,01:30,1.5,6,1,224.86,3.93,0.8837,0.8,0.0,0.0,27.89,5.84,0.1629,1.0466,0.2616
103,2026-08-02 01:45:00,2026-08-02,01:45,1.75,6,1,226.33,4.3,0.9732,0.16,0.0,0.0,25.97,2.73,0.0709,1.0441,0.261
104,2026-08-02 02:00:00,2026-08-02,02:00,2.0,6,1,228.97,2.41,0.5518,0.35,0.0,0.0,24.5,5.22,0.1279,0.6797,0.1699
105,2026-08-02 02:15:00,2026-08-02,02:15,2.25,6,1,225.9,3.39,0.7658,0.52,0.0,0.0,23.1,3.67,0.0848,0.8506,0.2127
106,2026-08-02 02:30:00,2026-08-02,02:30,2.5,6,1,227.54,3.92,0.892,0.53,0.0,0.0,26.67,5.62,0.1499,1.0419,0.2605
107,2026-08-02 02:45:00,2026-08-02,02:45,2.75,6,1,227.67,3.68,0.8378,0.08,0.0,0.0,30.07,5.9,0.1774,1.0152,0.2538
108,2026-08-02 03:00:00,2026-08-02,03:00,3.0,6,1,227.33,4.77,1.0844,0.32,0.0,0.0,26.66,5.25,0.14,1.2244,0.3061
109,2026-08-02 03:15:00,2026-08-02,03:15,3.25,6,1,226.48,4.87,1.103,0.34,0.0,0.0,24.94,4.65,0.116,1.219,0.3048
110,2026-08-02 03:30:00,2026-08-02,03:30,3.5,6,1,229.55,3.45,0.792,0.21,0.0,0.0,29.26,4.25,0.1244,0.9164,0.2291
111,2026-08-02 03:45:00,2026-08-02,03:45,3.75,6,1,230.38,4.84,1.115,0.61,0.0,0.0,31.88,7.24,0.2308,1.3458,0.3365
112,2026-08-02 04:00:00,2026-08-02,04:00,4.0,6,1,226.87,5.64,1.2795,0.02,0.0,0.0,30.21,7.22,0.2181,1.4976,0.3744
113,2026-08-02 04:15:00,2026-08-02,04:15,4.25,6,1,228.97,4.81,1.1013,0.79,0.0,0.0,29.87,7.67,0.2291,1.3304,0.3326
114,2026-08-02 04:30:00,2026-08-02,04:30,4.5,6,1,224.86,5.05,1.1355,0.44,0.0,0.0,35.24,9.37,0.3302,1.4657,0.3664
115,2026-08-02 04:45:00,2026-08-02,04:45,4.75,6,1,229.74,5.79,1.3302,0.14,0.0,0.0,34.47,9.69,0.334,1.6642,0.416
116,2026-08-02 05:00:00,2026-08-02,05:00,5.0,6,1,228.83,2.91,0.6659,0.04,0.0,0.0,32.33,8.6,0.278,0.9439,0.236
117,2026-08-02 05:15:00,2026-08-02,05:15,5.25,6,1,226.96,4.07,0.9237,0.23,0.0,0.0,29.37,5.27,0.1548,1.0785,0.2696
118,2026-08-02 05:30:00,2026-08-02,05:30,5.5,6,1,229.54,3.19,0.7322,0.38,0.0,0.0,32.43,7.48,0.2426,0.9748,0.2437
119,2026-08-02 05:45:00,2026-08-02,05:45,5.75,6,1,229.95,3.92,0.9014,0.4,0.0,0.0,28.47,7.75,0.2206,1.122,0.2805
120,2026-08-02 06:00:00,2026-08-02,06:00,6.0,6,1,228.25,4.38,0.9997,32.14,0.0,0.0,34.64,8.29,0.2872,1.2869,0.3217
121,2026-08-02 06:15:00,2026-08-02,06:15,6.25,6,1,228.36,4.45,1.0162,33.07,0.13,0.0043,28.8,8.05,0.2318,1.2523,0.3131
122,2026-08-02 06:30:00,2026-08-02,06:30,6.5,6,1,226.9,3.81,0.8645,34.15,1.42,0.0485,30.35,7.48,0.227,1.14,0.285
123,2026-08-02 06:45:00,2026-08-02,06:45,6.75,6,1,231.38,3.52,0.8145,34.52,1.35,0.0466,27.09,5.07,0.1373,0.9984,0.2496
124,2026-08-02 07:00:00,2026-08-02,07:00,7.0,6,1,230.47,3.55,0.8182,35.71,2.9,0.1036,24.97,3.05,0.0762,0.998,0.2495
125,2026-08-02 07:15:00,2026-08-02,07:15,7.25,6,1,230.77,2.83,0.6531,36.7,3.72,0.1365,25.1,3.09,0.0776,0.8672,0.2168
126,2026-08-02 07:30:00,2026-08-02,07:30,7.5,6,1,228.9,4.14,0.9476,37.31,4.98,0.1858,20.09,2.1,0.0422,1.1756,0.2939
127,2026-08-02 07:45:00,2026-08-02,07:45,7.75,6,1,230.35,4.12,0.949,37.06,5.62,0.2083,18.6,0.93,0.0173,1.1746,0.2937
128,2026-08-02 08:00:00,2026-08-02,08:00,8.0,6,1,227.44,1.88,0.4276,37.92,7.33,0.2779,19.99,1.84,0.0368,0.7423,0.1856
129,2026-08-02 08:15:00,2026-08-02,08:15,8.25,6,1,228.77,1.61,0.3683,38.62,7.42,0.2866,23.21,3.16,0.0733,0.7282,0.182
130,2026-08-02 08:30:00,2026-08-02,08:30,8.5,6,1,235.02,2.35,0.5523,41.41,9.7,0.4017,17.59,0.43,0.0076,0.9616,0.2404
131,2026-08-02 08:45:00,2026-08-02,08:45,8.75,6,1,229.98,3.06,0.7037,40.74,9.44,0.3846,20.11,1.54,0.031,1.1193,0.2798
132,2026-08-02 09:00:00,2026-08-02,09:00,9.0,6,1,232.68,3.27,0.7609,42.12,10.13,0.4267,18.24,2.94,0.0536,1.2412,0.3103
133,2026-08-02 09:15:00,2026-08-02,09:15,9.25,6,1,233.12,1.82,0.4243,42.4,10.58,0.4486,24.13,4.34,0.1047,0.9776,0.2444
134,2026-08-02 09:30:00,2026-08-02,09:30,9.5,6,1,230.09,2.36,0.543,41.1,10.38,0.4266,23.93,3.97,0.095,1.0646,0.2661
135,2026-08-02 09:45:00,2026-08-02,09:45,9.75,6,1,231.79,2.65,0.6142,41.71,9.33,0.3891,21.87,2.39,0.0523,1.0556,0.2639
136,2026-08-02 10:00:00,2026-08-02,10:00,10.0,6,1,234.36,1.27,0.2976,41.17,11.22,0.4619,25.33,4.98,0.1261,0.8856,0.2214
137,2026-08-02 10:15:00,2026-08-02,10:15,10.25,6,1,232.91,2.26,0.5264,42.88,11.06,0.4743,29.36,6.91,0.2029,1.2036,0.3009
138,2026-08-02 10:30:00,2026-08-02,10:30,10.5,6,1,231.15,2.23,0.5155,41.81,10.18,0.4256,25.11,4.45,0.1117,1.0528,0.2632
139,2026-08-02 10:45:00,2026-08-02,10:45,10.75,6,1,233.19,1.67,0.3894,41.93,10.82,0.4537,23.35,3.66,0.0855,0.9286,0.2321
140,2026-08-02 11:00:00,2026-08-02,11:00,11.0,6,1,233.98,1.0,0.234,43.02,10.41,0.4478,30.03,7.48,0.2246,0.9064,0.2266
141,2026-08-02 11:15:00,2026-08-02,11:15,11.25,6,1,232.86,2.58,0.6008,40.69,10.41,0.4236,32.24,7.88,0.254,1.2784,0.3196
142,2026-08-02 11:30:00,2026-08-02,11:30,11.5,6,1,232.26,1.83,0.425,40.56,10.97,0.4449,31.1,7.59,0.2361,1.106,0.2765
143,2026-08-02 11:45:00,2026-08-02,11:45,11.75,6,1,232.1,1.61,0.3737,40.69,11.19,0.4553,35.48,10.37,0.3679,1.1969,0.2992
144,2026-08-02 12:00:00,2026-08-02,12:00,12.0,6,1,230.96,1.58,0.3649,43.29,11.78,0.51,40.48,11.17,0.4522,1.3271,0.3318
145,2026-08-02 12:15:00,2026-08-02,12:15,12.25,6,1,231.23,1.65,0.3815,43.82,11.25,0.493,42.89,12.61,0.5408,1.4153,0.3538
146,2026-08-02 12:30:00,2026-08-02,12:30,12.5,6,1,232.12,1.29,0.2994,43.97,12.37,0.5439,39.86,12.28,0.4895,1.3328,0.3332
147,2026-08-02 12:45:00,2026-08-02,12:45,12.75,6,1,233.45,2.0,0.4669,44.3,13.44,0.5954,40.68,12.27,0.4991,1.5614,0.3903
148,2026-08-02 13:00:00,2026-08-02,13:00,13.0,6,1,231.89,2.1,0.487,45.97,13.85,0.6367,34.37,9.31,0.32,1.4437,0.3609
149,2026-08-02 13:15:00,2026-08-02,13:15,13.25,6,1,232.31,1.0,0.2323,45.07,13.6,0.6129,36.16,11.23,0.4061,1.2513,0.3128
150,2026-08-02 13:30:00,2026-08-02,13:30,13.5,6,1,232.61,2.74,0.6373,45.26,14.12,0.6391,36.53,12.02,0.4391,1.7155,0.4289
151,2026-08-02 13:45:00,2026-08-02,13:45,13.75,6,1,232.92,2.86,0.6662,44.54,14.25,0.6347,39.22,11.13,0.4365,1.7374,0.4344
152,2026-08-02 14:00:00,2026-08-02,14:00,14.0,6,1,233.4,1.97,0.4598,47.04,13.74,0.6463,40.9,10.7,0.4376,1.5437,0.3859
153,2026-08-02 14:15:00,2026-08-02,14:15,14.25,6,1,233.98,2.19,0.5124,44.52,13.11,0.5837,33.6,7.93,0.2664,1.3625,0.3406
154,2026-08-02 14:30:00,2026-08-02,14:30,14.5,6,1,235.73,2.94,0.693,43.48,12.22,0.5313,34.94,10.91,0.3812,1.6055,0.4014
155,2026-08-02 14:45:00,2026-08-02,14:45,14.75,6,1,234.62,2.91,0.6827,43.54,11.24,0.4894,37.76,11.24,0.4244,1.5965,0.3991
156,2026-08-02 15:00:00,2026-08-02,15:00,15.0,6,1,233.64,3.7,0.8645,42.35,11.61,0.4917,31.18,6.75,0.2105,1.5667,0.3917
157,2026-08-02 15:15:00,2026-08-02,15:15,15.25,6,1,233.05,3.36,0.783,41.93,10.94,0.4587,29.38,7.6,0.2233,1.465,0.3663
158,2026-08-02 15:30:00,2026-08-02,15:30,15.5,6,1,231.97,3.47,0.8049,39.63,8.52,0.3376,33.3,9.16,0.305,1.4475,0.3619
159,2026-08-02 15:45:00,2026-08-02,15:45,15.75,6,1,235.55,1.92,0.4523,38.38,6.66,0.2556,35.28,10.64,0.3754,1.0833,0.2708
160,2026-08-02 16:00:00,2026-08-02,16:00,16.0,6,1,231.02,2.97,0.6861,38.9,6.65,0.2587,27.09,7.04,0.1907,1.1355,0.2839
161,2026-08-02 16:15:00,2026-08-02,16:15,16.25,6,1,235.32,3.8,0.8942,36.98,5.96,0.2204,22.29,4.05,0.0903,1.2049,0.3012
162,2026-08-02 16:30:00,2026-08-02,16:30,16.5,6,1,233.6,4.41,1.0302,35.11,5.25,0.1843,20.31,2.16,0.0439,1.2584,0.3146
163,2026-08-02 16:45:00,2026-08-02,16:45,16.75,6,1,233.67,4.37,1.0211,35.34,5.1,0.1802,18.89,2.18,0.0412,1.2425,0.3106
164,2026-08-02 17:00:00,2026-08-02,17:00,17.0,6,1,229.99,4.12,0.9476,35.63,4.64,0.1653,23.66,4.1,0.097,1.2099,0.3025
165,2026-08-02 17:15:00,2026-08-02,17:15,17.25,6,1,234.63,4.66,1.0934,36.32,4.11,0.1493,22.6,3.82,0.0863,1.329,0.3322
166,2026-08-02 17:30:00,2026-08-02,17:30,17.5,6,1,233.06,4.45,1.0371,34.56,2.68,0.0926,21.81,3.19,0.0696,1.1993,0.2998
167,2026-08-02 17:45:00,2026-08-02,17:45,17.75,6,1,231.66,4.16,0.9637,34.6,2.06,0.0713,22.89,3.59,0.0822,1.1172,0.2793
168,2026-08-02 18:00:00,2026-08-02,18:00,18.0,6,1,233.18,5.15,1.2009,31.9,3.13,0.0998,20.29,1.31,0.0266,1.3273,0.3318
169,2026-08-02 18:15:00,2026-08-02,18:15,18.25,6,1,234.47,4.67,1.095,32.31,1.41,0.0456,24.02,3.08,0.074,1.2146,0.3036
170,2026-08-02 18:30:00,2026-08-02,18:30,18.5,6,1,233.14,5.95,1.3872,32.77,0.15,0.0049,23.38,3.72,0.087,1.4791,0.3698
171,2026-08-02 18:45:00,2026-08-02,18:45,18.75,6,1,233.88,3.85,0.9004,0.53,0.0,0.0,30.95,5.72,0.177,1.0774,0.2693
172,2026-08-02 19:00:00,2026-08-02,19:00,19.0,6,1,233.48,4.12,0.9619,0.8,0.0,0.0,31.51,8.01,0.2524,1.2143,0.3036
173,2026-08-02 19:15:00,2026-08-02,19:15,19.25,6,1,235.38,5.08,1.1957,0.32,0.0,0.0,32.28,6.59,0.2127,1.4084,0.3521
174,2026-08-02 19:30:00,2026-08-02,19:30,19.5,6,1,233.73,5.19,1.2131,0.64,0.0,0.0,36.0,10.1,0.3636,1.5767,0.3942
175,2026-08-02 19:45:00,2026-08-02,19:45,19.75,6,1,230.65,3.8,0.8765,0.56,0.0,0.0,25.09,3.78,0.0948,0.9713,0.2428
176,2026-08-02 20:00:00,2026-08-02,20:00,20.0,6,1,231.19,3.76,0.8693,0.18,0.0,0.0,34.48,10.19,0.3513,1.2206,0.3051
177,2026-08-02 20:15:00,2026-08-02,20:15,20.25,6,1,234.94,3.08,0.7236,0.69,0.0,0.0,30.54,10.03,0.3063,1.0299,0.2575
178,2026-08-02 20:30:00,2026-08-02,20:30,20.5,6,1,229.5,3.46,0.7941,0.46,0.0,0.0,46.87,15.21,0.7129,1.507,0.3767
179,2026-08-02 20:45:00,2026-08-02,20:45,20.75,6,1,232.86,4.38,1.0199,0.74,0.0,0.0,39.94,12.09,0.4829,1.5028,0.3757
180,2026-08-02 21:00:00,2026-08-02,21:00,21.0,6,1,228.6,4.41,1.0081,0.23,0.0,0.0,43.66,12.86,0.5615,1.5696,0.3924
181,2026-08-02 21:15:00,2026-08-02,21:15,21.25,6,1,232.18,5.46,1.2677,0.22,0.0,0.0,43.33,13.93,0.6036,1.8713,0.4678
182,2026-08-02 21:30:00,2026-08-02,21:30,21.5,6,1,232.27,3.62,0.8408,0.15,0.0,0.0,46.27,14.9,0.6894,1.5302,0.3826
183,2026-08-02 21:45:00,2026-08-02,21:45,21.75,6,1,229.4,5.17,1.186,0.44,0.0,0.0,42.12,12.56,0.529,1.715,0.4288
184,2026-08-02 22:00:00,2026-08-02,22:00,22.0,6,1,231.11,4.46,1.0308,0.66,0.0,0.0,41.6,12.69,0.5279,1.5587,0.3897
185,2026-08-02 22:15:00,2026-08-02,22:15,22.25,6,1,228.36,4.76,1.087,0.72,0.0,0.0,39.25,11.79,0.4628,1.5498,0.3875
186,2026-08-02 22:30:00,2026-08-02,22:30,22.5,6,1,229.2,4.44,1.0176,0.66,0.0,0.0,45.01,14.94,0.6724,1.69,0.4225
187,2026-08-02 22:45:00,2026-08-02,22:45,22.75,6,1,228.89,5.23,1.1971,0.13,0.0,0.0,36.06,9.77,0.3523,1.5494,0.3874
188,2026-08-02 23:00:00,2026-08-02,23:00,23.0,6,1,229.77,3.44,0.7904,0.02,0.0,0.0,46.48,13.15,0.6112,1.4016,0.3504
189,2026-08-02 23:15:00,2026-08-02,23:15,23.25,6,1,230.38,4.41,1.016,0.4,0.0,0.0,29.89,8.31,0.2484,1.2644,0.3161
190,2026-08-02 23:30:00,2026-08-02,23:30,23.5,6,1,232.72,2.85,0.6633,0.55,0.0,0.0,37.1,9.75,0.3617,1.025,0.2562
191,2026-08-02 23:45:00,2026-08-02,23:45,23.75,6,1,230.51,2.32,0.5348,0.28,0.0,0.0,31.8,7.31,0.2325,0.7673,0.1918
192,2026-08-03 00:00:00,2026-08-03,00:00,0.0,0,0,229.72,2.11,0.4847,0.7,0.0,0.0,34.25,7.05,0.2415,0.7262,0.1815
193,2026-08-03 00:15:00,2026-08-03,00:15,0.25,0,0,226.89,3.84,0.8713,0.58,0.0,0.0,34.75,9.63,0.3346,1.2059,0.3015
194,2026-08-03 00:30:00,2026-08-03,00:30,0.5,0,0,229.92,3.55,0.8162,0.14,0.0,0.0,24.55,3.3,0.081,0.8972,0.2243
195,2026-08-03 00:45:00,2026-08-03,00:45,0.75,0,0,228.87,4.75,1.0871,0.28,0.0,0.0,26.25,4.78,0.1255,1.2126,0.3031
196,2026-08-03 01:00:00,2026-08-03,01:00,1.0,0,0,226.57,3.56,0.8066,0.79,0.0,0.0,26.09,4.56,0.119,0.9256,0.2314
197,2026-08-03 01:15:00,2026-08-03,01:15,1.25,0,0,230.56,3.39,0.7816,0.6,0.0,0.0,24.87,4.21,0.1047,0.8863,0.2216
198,2026-08-03 01:30:00,2026-08-03,01:30,1.5,0,0,229.44,4.72,1.083,0.03,0.0,0.0,18.11,1.15,0.0208,1.1038,0.2759
199,2026-08-03 01:45:00,2026-08-03,01:45,1.75,0,0,227.56,4.23,0.9626,0.24,0.0,0.0,23.83,3.22,0.0767,1.0393,0.2598
200,2026-08-03 02:00:00,2026-08-03,02:00,2.0,0,0,228.52,6.02,1.3757,0.74,0.0,0.0,23.17,3.31,0.0767,1.4524,0.3631
201,2026-08-03 02:15:00,2026-08-03,02:15,2.25,0,0,228.49,4.07,0.93,0.7,0.0,0.0,26.88,5.4,0.1452,1.0752,0.2688
202,2026-08-03 02:30:00,2026-08-03,02:30,2.5,0,0,226.3,5.16,1.1677,0.06,0.0,0.0,17.6,0.38,0.0067,1.1744,0.2936
203,2026-08-03 02:45:00,2026-08-03,02:45,2.75,0,0,229.71,4.57,1.0498,0.66,0.0,0.0,23.62,4.27,0.1009,1.1507,0.2877
204,2026-08-03 03:00:00,2026-08-03,03:00,3.0,0,0,229.7,4.99,1.1462,0.14,0.0,0.0,17.58,0.52,0.0091,1.1553,0.2888
205,2026-08-03 03:15:00,2026-08-03,03:15,3.25,0,0,225.28,5.0,1.1264,0.35,0.0,0.0,25.14,3.29,0.0827,1.2091,0.3023
206,2026-08-03 03:30:00,2026-08-03,03:30,3.5,0,0,225.24,4.58,1.0316,0.51,0.0,0.0,26.65,5.43,0.1447,1.1763,0.2941
207,2026-08-03 03:45:00,2026-08-03,03:45,3.75,0,0,227.56,4.21,0.958,0.8,0.0,0.0,27.51,5.39,0.1483,1.1063,0.2766
208,2026-08-03 04:00:00,2026-08-03,04:00,4.0,0,0,225.58,4.49,1.0129,0.55,0.0,0.0,28.34,5.6,0.1587,1.1716,0.2929
209,2026-08-03 04:15:00,2026-08-03,04:15,4.25,0,0,228.22,5.04,1.1502,0.34,0.0,0.0,38.07,11.56,0.4401,1.5903,0.3976
210,2026-08-03 04:30:00,2026-08-03,04:30,4.5,0,0,224.38,3.4,0.7629,0.66,0.0,0.0,36.88,9.83,0.3625,1.1254,0.2813
211,2026-08-03 04:45:00,2026-08-03,04:45,4.75,0,0,226.08,4.35,0.9835,0.21,0.0,0.0,33.51,9.2,0.3083,1.2918,0.323
212,2026-08-03 05:00:00,2026-08-03,05:00,5.0,0,0,223.65,4.69,1.0489,0.01,0.0,0.0,31.9,6.68,0.2131,1.262,0.3155
213,2026-08-03 05:15:00,2026-08-03,05:15,5.25,0,0,229.95,3.66,0.8416,0.26,0.0,0.0,36.99,11.48,0.4246,1.2662,0.3165
214,2026-08-03 05:30:00,2026-08-03,05:30,5.5,0,0,223.7,3.28,0.7337,0.37,0.0,0.0,40.07,12.44,0.4985,1.2322,0.308
215,2026-08-03 05:45:00,2026-08-03,05:45,5.75,0,0,224.1,3.2,0.7171,0.67,0.0,0.0,40.78,10.59,0.4319,1.149,0.2873
216,2026-08-03 06:00:00,2026-08-03,06:00,6.0,0,0,227.41,4.42,1.0051,33.04,0.78,0.0258,39.92,12.52,0.4998,1.5307,0.3827
217,2026-08-03 06:15:00,2026-08-03,06:15,6.25,0,0,224.82,5.51,1.2388,32.99,0.74,0.0244,40.43,12.27,0.4961,1.7593,0.4398
218,2026-08-03 06:30:00,2026-08-03,06:30,6.5,0,0,228.18,3.51,0.8009,32.86,2.04,0.067,46.86,15.4,0.7216,1.5895,0.3974
219,2026-08-03 06:45:00,2026-08-03,06:45,6.75,0,0,224.64,2.85,0.6402,35.62,2.38,0.0848,42.18,12.46,0.5256,1.2506,0.3126
220,2026-08-03 07:00:00,2026-08-03,07:00,7.0,0,0,226.82,5.22,1.184,34.54,3.66,0.1264,41.86,13.51,0.5655,1.8759,0.469
221,2026-08-03 07:15:00,2026-08-03,07:15,7.25,0,0,226.92,3.94,0.8941,36.45,3.58,0.1305,36.01,9.31,0.3352,1.3598,0.3399
222,2026-08-03 07:30:00,2026-08-03,07:30,7.5,0,0,229.72,2.64,0.6065,35.89,4.13,0.1482,42.06,12.89,0.5422,1.2969,0.3242
223,2026-08-03 07:45:00,2026-08-03,07:45,7.75,0,0,225.0,3.15,0.7087,36.73,4.6,0.169,45.91,14.91,0.6845,1.5622,0.3906
224,2026-08-03 08:00:00,2026-08-03,08:00,8.0,0,0,227.28,12.32,2.8001,37.1,4.54,0.1684,38.22,11.03,0.4216,3.3901,0.8475
225,2026-08-03 08:15:00,2026-08-03,08:15,8.25,0,0,227.18,12.62,2.867,37.46,5.86,0.2195,43.2,14.84,0.6411,3.7276,0.9319
226,2026-08-03 08:30:00,2026-08-03,08:30,8.5,0,0,227.2,10.77,2.4469,38.61,6.49,0.2506,40.4,11.56,0.467,3.1645,0.7911
227,2026-08-03 08:45:00,2026-08-03,08:45,8.75,0,0,224.04,12.1,2.7109,38.0,6.71,0.255,37.0,9.61,0.3556,3.3215,0.8304
228,2026-08-03 09:00:00,2026-08-03,09:00,9.0,0,0,220.67,12.8,2.8246,40.42,7.52,0.304,30.29,6.57,0.199,3.3276,0.8319
229,2026-08-03 09:15:00,2026-08-03,09:15,9.25,0,0,224.07,12.64,2.8322,40.68,8.3,0.3376,28.22,5.38,0.1518,3.3216,0.8304
230,2026-08-03 09:30:00,2026-08-03,09:30,9.5,0,0,226.11,12.67,2.8648,41.48,10.22,0.4239,19.56,1.88,0.0368,3.3255,0.8314
231,2026-08-03 09:45:00,2026-08-03,09:45,9.75,0,0,225.37,12.79,2.8825,44.34,10.51,0.466,28.91,6.66,0.1925,3.541,0.8852
232,2026-08-03 10:00:00,2026-08-03,10:00,10.0,0,0,226.92,14.24,3.2313,44.08,12.1,0.5334,27.75,5.63,0.1562,3.9209,0.9802
233,2026-08-03 10:15:00,2026-08-03,10:15,10.25,0,0,223.32,13.48,3.0103,43.79,13.08,0.5728,28.36,6.93,0.1965,3.7796,0.9449
234,2026-08-03 10:30:00,2026-08-03,10:30,10.5,0,0,221.4,13.66,3.0243,44.32,12.58,0.5575,23.04,4.45,0.1025,3.6843,0.9211
235,2026-08-03 10:45:00,2026-08-03,10:45,10.75,0,0,224.72,13.26,2.9798,46.93,14.71,0.6903,25.42,4.21,0.107,3.7771,0.9443
236,2026-08-03 11:00:00,2026-08-03,11:00,11.0,0,0,223.06,14.91,3.3258,47.28,15.21,0.7191,19.74,2.59,0.0511,4.096,1.024
237,2026-08-03 11:15:00,2026-08-03,11:15,11.25,0,0,220.69,14.53,3.2066,45.75,14.3,0.6542,18.12,0.42,0.0076,3.8684,0.9671
238,2026-08-03 11:30:00,2026-08-03,11:30,11.5,0,0,221.92,12.43,2.7585,45.7,15.27,0.6978,30.72,7.17,0.2203,3.6766,0.9192
239,2026-08-03 11:45:00,2026-08-03,11:45,11.75,0,0,225.03,13.87,3.1212,45.61,14.4,0.6568,30.21,6.95,0.21,3.988,0.997
240,2026-08-03 12:00:00,2026-08-03,12:00,12.0,0,0,222.77,14.1,3.1411,44.67,13.66,0.6102,29.21,7.89,0.2305,3.9818,0.9954
241,2026-08-03 12:15:00,2026-08-03,12:15,12.25,0,0,224.04,14.76,3.3068,43.63,11.61,0.5065,32.36,7.47,0.2417,4.055,1.0137
242,2026-08-03 12:30:00,2026-08-03,12:30,12.5,0,0,224.82,15.22,3.4218,42.32,11.86,0.5019,31.21,8.42,0.2628,4.1865,1.0466
243,2026-08-03 12:45:00,2026-08-03,12:45,12.75,0,0,222.44,15.25,3.3922,42.9,10.65,0.4569,35.22,9.43,0.3321,4.1812,1.0453
244,2026-08-03 13:00:00,2026-08-03,13:00,13.0,0,0,225.43,15.77,3.555,41.56,10.91,0.4534,35.57,9.35,0.3326,4.341,1.0853
245,2026-08-03 13:15:00,2026-08-03,13:15,13.25,0,0,224.59,14.41,3.2363,42.01,9.89,0.4155,22.45,3.47,0.0779,3.7297,0.9324
246,2026-08-03 13:30:00,2026-08-03,13:30,13.5,0,0,221.19,14.29,3.1608,42.15,11.15,0.47,35.79,10.08,0.3608,3.9916,0.9979
247,2026-08-03 13:45:00,2026-08-03,13:45,13.75,0,0,228.12,14.54,3.3169,40.87,9.73,0.3977,34.27,9.91,0.3396,4.0542,1.0135
248,2026-08-03 14:00:00,2026-08-03,14:00,14.0,0,0,226.42,14.79,3.3487,41.26,9.17,0.3784,43.71,13.61,0.5949,4.322,1.0805
249,2026-08-03 14:15:00,2026-08-03,14:15,14.25,0,0,231.78,15.13,3.5068,40.97,9.82,0.4023,46.14,13.94,0.6432,4.5523,1.1381
250,2026-08-03 14:30:00,2026-08-03,14:30,14.5,0,0,227.89,14.39,3.2793,43.19,10.7,0.4621,42.02,12.12,0.5093,4.2507,1.0627
251,2026-08-03 14:45:00,2026-08-03,14:45,14.75,0,0,227.97,15.12,3.4469,41.12,9.95,0.4091,45.6,14.56,0.6639,4.5199,1.13
252,2026-08-03 15:00:00,2026-08-03,15:00,15.0,0,0,224.92,14.98,3.3693,43.48,9.77,0.4248,45.7,13.77,0.6293,4.4234,1.1058
253,2026-08-03 15:15:00,2026-08-03,15:15,15.25,0,0,227.65,13.83,3.1484,42.09,10.12,0.4259,47.42,16.0,0.7587,4.333,1.0833
254,2026-08-03 15:30:00,2026-08-03,15:30,15.5,0,0,228.08,14.67,3.3459,41.66,9.79,0.4079,45.17,14.67,0.6626,4.4164,1.1041
255,2026-08-03 15:45:00,2026-08-03,15:45,15.75,0,0,229.6,13.6,3.1226,42.0,10.19,0.428,40.51,12.98,0.5258,4.0764,1.0191
256,2026-08-03 16:00:00,2026-08-03,16:00,16.0,0,0,229.76,14.13,3.2465,39.71,8.66,0.3439,46.66,14.66,0.684,4.2744,1.0686
257,2026-08-03 16:15:00,2026-08-03,16:15,16.25,0,0,226.96,13.7,3.1094,39.02,8.94,0.3488,41.79,12.92,0.5399,3.9981,0.9995
258,2026-08-03 16:30:00,2026-08-03,16:30,16.5,0,0,229.61,13.49,3.0974,39.21,7.21,0.2827,36.81,9.37,0.3449,3.725,0.9313
259,2026-08-03 16:45:00,2026-08-03,16:45,16.75,0,0,230.13,13.27,3.0538,38.1,6.37,0.2427,38.47,10.45,0.402,3.6985,0.9246
260,2026-08-03 17:00:00,2026-08-03,17:00,17.0,0,0,229.75,12.45,2.8604,37.05,6.16,0.2282,31.94,8.57,0.2737,3.3623,0.8406
261,2026-08-03 17:15:00,2026-08-03,17:15,17.25,0,0,228.68,13.42,3.0689,36.36,4.48,0.1629,40.88,11.89,0.4861,3.7179,0.9295
262,2026-08-03 17:30:00,2026-08-03,17:30,17.5,0,0,229.75,14.28,3.2808,34.93,2.69,0.094,38.37,9.8,0.376,3.7508,0.9377
263,2026-08-03 17:45:00,2026-08-03,17:45,17.75,0,0,230.23,12.35,2.8433,34.09,2.44,0.0832,33.41,7.91,0.2643,3.1908,0.7977
264,2026-08-03 18:00:00,2026-08-03,18:00,18.0,0,0,229.79,12.3,2.8264,33.97,1.75,0.0595,27.02,4.47,0.1208,3.0067,0.7517
265,2026-08-03 18:15:00,2026-08-03,18:15,18.25,0,0,233.98,12.5,2.9247,34.13,0.58,0.0198,26.66,5.09,0.1357,3.0802,0.7701
266,2026-08-03 18:30:00,2026-08-03,18:30,18.5,0,0,234.12,10.87,2.5449,31.16,0.0,0.0,33.1,7.36,0.2436,2.7885,0.6971
267,2026-08-03 18:45:00,2026-08-03,18:45,18.75,0,0,232.52,11.8,2.7437,0.05,0.0,0.0,31.17,7.98,0.2487,2.9924,0.7481
268,2026-08-03 19:00:00,2026-08-03,19:00,19.0,0,0,233.44,11.95,2.7896,0.66,0.0,0.0,26.61,3.02,0.0804,2.87,0.7175
269,2026-08-03 19:15:00,2026-08-03,19:15,19.25,0,0,234.31,4.22,0.9888,0.62,0.0,0.0,18.56,0.88,0.0163,1.0051,0.2513
270,2026-08-03 19:30:00,2026-08-03,19:30,19.5,0,0,237.0,3.92,0.929,0.51,0.0,0.0,31.81,7.41,0.2357,1.1647,0.2912
271,2026-08-03 19:45:00,2026-08-03,19:45,19.75,0,0,230.45,4.53,1.0439,0.39,0.0,0.0,20.25,1.93,0.0391,1.083,0.2707
272,2026-08-03 20:00:00,2026-08-03,20:00,20.0,0,0,236.1,5.11,1.2065,0.41,0.0,0.0,21.3,2.05,0.0437,1.2502,0.3125
273,2026-08-03 20:15:00,2026-08-03,20:15,20.25,0,0,231.16,4.23,0.9778,0.11,0.0,0.0,24.09,2.88,0.0694,1.0472,0.2618
274,2026-08-03 20:30:00,2026-08-03,20:30,20.5,0,0,234.44,3.74,0.8768,0.22,0.0,0.0,24.11,4.68,0.1128,0.9896,0.2474
275,2026-08-03 20:45:00,2026-08-03,20:45,20.75,0,0,232.35,4.78,1.1106,0.41,0.0,0.0,33.21,8.16,0.271,1.3816,0.3454
276,2026-08-03 21:00:00,2026-08-03,21:00,21.0,0,0,232.37,4.35,1.0108,0.49,0.0,0.0,25.8,5.95,0.1535,1.1643,0.2911
277,2026-08-03 21:15:00,2026-08-03,21:15,21.25,0,0,233.87,5.73,1.3401,0.79,0.0,0.0,29.1,6.31,0.1836,1.5237,0.3809
278,2026-08-03 21:30:00,2026-08-03,21:30,21.5,0,0,231.41,3.0,0.6942,0.33,0.0,0.0,33.45,7.36,0.2462,0.9404,0.2351
279,2026-08-03 21:45:00,2026-08-03,21:45,21.75,0,0,235.54,3.86,0.9092,0.21,0.0,0.0,34.33,8.59,0.2949,1.2041,0.301
280,2026-08-03 22:00:00,2026-08-03,22:00,22.0,0,0,232.69,4.32,1.0052,0.31,0.0,0.0,24.84,4.66,0.1158,1.121,0.2802
281,2026-08-03 22:15:00,2026-08-03,22:15,22.25,0,0,232.21,3.86,0.8963,0.06,0.0,0.0,38.15,10.53,0.4017,1.298,0.3245
282,2026-08-03 22:30:00,2026-08-03,22:30,22.5,0,0,236.2,4.63,1.0936,0.29,0.0,0.0,38.49,11.51,0.443,1.5366,0.3841
283,2026-08-03 22:45:00,2026-08-03,22:45,22.75,0,0,234.42,4.35,1.0197,0.58,0.0,0.0,41.82,12.26,0.5127,1.5324,0.3831
284,2026-08-03 23:00:00,2026-08-03,23:00,23.0,0,0,230.94,3.08,0.7113,0.39,0.0,0.0,39.45,11.61,0.458,1.1693,0.2923
285,2026-08-03 23:15:00,2026-08-03,23:15,23.25,0,0,232.12,4.27,0.9911,0.52,0.0,0.0,39.57,11.86,0.4693,1.4604,0.3651
286,2026-08-03 23:30:00,2026-08-03,23:30,23.5,0,0,237.26,2.72,0.6453,0.22,0.0,0.0,45.2,15.64,0.7069,1.3522,0.3381
287,2026-08-03 23:45:00,2026-08-03,23:45,23.75,0,0,233.46,3.29,0.7681,0.73,0.0,0.0,43.11,14.04,0.6053,1.3734,0.3433
288,2026-08-04 00:00:00,2026-08-04,00:00,0.0,1,0,230.56,4.02,0.9269,0.48,0.0,0.0,47.35,14.15,0.67,1.5969,0.3992
289,2026-08-04 00:15:00,2026-08-04,00:15,0.25,1,0,233.07,2.58,0.6013,0.71,0.0,0.0,41.58,12.93,0.5376,1.1389,0.2847
290,2026-08-04 00:30:00,2026-08-04,00:30,0.5,1,0,233.83,3.39,0.7927,0.51,0.0,0.0,40.51,11.2,0.4537,1.2464,0.3116
291,2026-08-04 00:45:00,2026-08-04,00:45,0.75,1,0,232.21,4.32,1.0031,0.29,0.0,0.0,48.0,14.52,0.697,1.7001,0.425
292,2026-08-04 01:00:00,2026-08-04,01:00,1.0,1,0,233.5,2.98,0.6958,0.02,0.0,0.0,43.84,13.47,0.5905,1.2863,0.3216
293,2026-08-04 01:15:00,2026-08-04,01:15,1.25,1,0,233.29,3.86,0.9005,0.13,0.0,0.0,36.3,10.87,0.3946,1.2951,0.3238
294,2026-08-04 01:30:00,2026-08-04,01:30,1.5,1,0,233.21,4.21,0.9818,0.71,0.0,0.0,44.23,13.64,0.6033,1.5851,0.3963
295,2026-08-04 01:45:00,2026-08-04,01:45,1.75,1,0,234.08,3.07,0.7186,0.43,0.0,0.0,32.11,7.13,0.2289,0.9475,0.2369
296,2026-08-04 02:00:00,2026-08-04,02:00,2.0,1,0,235.98,4.45,1.0501,0.67,0.0,0.0,26.44,5.0,0.1322,1.1823,0.2956
297,2026-08-04 02:15:00,2026-08-04,02:15,2.25,1,0,231.91,4.26,0.9879,0.22,0.0,0.0,31.23,7.77,0.2427,1.2306,0.3076
298,2026-08-04 02:30:00,2026-08-04,02:30,2.5,1,0,234.62,3.18,0.7461,0.11,0.0,0.0,39.57,10.65,0.4214,1.1675,0.2919
299,2026-08-04 02:45:00,2026-08-04,02:45,2.75,1,0,232.23,5.31,1.2331,0.5,0.0,0.0,37.87,10.29,0.3897,1.6228,0.4057
300,2026-08-04 03:00:00,2026-08-04,03:00,3.0,1,0,232.55,4.2,0.9767,0.43,0.0,0.0,29.74,7.15,0.2126,1.1893,0.2973
301,2026-08-04 03:15:00,2026-08-04,03:15,3.25,1,0,232.62,4.86,1.1305,0.1,0.0,0.0,24.05,4.89,0.1176,1.2481,0.312
302,2026-08-04 03:30:00,2026-08-04,03:30,3.5,1,0,232.06,3.86,0.8958,0.78,0.0,0.0,30.37,6.05,0.1837,1.0795,0.2699
303,2026-08-04 03:45:00,2026-08-04,03:45,3.75,1,0,234.39,4.06,0.9516,0.61,0.0,0.0,21.81,1.27,0.0277,0.9793,0.2448
304,2026-08-04 04:00:00,2026-08-04,04:00,4.0,1,0,236.83,4.51,1.0681,0.69,0.0,0.0,23.91,4.05,0.0968,1.1649,0.2912
305,2026-08-04 04:15:00,2026-08-04,04:15,4.25,1,0,232.93,5.08,1.1833,0.16,0.0,0.0,25.31,3.78,0.0957,1.279,0.3197
306,2026-08-04 04:30:00,2026-08-04,04:30,4.5,1,0,231.34,5.36,1.24,0.41,0.0,0.0,26.71,5.16,0.1378,1.3778,0.3444
307,2026-08-04 04:45:00,2026-08-04,04:45,4.75,1,0,230.7,5.41,1.2481,0.55,0.0,0.0,27.66,5.55,0.1535,1.4016,0.3504
308,2026-08-04 05:00:00,2026-08-04,05:00,5.0,1,0,233.27,4.19,0.9774,0.22,0.0,0.0,29.49,6.79,0.2002,1.1776,0.2944
309,2026-08-04 05:15:00,2026-08-04,05:15,5.25,1,0,231.95,4.05,0.9394,0.6,0.0,0.0,28.36,6.39,0.1812,1.1206,0.2802
310,2026-08-04 05:30:00,2026-08-04,05:30,5.5,1,0,231.88,4.73,1.0968,0.49,0.0,0.0,25.67,5.19,0.1332,1.23,0.3075
311,2026-08-04 05:45:00,2026-08-04,05:45,5.75,1,0,229.29,3.85,0.8828,0.28,0.0,0.0,27.82,5.69,0.1583,1.0411,0.2603
312,2026-08-04 06:00:00,2026-08-04,06:00,6.0,1,0,230.49,4.64,1.0695,31.63,0.0,0.0,36.57,10.04,0.3672,1.4367,0.3592
313,2026-08-04 06:15:00,2026-08-04,06:15,6.25,1,0,230.38,3.98,0.9169,31.72,0.0,0.0,29.44,5.73,0.1687,1.0856,0.2714
314,2026-08-04 06:30:00,2026-08-04,06:30,6.5,1,0,229.75,4.46,1.0247,32.39,0.96,0.0311,26.61,5.36,0.1426,1.1984,0.2996
315,2026-08-04 06:45:00,2026-08-04,06:45,6.75,1,0,229.87,2.68,0.616,33.93,0.58,0.0197,37.1,11.01,0.4085,1.0442,0.2611
316,2026-08-04 07:00:00,2026-08-04,07:00,7.0,1,0,233.57,2.8,0.654,32.82,1.5,0.0492,33.38,8.62,0.2877,0.9909,0.2477
317,2026-08-04 07:15:00,2026-08-04,07:15,7.25,1,0,230.44,3.72,0.8572,34.82,1.23,0.0428,38.54,12.09,0.4659,1.3659,0.3415
318,2026-08-04 07:30:00,2026-08-04,07:30,7.5,1,0,225.94,3.39,0.7659,34.38,1.74,0.0598,37.89,11.36,0.4304,1.2561,0.314
319,2026-08-04 07:45:00,2026-08-04,07:45,7.75,1,0,227.18,2.66,0.6043,35.37,2.45,0.0867,39.39,10.82,0.4262,1.1172,0.2793
320,2026-08-04 08:00:00,2026-08-04,08:00,8.0,1,0,230.7,11.04,2.5469,34.66,3.39,0.1175,42.98,12.82,0.551,3.2154,0.8038
321,2026-08-04 08:15:00,2026-08-04,08:15,8.25,1,0,232.23,12.85,2.9842,33.99,3.46,0.1176,40.42,11.98,0.4842,3.586,0.8965
322,2026-08-04 08:30:00,2026-08-04,08:30,8.5,1,0,226.57,12.74,2.8865,35.42,3.28,0.1162,42.51,13.24,0.5628,3.5655,0.8914
323,2026-08-04 08:45:00,2026-08-04,08:45,8.75,1,0,228.06,10.26,2.3399,35.42,2.85,0.1009,41.8,12.71,0.5313,2.9721,0.743
324,2026-08-04 09:00:00,2026-08-04,09:00,9.0,1,0,226.83,12.26,2.7809,35.17,3.9,0.1372,45.06,12.93,0.5826,3.5007,0.8752
325,2026-08-04 09:15:00,2026-08-04,09:15,9.25,1,0,225.09,13.4,3.0162,36.81,3.32,0.1222,43.3,13.2,0.5716,3.71,0.9275
326,2026-08-04 09:30:00,2026-08-04,09:30,9.5,1,0,226.2,12.0,2.7144,36.77,3.32,0.1221,43.45,13.1,0.5692,3.4057,0.8514
327,2026-08-04 09:45:00,2026-08-04,09:45,9.75,1,0,221.56,11.96,2.6499,35.62,2.94,0.1047,36.27,8.55,0.3101,3.0647,0.7662
328,2026-08-04 10:00:00,2026-08-04,10:00,10.0,1,0,225.35,11.71,2.6388,35.48,3.72,0.132,42.56,14.34,0.6103,3.3811,0.8453
329,2026-08-04 10:15:00,2026-08-04,10:15,10.25,1,0,224.19,14.34,3.2149,35.0,3.82,0.1337,45.22,14.67,0.6634,4.012,1.003
330,2026-08-04 10:30:00,2026-08-04,10:30,10.5,1,0,225.42,13.27,2.9913,33.94,3.98,0.1351,39.62,12.85,0.5091,3.6355,0.9089
331,2026-08-04 10:45:00,2026-08-04,10:45,10.75,1,0,224.73,12.38,2.7822,35.07,3.81,0.1336,33.28,8.49,0.2826,3.1984,0.7996
332,2026-08-04 11:00:00,2026-08-04,11:00,11.0,1,0,226.4,14.07,3.1854,35.47,4.2,0.149,35.54,9.48,0.3369,3.6713,0.9178
333,2026-08-04 11:15:00,2026-08-04,11:15,11.25,1,0,222.09,13.84,3.0737,35.8,4.65,0.1665,27.27,6.18,0.1685,3.4087,0.8522
334,2026-08-04 11:30:00,2026-08-04,11:30,11.5,1,0,223.74,14.19,3.1749,35.53,5.57,0.1979,25.27,4.45,0.1125,3.4853,0.8713
335,2026-08-04 11:45:00,2026-08-04,11:45,11.75,1,0,222.62,14.39,3.2035,35.4,5.26,0.1862,29.25,7.09,0.2074,3.5971,0.8993
336,2026-08-04 12:00:00,2026-08-04,12:00,12.0,1,0,223.02,15.09,3.3654,37.15,4.59,0.1705,24.3,4.47,0.1086,3.6445,0.9111
337,2026-08-04 12:15:00,2026-08-04,12:15,12.25,1,0,221.75,16.0,3.548,35.88,5.38,0.193,24.57,3.61,0.0887,3.8297,0.9574
338,2026-08-04 12:30:00,2026-08-04,12:30,12.5,1,0,223.59,15.12,3.3807,37.62,6.02,0.2265,20.44,2.72,0.0556,3.6628,0.9157
339,2026-08-04 12:45:00,2026-08-04,12:45,12.75,1,0,223.0,15.03,3.3517,37.72,6.23,0.235,21.11,2.85,0.0602,3.6469,0.9117
340,2026-08-04 13:00:00,2026-08-04,13:00,13.0,1,0,222.5,14.09,3.135,36.92,6.38,0.2356,30.89,6.79,0.2097,3.5803,0.8951
341,2026-08-04 13:15:00,2026-08-04,13:15,13.25,1,0,220.44,14.99,3.3044,38.85,6.18,0.2401,23.23,2.43,0.0565,3.601,0.9002
342,2026-08-04 13:30:00,2026-08-04,13:30,13.5,1,0,221.31,14.24,3.1514,37.79,6.03,0.2279,22.04,3.48,0.0767,3.456,0.864
343,2026-08-04 13:45:00,2026-08-04,13:45,13.75,1,0,221.66,14.43,3.1986,37.42,5.02,0.1878,15.97,0.0,0.0,3.3864,0.8466
344,2026-08-04 14:00:00,2026-08-04,14:00,14.0,1,0,222.96,15.07,3.36,36.9,5.35,0.1974,29.9,7.45,0.2228,3.7802,0.945
345,2026-08-04 14:15:00,2026-08-04,14:15,14.25,1,0,219.66,15.89,3.4904,35.46,4.31,0.1528,22.2,3.98,0.0884,3.7316,0.9329
346,2026-08-04 14:30:00,2026-08-04,14:30,14.5,1,0,222.89,14.73,3.2832,34.84,5.26,0.1833,33.61,6.65,0.2235,3.69,0.9225
347,2026-08-04 14:45:00,2026-08-04,14:45,14.75,1,0,224.23,15.32,3.4352,35.46,4.58,0.1624,27.48,3.79,0.1042,3.7018,0.9254
348,2026-08-04 15:00:00,2026-08-04,15:00,15.0,1,0,223.27,13.76,3.0722,34.91,3.0,0.1047,30.33,6.81,0.2066,3.3835,0.8459
349,2026-08-04 15:15:00,2026-08-04,15:15,15.25,1,0,223.84,15.46,3.4606,34.76,2.96,0.1029,38.52,10.94,0.4214,3.9849,0.9962
350,2026-08-04 15:30:00,2026-08-04,15:30,15.5,1,0,220.88,14.74,3.2558,34.88,3.46,0.1207,30.43,8.52,0.2593,3.6358,0.909
351,2026-08-04 15:45:00,2026-08-04,15:45,15.75,1,0,218.04,13.79,3.0068,33.77,2.2,0.0743,34.84,9.06,0.3156,3.3967,0.8492
352,2026-08-04 16:00:00,2026-08-04,16:00,16.0,1,0,222.25,14.94,3.3204,33.57,1.94,0.0651,42.56,12.48,0.5312,3.9167,0.9792
353,2026-08-04 16:15:00,2026-08-04,16:15,16.25,1,0,220.73,15.0,3.3109,32.9,2.08,0.0684,42.7,12.34,0.5269,3.9062,0.9766
354,2026-08-04 16:30:00,2026-08-04,16:30,16.5,1,0,223.71,13.39,2.9955,34.59,2.29,0.0792,34.93,9.45,0.3301,3.4048,0.8512
355,2026-08-04 16:45:00,2026-08-04,16:45,16.75,1,0,224.38,13.62,3.0561,33.22,0.93,0.0309,43.63,13.59,0.5929,3.6799,0.92
356,2026-08-04 17:00:00,2026-08-04,17:00,17.0,1,0,224.5,13.34,2.9948,34.68,2.36,0.0818,41.33,11.77,0.4864,3.563,0.8908
357,2026-08-04 17:15:00,2026-08-04,17:15,17.25,1,0,224.11,12.27,2.7498,32.62,2.21,0.0721,46.76,14.85,0.6944,3.5163,0.8791
358,2026-08-04 17:30:00,2026-08-04,17:30,17.5,1,0,218.94,12.9,2.8243,33.71,1.14,0.0384,41.38,11.63,0.4813,3.344,0.836
359,2026-08-04 17:45:00,2026-08-04,17:45,17.75,1,0,224.19,13.27,2.975,32.25,1.2,0.0387,48.0,14.82,0.7114,3.7251,0.9313
360,2026-08-04 18:00:00,2026-08-04,18:00,18.0,1,0,223.07,12.67,2.8263,32.91,1.45,0.0477,37.21,9.96,0.3706,3.2446,0.8112
361,2026-08-04 18:15:00,2026-08-04,18:15,18.25,1,0,225.31,12.51,2.8186,33.01,0.06,0.002,45.36,14.99,0.68,3.5006,0.8751
362,2026-08-04 18:30:00,2026-08-04,18:30,18.5,1,0,227.4,11.55,2.6265,31.2,0.0,0.0,43.02,14.96,0.6436,3.2701,0.8175
363,2026-08-04 18:45:00,2026-08-04,18:45,18.75,1,0,225.86,11.27,2.5454,0.63,0.0,0.0,36.99,9.65,0.3569,2.9023,0.7256
364,2026-08-04 19:00:00,2026-08-04,19:00,19.0,1,0,225.57,12.37,2.7903,0.05,0.0,0.0,38.75,12.15,0.4708,3.2611,0.8153
365,2026-08-04 19:15:00,2026-08-04,19:15,19.25,1,0,229.81,3.85,0.8848,0.33,0.0,0.0,36.66,10.59,0.3882,1.273,0.3182
366,2026-08-04 19:30:00,2026-08-04,19:30,19.5,1,0,226.18,4.03,0.9115,0.35,0.0,0.0,27.92,6.74,0.1882,1.0997,0.2749
367,2026-08-04 19:45:00,2026-08-04,19:45,19.75,1,0,226.98,4.25,0.9647,0.28,0.0,0.0,36.62,10.67,0.3907,1.3554,0.3388
368,2026-08-04 20:00:00,2026-08-04,20:00,20.0,1,0,228.11,3.67,0.8372,0.21,0.0,0.0,32.05,8.73,0.2798,1.117,0.2792
369,2026-08-04 20:15:00,2026-08-04,20:15,20.25,1,0,229.16,4.6,1.0541,0.07,0.0,0.0,30.86,7.14,0.2203,1.2744,0.3186
370,2026-08-04 20:30:00,2026-08-04,20:30,20.5,1,0,226.29,5.19,1.1744,0.01,0.0,0.0,32.61,6.65,0.2169,1.3913,0.3478
371,2026-08-04 20:45:00,2026-08-04,20:45,20.75,1,0,230.49,5.01,1.1547,0.69,0.0,0.0,19.79,1.75,0.0346,1.1893,0.2973
372,2026-08-04 21:00:00,2026-08-04,21:00,21.0,1,0,229.72,3.55,0.8155,0.56,0.0,0.0,22.78,2.37,0.054,0.8695,0.2174
373,2026-08-04 21:15:00,2026-08-04,21:15,21.25,1,0,228.75,4.17,0.9539,0.77,0.0,0.0,18.85,0.54,0.0102,0.9641,0.241
374,2026-08-04 21:30:00,2026-08-04,21:30,21.5,1,0,230.42,3.59,0.8272,0.78,0.0,0.0,19.24,1.87,0.036,0.8632,0.2158
375,2026-08-04 21:45:00,2026-08-04,21:45,21.75,1,0,229.94,3.07,0.7059,0.35,0.0,0.0,22.95,3.22,0.0739,0.7798,0.195
376,2026-08-04 22:00:00,2026-08-04,22:00,22.0,1,0,227.48,4.56,1.0373,0.57,0.0,0.0,24.71,3.54,0.0875,1.1248,0.2812
377,2026-08-04 22:15:00,2026-08-04,22:15,22.25,1,0,228.43,5.15,1.1764,0.49,0.0,0.0,21.09,3.0,0.0633,1.2397,0.3099
378,2026-08-04 22:30:00,2026-08-04,22:30,22.5,1,0,231.1,4.15,0.9591,0.75,0.0,0.0,18.37,1.9,0.0349,0.994,0.2485
379,2026-08-04 22:45:00,2026-08-04,22:45,22.75,1,0,231.63,3.79,0.8779,0.05,0.0,0.0,31.86,7.29,0.2323,1.1102,0.2776
380,2026-08-04 23:00:00,2026-08-04,23:00,23.0,1,0,232.53,5.19,1.2068,0.22,0.0,0.0,28.29,6.89,0.1949,1.4017,0.3504
381,2026-08-04 23:15:00,2026-08-04,23:15,23.25,1,0,231.95,4.89,1.1342,0.2,0.0,0.0,23.15,4.92,0.1139,1.2481,0.312
382,2026-08-04 23:30:00,2026-08-04,23:30,23.5,1,0,234.58,2.7,0.6334,0.75,0.0,0.0,24.19,4.67,0.113,0.7464,0.1866
383,2026-08-04 23:45:00,2026-08-04,23:45,23.75,1,0,231.19,3.64,0.8415,0.08,0.0,0.0,28.95,7.55,0.2186,1.0601,0.265
384,2026-08-05 00:00:00,2026-08-05,00:00,0.0,2,0,229.11,3.77,0.8637,0.13,0.0,0.0,34.71,9.93,0.3447,1.2084,0.3021
385,2026-08-05 00:15:00,2026-08-05,00:15,0.25,2,0,231.86,2.86,0.6631,0.23,0.0,0.0,35.51,9.77,0.3469,1.01,0.2525
386,2026-08-05 00:30:00,2026-08-05,00:30,0.5,2,0,237.05,4.37,1.0359,0.29,0.0,0.0,41.11,12.26,0.504,1.5399,0.385
387,2026-08-05 00:45:00,2026-08-05,00:45,0.75,2,0,233.73,2.84,0.6638,0.4,0.0,0.0,32.48,7.75,0.2517,0.9155,0.2289
388,2026-08-05 01:00:00,2026-08-05,01:00,1.0,2,0,232.41,5.87,1.3642,0.16,0.0,0.0,42.94,12.89,0.5535,1.9177,0.4794
389,2026-08-05 01:15:00,2026-08-05,01:15,1.25,2,0,232.56,3.65,0.8488,0.49,0.0,0.0,46.57,14.24,0.6632,1.512,0.378
390,2026-08-05 01:30:00,2026-08-05,01:30,1.5,2,0,233.42,3.4,0.7936,0.18,0.0,0.0,44.81,13.01,0.583,1.3766,0.3442
391,2026-08-05 01:45:00,2026-08-05,01:45,1.75,2,0,233.34,3.62,0.8447,0.18,0.0,0.0,44.53,12.9,0.5744,1.4191,0.3548
392,2026-08-05 02:00:00,2026-08-05,02:00,2.0,2,0,230.25,3.88,0.8934,0.18,0.0,0.0,44.2,12.39,0.5476,1.441,0.3603
393,2026-08-05 02:15:00,2026-08-05,02:15,2.25,2,0,235.41,5.31,1.25,0.56,0.0,0.0,32.13,8.79,0.2824,1.5324,0.3831
394,2026-08-05 02:30:00,2026-08-05,02:30,2.5,2,0,228.26,4.46,1.018,0.7,0.0,0.0,47.86,14.55,0.6964,1.7144,0.4286
395,2026-08-05 02:45:00,2026-08-05,02:45,2.75,2,0,231.48,4.3,0.9954,0.11,0.0,0.0,37.64,11.65,0.4385,1.4339,0.3585
396,2026-08-05 03:00:00,2026-08-05,03:00,3.0,2,0,234.8,4.43,1.0402,0.16,0.0,0.0,30.15,6.8,0.205,1.2452,0.3113
397,2026-08-05 03:15:00,2026-08-05,03:15,3.25,2,0,231.99,6.07,1.4082,0.55,0.0,0.0,44.47,14.94,0.6644,2.0726,0.5181
398,2026-08-05 03:30:00,2026-08-05,03:30,3.5,2,0,234.14,4.95,1.159,0.67,0.0,0.0,29.59,6.67,0.1974,1.3564,0.3391
399,2026-08-05 03:45:00,2026-08-05,03:45,3.75,2,0,236.14,4.93,1.1642,0.71,0.0,0.0,34.83,9.73,0.3389,1.5031,0.3758
400,2026-08-05 04:00:00,2026-08-05,04:00,4.0,2,0,235.88,4.38,1.0332,0.72,0.0,0.0,35.29,9.26,0.3268,1.36,0.34
401,2026-08-05 04:15:00,2026-08-05,04:15,4.25,2,0,233.81,4.82,1.127,0.06,0.0,0.0,32.62,7.19,0.2345,1.3615,0.3404
402,2026-08-05 04:30:00,2026-08-05,04:30,4.5,2,0,230.42,5.09,1.1728,0.18,0.0,0.0,24.71,5.05,0.1248,1.2976,0.3244
403,2026-08-05 04:45:00,2026-08-05,04:45,4.75,2,0,232.74,5.85,1.3615,0.53,0.0,0.0,29.55,5.62,0.1661,1.5276,0.3819
404,2026-08-05 05:00:00,2026-08-05,05:00,5.0,2,0,233.54,4.56,1.0649,0.64,0.0,0.0,31.21,7.45,0.2325,1.2974,0.3244
405,2026-08-05 05:15:00,2026-08-05,05:15,5.25,2,0,234.69,5.02,1.1781,0.41,0.0,0.0,29.83,6.06,0.1808,1.3589,0.3397
406,2026-08-05 05:30:00,2026-08-05,05:30,5.5,2,0,236.5,4.9,1.1588,0.14,0.0,0.0,25.92,5.17,0.134,1.2928,0.3232
407,2026-08-05 05:45:00,2026-08-05,05:45,5.75,2,0,234.38,4.7,1.1016,0.52,0.0,0.0,30.5,7.6,0.2318,1.3334,0.3333
408,2026-08-05 06:00:00,2026-08-05,06:00,6.0,2,0,232.14,4.49,1.0423,33.45,0.0,0.0,19.28,1.35,0.026,1.0683,0.2671
409,2026-08-05 06:15:00,2026-08-05,06:15,6.25,2,0,232.59,3.84,0.8931,31.63,0.79,0.025,25.59,6.18,0.1582,1.0763,0.2691
410,2026-08-05 06:30:00,2026-08-05,06:30,6.5,2,0,234.91,4.69,1.1017,32.89,1.92,0.0631,19.41,1.26,0.0245,1.1893,0.2973
411,2026-08-05 06:45:00,2026-08-05,06:45,6.75,2,0,234.96,3.02,0.7096,33.31,2.42,0.0806,19.57,0.67,0.0131,0.8033,0.2008
412,2026-08-05 07:00:00,2026-08-05,07:00,7.0,2,0,235.46,2.84,0.6687,35.03,3.03,0.1061,21.12,2.34,0.0494,0.8242,0.2061
413,2026-08-05 07:15:00,2026-08-05,07:15,7.25,2,0,232.93,2.85,0.6639,33.58,3.48,0.1169,17.73,0.64,0.0113,0.7921,0.198
414,2026-08-05 07:30:00,2026-08-05,07:30,7.5,2,0,235.07,3.2,0.7522,35.48,4.29,0.1522,26.52,5.28,0.14,1.0444,0.2611
415,2026-08-05 07:45:00,2026-08-05,07:45,7.75,2,0,231.02,3.79,0.8756,36.89,4.1,0.1512,24.92,4.34,0.1082,1.135,0.2838
416,2026-08-05 08:00:00,2026-08-05,08:00,8.0,2,0,234.32,12.5,2.929,38.01,4.73,0.1798,31.31,7.0,0.2192,3.328,0.832
417,2026-08-05 08:15:00,2026-08-05,08:15,8.25,2,0,235.6,13.16,3.1005,38.8,6.39,0.2479,33.0,8.32,0.2746,3.623,0.9058
418,2026-08-05 08:30:00,2026-08-05,08:30,8.5,2,0,232.92,13.09,3.0489,38.26,8.01,0.3065,30.53,8.22,0.251,3.6064,0.9016
419,2026-08-05 08:45:00,2026-08-05,08:45,8.75,2,0,229.67,12.68,2.9122,40.61,7.99,0.3245,34.64,7.73,0.2678,3.5045,0.8761
420,2026-08-05 09:00:00,2026-08-05,09:00,9.0,2,0,227.94,13.52,3.0817,42.5,9.36,0.3978,38.89,10.05,0.3908,3.8703,0.9676
421,2026-08-05 09:15:00,2026-08-05,09:15,9.25,2,0,228.86,13.58,3.1079,43.27,10.69,0.4626,33.81,7.29,0.2465,3.817,0.9543
422,2026-08-05 09:30:00,2026-08-05,09:30,9.5,2,0,229.01,13.19,3.0206,44.09,11.8,0.5203,38.32,10.76,0.4123,3.9532,0.9883
423,2026-08-05 09:45:00,2026-08-05,09:45,9.75,2,0,230.49,11.41,2.6299,43.4,12.32,0.5347,33.4,8.23,0.2749,3.4395,0.8599
424,2026-08-05 10:00:00,2026-08-05,10:00,10.0,2,0,232.5,14.49,3.3689,43.87,12.76,0.5598,37.48,10.98,0.4115,4.3402,1.0851
425,2026-08-05 10:15:00,2026-08-05,10:15,10.25,2,0,227.84,12.81,2.9186,45.14,13.56,0.6121,37.06,9.48,0.3513,3.882,0.9705
426,2026-08-05 10:30:00,2026-08-05,10:30,10.5,2,0,229.51,14.37,3.2981,44.79,13.66,0.6118,37.31,10.5,0.3917,4.3016,1.0754
427,2026-08-05 10:45:00,2026-08-05,10:45,10.75,2,0,227.55,13.85,3.1516,43.53,13.14,0.572,38.29,11.01,0.4216,4.1452,1.0363
428,2026-08-05 11:00:00,2026-08-05,11:00,11.0,2,0,228.62,14.48,3.3104,45.24,12.82,0.58,33.83,9.12,0.3085,4.1989,1.0497
429,2026-08-05 11:15:00,2026-08-05,11:15,11.25,2,0,227.93,13.76,3.1363,43.12,12.52,0.5399,40.57,11.43,0.4637,4.1399,1.035
430,2026-08-05 11:30:00,2026-08-05,11:30,11.5,2,0,227.64,13.8,3.1414,43.67,11.83,0.5166,38.5,11.94,0.4597,4.1177,1.0294
431,2026-08-05 11:45:00,2026-08-05,11:45,11.75,2,0,228.75,14.7,3.3626,45.36,11.92,0.5407,33.85,7.8,0.264,4.1673,1.0418
432,2026-08-05 12:00:00,2026-08-05,12:00,12.0,2,0,227.88,14.1,3.2131,43.48,11.0,0.4783,35.33,10.96,0.3872,4.0786,1.0196
433,2026-08-05 12:15:00,2026-08-05,12:15,12.25,2,0,227.26,16.0,3.6362,43.04,11.13,0.479,37.03,8.99,0.3329,4.4481,1.112
434,2026-08-05 12:30:00,2026-08-05,12:30,12.5,2,0,227.15,15.45,3.5095,42.12,9.95,0.4191,35.65,9.43,0.3362,4.2648,1.0662
435,2026-08-05 12:45:00,2026-08-05,12:45,12.75,2,0,227.34,15.59,3.5442,41.79,9.72,0.4062,30.84,6.23,0.1921,4.1425,1.0356
436,2026-08-05 13:00:00,2026-08-05,13:00,13.0,2,0,226.82,14.75,3.3456,43.68,11.46,0.5006,38.37,11.31,0.434,4.2802,1.07
437,2026-08-05 13:15:00,2026-08-05,13:15,13.25,2,0,224.33,16.0,3.5893,41.43,10.97,0.4545,24.54,4.06,0.0996,4.1434,1.0358
438,2026-08-05 13:30:00,2026-08-05,13:30,13.5,2,0,225.77,14.62,3.3008,42.21,11.58,0.4888,23.99,4.54,0.1089,3.8985,0.9746
439,2026-08-05 13:45:00,2026-08-05,13:45,13.75,2,0,225.74,14.49,3.271,42.78,12.08,0.5168,26.2,5.64,0.1478,3.9356,0.9839
440,2026-08-05 14:00:00,2026-08-05,14:00,14.0,2,0,224.48,15.44,3.466,43.58,11.65,0.5077,20.91,3.27,0.0684,4.0421,1.0105
441,2026-08-05 14:15:00,2026-08-05,14:15,14.25,2,0,228.48,14.47,3.3061,43.83,10.97,0.4808,21.72,2.29,0.0497,3.8366,0.9591
442,2026-08-05 14:30:00,2026-08-05,14:30,14.5,2,0,224.38,14.39,3.2288,43.76,11.98,0.5242,14.96,0.38,0.0057,3.7587,0.9397
443,2026-08-05 14:45:00,2026-08-05,14:45,14.75,2,0,226.69,12.86,2.9152,43.01,11.69,0.5028,26.4,5.59,0.1476,3.5656,0.8914
444,2026-08-05 15:00:00,2026-08-05,15:00,15.0,2,0,225.92,13.19,2.9799,43.7,11.73,0.5126,28.15,2.42,0.0681,3.5606,0.8901
445,2026-08-05 15:15:00,2026-08-05,15:15,15.25,2,0,228.58,14.37,3.2847,42.8,11.06,0.4734,19.45,2.24,0.0436,3.8017,0.9504
446,2026-08-05 15:30:00,2026-08-05,15:30,15.5,2,0,222.55,14.97,3.3316,41.53,9.78,0.4062,21.64,1.72,0.0372,3.775,0.9437
447,2026-08-05 15:45:00,2026-08-05,15:45,15.75,2,0,225.74,13.79,3.1129,41.62,9.79,0.4075,27.78,6.32,0.1756,3.696,0.924
448,2026-08-05 16:00:00,2026-08-05,16:00,16.0,2,0,225.09,15.05,3.3876,39.48,8.82,0.3482,21.75,2.93,0.0637,3.7995,0.9499
449,2026-08-05 16:15:00,2026-08-05,16:15,16.25,2,0,225.18,13.89,3.1277,39.22,8.17,0.3204,27.42,4.85,0.133,3.5811,0.8953
450,2026-08-05 16:30:00,2026-08-05,16:30,16.5,2,0,222.95,14.46,3.2239,38.73,7.06,0.2734,21.89,2.06,0.0451,3.5424,0.8856
451,2026-08-05 16:45:00,2026-08-05,16:45,16.75,2,0,223.67,14.3,3.1985,36.68,5.62,0.2061,24.92,3.52,0.0877,3.4923,0.8731
452,2026-08-05 17:00:00,2026-08-05,17:00,17.0,2,0,224.37,11.3,2.5354,36.0,3.53,0.1271,31.0,7.22,0.2238,2.8863,0.7216
453,2026-08-05 17:15:00,2026-08-05,17:15,17.25,2,0,226.79,12.51,2.8371,36.72,3.95,0.145,28.08,4.63,0.13,3.1121,0.778
454,2026-08-05 17:30:00,2026-08-05,17:30,17.5,2,0,222.41,12.53,2.7868,34.16,2.18,0.0745,32.13,8.32,0.2673,3.1286,0.7822
455,2026-08-05 17:45:00,2026-08-05,17:45,17.75,2,0,222.72,11.45,2.5501,34.12,1.04,0.0355,27.97,7.91,0.2212,2.8068,0.7017
456,2026-08-05 18:00:00,2026-08-05,18:00,18.0,2,0,225.25,12.56,2.8291,34.29,0.91,0.0312,32.8,8.33,0.2732,3.1335,0.7834
457,2026-08-05 18:15:00,2026-08-05,18:15,18.25,2,0,229.26,12.76,2.9254,32.88,0.0,0.0,28.85,6.47,0.1867,3.1121,0.778
458,2026-08-05 18:30:00,2026-08-05,18:30,18.5,2,0,224.81,13.69,3.0777,33.21,0.3,0.01,32.69,7.79,0.2547,3.3424,0.8356
459,2026-08-05 18:45:00,2026-08-05,18:45,18.75,2,0,226.87,11.93,2.7066,0.24,0.0,0.0,29.64,7.04,0.2087,2.9153,0.7288
460,2026-08-05 19:00:00,2026-08-05,19:00,19.0,2,0,225.84,11.4,2.5746,0.04,0.0,0.0,34.91,8.54,0.2981,2.8727,0.7182
461,2026-08-05 19:15:00,2026-08-05,19:15,19.25,2,0,224.11,5.02,1.125,0.29,0.0,0.0,30.14,6.98,0.2104,1.3354,0.3338
462,2026-08-05 19:30:00,2026-08-05,19:30,19.5,2,0,222.52,4.47,0.9947,0.29,0.0,0.0,33.72,7.22,0.2435,1.2382,0.3095
463,2026-08-05 19:45:00,2026-08-05,19:45,19.75,2,0,221.24,4.38,0.969,0.3,0.0,0.0,36.12,9.91,0.3579,1.3269,0.3317
464,2026-08-05 20:00:00,2026-08-05,20:00,20.0,2,0,224.83,3.12,0.7015,0.24,0.0,0.0,34.65,8.63,0.299,1.0005,0.2501
465,2026-08-05 20:15:00,2026-08-05,20:15,20.25,2,0,226.26,2.91,0.6584,0.13,0.0,0.0,31.34,7.51,0.2354,0.8938,0.2235
466,2026-08-05 20:30:00,2026-08-05,20:30,20.5,2,0,229.24,4.96,1.137,0.05,0.0,0.0,29.31,7.06,0.2069,1.3439,0.336
467,2026-08-05 20:45:00,2026-08-05,20:45,20.75,2,0,226.37,4.14,0.9372,0.28,0.0,0.0,29.27,8.53,0.2497,1.1869,0.2967
468,2026-08-05 21:00:00,2026-08-05,21:00,21.0,2,0,226.78,4.78,1.084,0.49,0.0,0.0,25.69,5.03,0.1292,1.2132,0.3033
469,2026-08-05 21:15:00,2026-08-05,21:15,21.25,2,0,224.61,5.61,1.2601,0.53,0.0,0.0,26.61,4.92,0.1309,1.391,0.3478
470,2026-08-05 21:30:00,2026-08-05,21:30,21.5,2,0,225.33,4.06,0.9148,0.66,0.0,0.0,27.01,4.84,0.1307,1.0455,0.2614
471,2026-08-05 21:45:00,2026-08-05,21:45,21.75,2,0,226.58,5.42,1.2281,0.77,0.0,0.0,27.14,5.13,0.1392,1.3673,0.3418
472,2026-08-05 22:00:00,2026-08-05,22:00,22.0,2,0,228.47,5.08,1.1606,0.32,0.0,0.0,27.94,4.49,0.1255,1.2861,0.3215
473,2026-08-05 22:15:00,2026-08-05,22:15,22.25,2,0,229.29,4.49,1.0295,0.12,0.0,0.0,25.9,5.55,0.1437,1.1732,0.2933
474,2026-08-05 22:30:00,2026-08-05,22:30,22.5,2,0,225.62,4.63,1.0446,0.3,0.0,0.0,23.15,3.31,0.0766,1.1212,0.2803
475,2026-08-05 22:45:00,2026-08-05,22:45,22.75,2,0,228.26,2.31,0.5273,0.46,0.0,0.0,22.38,3.23,0.0723,0.5996,0.1499
476,2026-08-05 23:00:00,2026-08-05,23:00,23.0,2,0,228.83,3.05,0.6979,0.28,0.0,0.0,24.72,3.88,0.0959,0.7938,0.1984
477,2026-08-05 23:15:00,2026-08-05,23:15,23.25,2,0,227.21,2.89,0.6566,0.79,0.0,0.0,22.96,3.19,0.0732,0.7298,0.1825
478,2026-08-05 23:30:00,2026-08-05,23:30,23.5,2,0,228.53,4.0,0.9141,0.1,0.0,0.0,18.19,1.01,0.0184,0.9325,0.2331
479,2026-08-05 23:45:00,2026-08-05,23:45,23.75,2,0,222.93,2.27,0.506,0.14,0.0,0.0,21.13,1.36,0.0287,0.5347,0.1337
480,2026-08-06 00:00:00,2026-08-06,00:00,0.0,3,0,224.86,3.04,0.6836,0.01,0.0,0.0,27.49,4.4,0.121,0.8046,0.2011
481,2026-08-06 00:15:00,2026-08-06,00:15,0.25,3,0,225.37,3.69,0.8316,0.74,0.0,0.0,19.98,2.25,0.045,0.8766,0.2192
482,2026-08-06 00:30:00,2026-08-06,00:30,0.5,3,0,226.72,3.13,0.7096,0.31,0.0,0.0,22.05,3.17,0.0699,0.7795,0.1949
483,2026-08-06 00:45:00,2026-08-06,00:45,0.75,3,0,226.6,2.43,0.5506,0.78,0.0,0.0,25.93,6.13,0.1589,0.7095,0.1774
484,2026-08-06 01:00:00,2026-08-06,01:00,1.0,3,0,224.95,4.44,0.9988,0.72,0.0,0.0,24.01,5.15,0.1237,1.1225,0.2806
485,2026-08-06 01:15:00,2026-08-06,01:15,1.25,3,0,225.82,4.22,0.953,0.18,0.0,0.0,27.01,4.73,0.1278,1.0808,0.2702
486,2026-08-06 01:30:00,2026-08-06,01:30,1.5,3,0,223.47,3.62,0.809,0.7,0.0,0.0,17.05,0.12,0.002,0.811,0.2028
487,2026-08-06 01:45:00,2026-08-06,01:45,1.75,3,0,224.24,3.3,0.74,0.46,0.0,0.0,28.09,6.03,0.1694,0.9094,0.2273
488,2026-08-06 02:00:00,2026-08-06,02:00,2.0,3,0,227.01,4.16,0.9444,0.21,0.0,0.0,22.34,3.93,0.0878,1.0322,0.2581
489,2026-08-06 02:15:00,2026-08-06,02:15,2.25,3,0,227.76,4.31,0.9817,0.56,0.0,0.0,28.81,5.33,0.1536,1.1353,0.2838
490,2026-08-06 02:30:00,2026-08-06,02:30,2.5,3,0,228.58,4.23,0.9669,0.72,0.0,0.0,26.62,4.81,0.128,1.0949,0.2737
491,2026-08-06 02:45:00,2026-08-06,02:45,2.75,3,0,226.9,5.22,1.1844,0.54,0.0,0.0,33.16,9.4,0.3117,1.4961,0.374
492,2026-08-06 03:00:00,2026-08-06,03:00,3.0,3,0,228.84,4.11,0.9405,0.29,0.0,0.0,30.24,7.03,0.2126,1.1531,0.2883
493,2026-08-06 03:15:00,2026-08-06,03:15,3.25,3,0,231.44,4.36,1.0091,0.37,0.0,0.0,34.57,11.0,0.3803,1.3894,0.3473
494,2026-08-06 03:30:00,2026-08-06,03:30,3.5,3,0,225.02,4.13,0.9293,0.45,0.0,0.0,33.95,8.71,0.2957,1.225,0.3063
495,2026-08-06 03:45:00,2026-08-06,03:45,3.75,3,0,229.27,4.85,1.112,0.62,0.0,0.0,39.88,10.95,0.4367,1.5487,0.3872
496,2026-08-06 04:00:00,2026-08-06,04:00,4.0,3,0,229.75,4.42,1.0155,0.08,0.0,0.0,38.69,11.64,0.4504,1.4659,0.3665
497,2026-08-06 04:15:00,2026-08-06,04:15,4.25,3,0,226.76,5.85,1.3265,0.55,0.0,0.0,38.01,12.97,0.493,1.8195,0.4549
498,2026-08-06 04:30:00,2026-08-06,04:30,4.5,3,0,230.73,4.12,0.9506,0.18,0.0,0.0,32.93,8.73,0.2875,1.2381,0.3095
499,2026-08-06 04:45:00,2026-08-06,04:45,4.75,3,0,230.52,4.82,1.1111,0.68,0.0,0.0,31.47,6.53,0.2055,1.3166,0.3291
500,2026-08-06 05:00:00,2026-08-06,05:00,5.0,3,0,229.09,4.94,1.1317,0.37,0.0,0.0,33.26,6.61,0.2198,1.3515,0.3379
501,2026-08-06 05:15:00,2026-08-06,05:15,5.25,3,0,230.01,5.2,1.1961,0.77,0.0,0.0,31.57,7.89,0.2491,1.4452,0.3613
502,2026-08-06 05:30:00,2026-08-06,05:30,5.5,3,0,228.48,4.41,1.0076,0.07,0.0,0.0,28.73,5.55,0.1594,1.167,0.2918
503,2026-08-06 05:45:00,2026-08-06,05:45,5.75,3,0,231.46,4.63,1.0717,0.23,0.0,0.0,31.38,6.61,0.2074,1.2791,0.3198
504,2026-08-06 06:00:00,2026-08-06,06:00,6.0,3,0,230.47,4.32,0.9956,32.95,0.58,0.0191,29.97,7.14,0.214,1.2287,0.3072
505,2026-08-06 06:15:00,2026-08-06,06:15,6.25,3,0,228.42,4.95,1.1307,34.25,1.49,0.051,22.82,4.96,0.1132,1.2949,0.3237
506,2026-08-06 06:30:00,2026-08-06,06:30,6.5,3,0,229.3,4.17,0.9562,35.0,1.53,0.0536,26.69,4.33,0.1156,1.1254,0.2813
507,2026-08-06 06:45:00,2026-08-06,06:45,6.75,3,0,229.5,3.86,0.8859,34.46,3.14,0.1082,33.95,8.29,0.2814,1.2755,0.3189
508,2026-08-06 07:00:00,2026-08-06,07:00,7.0,3,0,233.61,2.59,0.605,34.49,3.48,0.12,23.39,3.99,0.0933,0.8183,0.2046
509,2026-08-06 07:15:00,2026-08-06,07:15,7.25,3,0,231.74,4.31,0.9988,36.52,4.38,0.16,25.55,4.22,0.1078,1.2666,0.3166
510,2026-08-06 07:30:00,2026-08-06,07:30,7.5,3,0,233.61,4.21,0.9835,36.55,5.23,0.1912,20.68,3.15,0.0651,1.2398,0.31
511,2026-08-06 07:45:00,2026-08-06,07:45,7.75,3,0,232.89,3.99,0.9292,38.46,6.08,0.2338,25.67,5.19,0.1332,1.2962,0.3241
512,2026-08-06 08:00:00,2026-08-06,08:00,8.0,3,0,230.97,10.28,2.3744,39.12,6.76,0.2644,20.12,3.71,0.0747,2.7135,0.6784
513,2026-08-06 08:15:00,2026-08-06,08:15,8.25,3,0,230.82,11.15,2.5736,38.72,7.56,0.2927,27.4,4.47,0.1225,2.9888,0.7472
514,2026-08-06 08:30:00,2026-08-06,08:30,8.5,3,0,235.7,11.98,2.8237,38.24,6.71,0.2566,22.8,3.42,0.078,3.1583,0.7896
515,2026-08-06 08:45:00,2026-08-06,08:45,8.75,3,0,234.63,11.68,2.7405,40.21,7.2,0.2895,26.45,4.25,0.1124,3.1424,0.7856
516,2026-08-06 09:00:00,2026-08-06,09:00,9.0,3,0,225.33,13.05,2.9406,39.01,7.58,0.2957,23.44,3.81,0.0893,3.3256,0.8314
517,2026-08-06 09:15:00,2026-08-06,09:15,9.25,3,0,227.01,13.72,3.1146,39.07,6.77,0.2645,17.89,0.22,0.0039,3.383,0.8458
518,2026-08-06 09:30:00,2026-08-06,09:30,9.5,3,0,229.12,13.19,3.0221,39.69,7.96,0.3159,17.93,0.0,0.0,3.338,0.8345
519,2026-08-06 09:45:00,2026-08-06,09:45,9.75,3,0,228.18,12.53,2.8591,40.05,8.53,0.3416,25.73,3.19,0.0821,3.2828,0.8207
520,2026-08-06 10:00:00,2026-08-06,10:00,10.0,3,0,233.14,12.85,2.9958,40.93,9.47,0.3876,27.36,4.84,0.1324,3.5158,0.879
521,2026-08-06 10:15:00,2026-08-06,10:15,10.25,3,0,232.36,13.01,3.023,41.17,9.36,0.3854,21.08,3.41,0.0719,3.4803,0.8701
522,2026-08-06 10:30:00,2026-08-06,10:30,10.5,3,0,229.94,13.32,3.0628,43.04,10.87,0.4678,20.56,1.82,0.0374,3.568,0.892
523,2026-08-06 10:45:00,2026-08-06,10:45,10.75,3,0,232.41,14.06,3.2677,42.46,11.53,0.4896,25.49,4.87,0.1241,3.8814,0.9704
524,2026-08-06 11:00:00,2026-08-06,11:00,11.0,3,0,229.6,13.34,3.0629,43.37,12.63,0.5478,28.49,5.95,0.1695,3.7802,0.945
525,2026-08-06 11:15:00,2026-08-06,11:15,11.25,3,0,228.6,15.07,3.445,45.14,13.06,0.5895,28.85,5.52,0.1593,4.1938,1.0485
526,2026-08-06 11:30:00,2026-08-06,11:30,11.5,3,0,230.0,14.1,3.243,47.62,14.43,0.6872,27.88,6.41,0.1787,4.1089,1.0272
527,2026-08-06 11:45:00,2026-08-06,11:45,11.75,3,0,230.1,14.16,3.2582,46.74,14.66,0.6852,23.7,5.46,0.1294,4.0728,1.0182
528,2026-08-06 12:00:00,2026-08-06,12:00,12.0,3,0,230.55,14.27,3.2899,46.22,15.5,0.7164,25.66,5.82,0.1493,4.1556,1.0389
529,2026-08-06 12:15:00,2026-08-06,12:15,12.25,3,0,232.55,15.58,3.6231,46.05,15.83,0.729,30.33,6.68,0.2026,4.5547,1.1387
530,2026-08-06 12:30:00,2026-08-06,12:30,12.5,3,0,227.68,16.0,3.6429,46.38,15.32,0.7105,26.46,5.52,0.1461,4.4995,1.1249
531,2026-08-06 12:45:00,2026-08-06,12:45,12.75,3,0,233.94,15.9,3.7197,46.39,13.85,0.6425,28.24,6.53,0.1844,4.5466,1.1366
532,2026-08-06 13:00:00,2026-08-06,13:00,13.0,3,0,228.29,14.82,3.3833,44.94,13.72,0.6166,27.37,5.86,0.1604,4.1603,1.0401
533,2026-08-06 13:15:00,2026-08-06,13:15,13.25,3,0,226.0,13.33,3.0126,44.33,13.11,0.5812,27.86,6.29,0.1752,3.769,0.9423
534,2026-08-06 13:30:00,2026-08-06,13:30,13.5,3,0,230.73,14.49,3.3433,44.58,12.42,0.5537,29.11,7.69,0.2239,4.1209,1.0302
535,2026-08-06 13:45:00,2026-08-06,13:45,13.75,3,0,231.57,14.65,3.3925,43.56,10.61,0.4622,28.07,5.85,0.1642,4.0189,1.0047
536,2026-08-06 14:00:00,2026-08-06,14:00,14.0,3,0,229.88,14.26,3.2781,41.44,10.61,0.4397,26.89,2.74,0.0737,3.7915,0.9479
537,2026-08-06 14:15:00,2026-08-06,14:15,14.25,3,0,229.87,15.0,3.4481,41.74,9.33,0.3894,26.51,5.67,0.1503,3.9878,0.997
538,2026-08-06 14:30:00,2026-08-06,14:30,14.5,3,0,231.54,15.59,3.6097,39.59,10.45,0.4137,22.14,4.11,0.091,4.1144,1.0286
539,2026-08-06 14:45:00,2026-08-06,14:45,14.75,3,0,229.75,14.43,3.3153,40.7,7.85,0.3195,20.79,3.36,0.0698,3.7046,0.9262
540,2026-08-06 15:00:00,2026-08-06,15:00,15.0,3,0,229.33,15.8,3.6234,40.82,8.38,0.3421,24.55,4.14,0.1016,4.0671,1.0168
541,2026-08-06 15:15:00,2026-08-06,15:15,15.25,3,0,229.6,14.4,3.3062,38.74,6.86,0.2658,24.81,4.26,0.1057,3.6777,0.9194
542,2026-08-06 15:30:00,2026-08-06,15:30,15.5,3,0,230.91,13.86,3.2004,38.61,7.62,0.2942,22.79,2.47,0.0563,3.5509,0.8877
543,2026-08-06 15:45:00,2026-08-06,15:45,15.75,3,0,229.17,15.1,3.4605,37.85,7.0,0.2649,24.67,1.94,0.0479,3.7733,0.9433
544,2026-08-06 16:00:00,2026-08-06,16:00,16.0,3,0,227.5,14.38,3.2714,40.0,7.06,0.2824,18.41,1.3,0.0239,3.5777,0.8944
545,2026-08-06 16:15:00,2026-08-06,16:15,16.25,3,0,233.12,14.43,3.3639,39.43,6.96,0.2744,23.11,3.38,0.0781,3.7164,0.9291
546,2026-08-06 16:30:00,2026-08-06,16:30,16.5,3,0,233.07,12.76,2.974,36.9,6.75,0.2491,19.02,2.22,0.0422,3.2653,0.8163
547,2026-08-06 16:45:00,2026-08-06,16:45,16.75,3,0,228.06,13.64,3.1107,37.58,5.71,0.2146,19.81,2.65,0.0525,3.3778,0.8445
548,2026-08-06 17:00:00,2026-08-06,17:00,17.0,3,0,230.61,11.63,2.682,37.2,5.5,0.2046,20.13,2.68,0.054,2.9406,0.7351
549,2026-08-06 17:15:00,2026-08-06,17:15,17.25,3,0,230.14,14.27,3.2841,36.11,4.75,0.1715,18.84,1.27,0.0239,3.4795,0.8699
550,2026-08-06 17:30:00,2026-08-06,17:30,17.5,3,0,228.16,12.43,2.836,36.02,2.86,0.103,19.74,0.3,0.0059,2.9449,0.7362
551,2026-08-06 17:45:00,2026-08-06,17:45,17.75,3,0,229.51,11.68,2.6807,34.77,2.46,0.0855,19.1,1.45,0.0277,2.7939,0.6985
552,2026-08-06 18:00:00,2026-08-06,18:00,18.0,3,0,228.8,13.19,3.0179,35.28,2.22,0.0783,19.25,1.88,0.0362,3.1324,0.7831
553,2026-08-06 18:15:00,2026-08-06,18:15,18.25,3,0,231.68,12.05,2.7917,33.21,0.66,0.0219,18.12,1.73,0.0314,2.845,0.7113
554,2026-08-06 18:30:00,2026-08-06,18:30,18.5,3,0,230.13,12.53,2.8835,32.63,0.39,0.0127,15.8,1.24,0.0196,2.9158,0.7289
555,2026-08-06 18:45:00,2026-08-06,18:45,18.75,3,0,232.34,12.45,2.8926,0.61,0.0,0.0,17.1,0.95,0.0163,2.9089,0.7272
556,2026-08-06 19:00:00,2026-08-06,19:00,19.0,3,0,233.98,12.13,2.8382,0.46,0.0,0.0,17.7,1.29,0.0228,2.861,0.7153
557,2026-08-06 19:15:00,2026-08-06,19:15,19.25,3,0,228.44,5.59,1.277,0.19,0.0,0.0,18.76,1.89,0.0355,1.3125,0.3281
558,2026-08-06 19:30:00,2026-08-06,19:30,19.5,3,0,232.54,4.25,0.9883,0.73,0.0,0.0,20.69,1.82,0.0377,1.026,0.2565
559,2026-08-06 19:45:00,2026-08-06,19:45,19.75,3,0,229.19,4.68,1.0726,0.09,0.0,0.0,18.65,1.12,0.0209,1.0935,0.2734
560,2026-08-06 20:00:00,2026-08-06,20:00,20.0,3,0,231.55,4.83,1.1184,0.24,0.0,0.0,20.58,2.21,0.0455,1.1639,0.291
561,2026-08-06 20:15:00,2026-08-06,20:15,20.25,3,0,231.15,3.86,0.8922,0.4,0.0,0.0,22.23,4.31,0.0958,0.988,0.247
562,2026-08-06 20:30:00,2026-08-06,20:30,20.5,3,0,230.05,4.1,0.9432,0.64,0.0,0.0,21.29,3.13,0.0666,1.0098,0.2525
563,2026-08-06 20:45:00,2026-08-06,20:45,20.75,3,0,231.89,5.13,1.1896,0.11,0.0,0.0,21.94,2.84,0.0623,1.2519,0.313
564,2026-08-06 21:00:00,2026-08-06,21:00,21.0,3,0,228.24,5.06,1.1549,0.7,0.0,0.0,23.09,2.22,0.0513,1.2062,0.3015
565,2026-08-06 21:15:00,2026-08-06,21:15,21.25,3,0,231.99,4.63,1.0741,0.44,0.0,0.0,21.49,1.84,0.0395,1.1136,0.2784
566,2026-08-06 21:30:00,2026-08-06,21:30,21.5,3,0,234.37,4.49,1.0523,0.37,0.0,0.0,21.67,2.22,0.0481,1.1004,0.2751
567,2026-08-06 21:45:00,2026-08-06,21:45,21.75,3,0,230.26,4.53,1.0431,0.56,0.0,0.0,22.47,2.49,0.0559,1.099,0.2747
568,2026-08-06 22:00:00,2026-08-06,22:00,22.0,3,0,228.47,4.31,0.9847,0.33,0.0,0.0,20.75,1.4,0.029,1.0137,0.2534
569,2026-08-06 22:15:00,2026-08-06,22:15,22.25,3,0,230.73,4.65,1.0729,0.31,0.0,0.0,20.2,1.84,0.0372,1.1101,0.2775
570,2026-08-06 22:30:00,2026-08-06,22:30,22.5,3,0,226.52,2.9,0.6569,0.28,0.0,0.0,19.24,1.05,0.0202,0.6771,0.1693
571,2026-08-06 22:45:00,2026-08-06,22:45,22.75,3,0,230.8,2.88,0.6647,0.79,0.0,0.0,19.27,1.66,0.032,0.6967,0.1742
572,2026-08-06 23:00:00,2026-08-06,23:00,23.0,3,0,230.51,4.73,1.0903,0.33,0.0,0.0,19.42,2.22,0.0431,1.1334,0.2833
573,2026-08-06 23:15:00,2026-08-06,23:15,23.25,3,0,227.66,2.69,0.6124,0.37,0.0,0.0,20.7,1.31,0.0271,0.6395,0.1599
574,2026-08-06 23:30:00,2026-08-06,23:30,23.5,3,0,224.72,3.34,0.7506,0.48,0.0,0.0,18.36,1.02,0.0187,0.7693,0.1923
575,2026-08-06 23:45:00,2026-08-06,23:45,23.75,3,0,229.28,2.1,0.4815,0.0,0.0,0.0,16.93,1.2,0.0203,0.5018,0.1255
576,2026-08-07 00:00:00,2026-08-07,00:00,0.0,4,0,228.57,3.32,0.7589,0.34,0.0,0.0,22.47,3.07,0.069,0.8279,0.207
577,2026-08-07 00:15:00,2026-08-07,00:15,0.25,4,0,225.14,4.37,0.9839,0.09,0.0,0.0,25.76,3.81,0.0982,1.0821,0.2705
578,2026-08-07 00:30:00,2026-08-07,00:30,0.5,4,0,226.41,2.12,0.48,0.54,0.0,0.0,24.01,3.81,0.0915,0.5715,0.1429
579,2026-08-07 00:45:00,2026-08-07,00:45,0.75,4,0,230.21,3.64,0.838,0.79,0.0,0.0,20.64,3.26,0.0673,0.9053,0.2263
580,2026-08-07 01:00:00,2026-08-07,01:00,1.0,4,0,227.75,3.8,0.8655,0.69,0.0,0.0,20.21,1.56,0.0315,0.897,0.2243
581,2026-08-07 01:15:00,2026-08-07,01:15,1.25,4,0,226.27,3.55,0.8033,0.66,0.0,0.0,20.65,2.3,0.0475,0.8508,0.2127
582,2026-08-07 01:30:00,2026-08-07,01:30,1.5,4,0,223.87,4.38,0.9805,0.33,0.0,0.0,20.54,2.41,0.0495,1.03,0.2575
583,2026-08-07 01:45:00,2026-08-07,01:45,1.75,4,0,228.58,3.66,0.8366,0.76,0.0,0.0,18.28,1.02,0.0186,0.8552,0.2138
584,2026-08-07 02:00:00,2026-08-07,02:00,2.0,4,0,224.93,3.46,0.7783,0.13,0.0,0.0,18.49,0.52,0.0096,0.7879,0.197
585,2026-08-07 02:15:00,2026-08-07,02:15,2.25,4,0,227.26,4.71,1.0704,0.44,0.0,0.0,18.64,0.71,0.0132,1.0836,0.2709
586,2026-08-07 02:30:00,2026-08-07,02:30,2.5,4,0,227.04,4.29,0.974,0.01,0.0,0.0,21.29,2.19,0.0466,1.0206,0.2551
587,2026-08-07 02:45:00,2026-08-07,02:45,2.75,4,0,224.88,3.94,0.886,0.31,0.0,0.0,16.04,0.84,0.0135,0.8995,0.2249
588,2026-08-07 03:00:00,2026-08-07,03:00,3.0,4,0,224.78,4.96,1.1149,0.25,0.0,0.0,21.32,3.09,0.0659,1.1808,0.2952
589,2026-08-07 03:15:00,2026-08-07,03:15,3.25,4,0,228.65,4.76,1.0884,0.07,0.0,0.0,16.16,0.0,0.0,1.0884,0.2721
590,2026-08-07 03:30:00,2026-08-07,03:30,3.5,4,0,225.55,4.59,1.0353,0.14,0.0,0.0,20.45,2.52,0.0515,1.0868,0.2717
591,2026-08-07 03:45:00,2026-08-07,03:45,3.75,4,0,225.18,5.62,1.2655,0.27,0.0,0.0,18.03,1.99,0.0359,1.3014,0.3253
592,2026-08-07 04:00:00,2026-08-07,04:00,4.0,4,0,228.25,5.04,1.1504,0.06,0.0,0.0,17.62,0.62,0.0109,1.1613,0.2903
593,2026-08-07 04:15:00,2026-08-07,04:15,4.25,4,0,228.45,4.9,1.1194,0.65,0.0,0.0,18.48,1.61,0.0297,1.1491,0.2873
594,2026-08-07 04:30:00,2026-08-07,04:30,4.5,4,0,224.94,4.16,0.9357,0.24,0.0,0.0,25.03,2.87,0.0718,1.0075,0.2519
595,2026-08-07 04:45:00,2026-08-07,04:45,4.75,4,0,228.55,4.28,0.9782,0.38,0.0,0.0,21.9,3.52,0.0771,1.0553,0.2638
596,2026-08-07 05:00:00,2026-08-07,05:00,5.0,4,0,228.34,3.79,0.8654,0.02,0.0,0.0,22.19,2.46,0.0546,0.92,0.23
597,2026-08-07 05:15:00,2026-08-07,05:15,5.25,4,0,224.96,4.07,0.9156,0.06,0.0,0.0,20.22,1.88,0.038,0.9536,0.2384
598,2026-08-07 05:30:00,2026-08-07,05:30,5.5,4,0,225.99,4.26,0.9627,0.1,0.0,0.0,22.86,3.91,0.0894,1.0521,0.263
599,2026-08-07 05:45:00,2026-08-07,05:45,5.75,4,0,224.57,5.02,1.1273,0.44,0.0,0.0,21.11,3.44,0.0726,1.1999,0.3
600,2026-08-07 06:00:00,2026-08-07,06:00,6.0,4,0,224.07,3.18,0.7125,31.41,0.6,0.0189,23.95,2.86,0.0685,0.7999,0.2
601,2026-08-07 06:15:00,2026-08-07,06:15,6.25,4,0,225.73,4.31,0.9729,32.79,0.0,0.0,21.53,3.09,0.0665,1.0394,0.2599
602,2026-08-07 06:30:00,2026-08-07,06:30,6.5,4,0,222.18,3.86,0.8576,33.39,1.76,0.0588,23.75,3.0,0.0712,0.9876,0.2469
603,2026-08-07 06:45:00,2026-08-07,06:45,6.75,4,0,222.75,3.57,0.7952,34.72,2.7,0.0937,23.3,3.57,0.0832,0.9721,0.243
604,2026-08-07 07:00:00,2026-08-07,07:00,7.0,4,0,225.25,3.61,0.8131,35.94,2.26,0.0812,22.89,4.38,0.1003,0.9946,0.2487
605,2026-08-07 07:15:00,2026-08-07,07:15,7.25,4,0,223.79,3.97,0.8885,34.78,2.82,0.0981,22.8,2.25,0.0513,1.0379,0.2595
606,2026-08-07 07:30:00,2026-08-07,07:30,7.5,4,0,223.71,3.35,0.7494,36.15,4.69,0.1695,21.71,3.96,0.086,1.0049,0.2512
607,2026-08-07 07:45:00,2026-08-07,07:45,7.75,4,0,226.9,3.02,0.6852,35.85,5.26,0.1886,21.38,2.36,0.0505,0.9243,0.2311
608,2026-08-07 08:00:00,2026-08-07,08:00,8.0,4,0,224.48,11.62,2.6085,38.67,7.19,0.278,21.64,2.37,0.0513,2.9378,0.7345
609,2026-08-07 08:15:00,2026-08-07,08:15,8.25,4,0,227.41,12.62,2.8699,38.08,7.32,0.2787,19.44,2.21,0.043,3.1916,0.7979
610,2026-08-07 08:30:00,2026-08-07,08:30,8.5,4,0,225.75,10.32,2.3297,39.82,9.0,0.3584,19.99,1.55,0.031,2.7191,0.6798
611,2026-08-07 08:45:00,2026-08-07,08:45,8.75,4,0,224.65,12.6,2.8306,40.42,10.61,0.4289,18.34,1.13,0.0207,3.2802,0.82
612,2026-08-07 09:00:00,2026-08-07,09:00,9.0,4,0,223.42,12.32,2.7525,42.79,10.47,0.448,20.04,0.91,0.0182,3.2187,0.8047
613,2026-08-07 09:15:00,2026-08-07,09:15,9.25,4,0,225.11,12.3,2.7689,42.85,11.22,0.4808,19.92,1.51,0.0301,3.2798,0.8199
614,2026-08-07 09:30:00,2026-08-07,09:30,9.5,4,0,223.16,12.18,2.7181,43.31,11.6,0.5024,17.97,1.16,0.0209,3.2414,0.8104
615,2026-08-07 09:45:00,2026-08-07,09:45,9.75,4,0,226.63,13.58,3.0776,42.46,12.52,0.5316,21.91,0.37,0.0081,3.6173,0.9043
616,2026-08-07 10:00:00,2026-08-07,10:00,10.0,4,0,224.63,11.93,2.6798,43.81,11.65,0.5104,17.05,0.0,0.0,3.1902,0.7975
617,2026-08-07 10:15:00,2026-08-07,10:15,10.25,4,0,223.51,12.21,2.7291,43.88,10.79,0.4735,15.01,0.55,0.0083,3.2109,0.8027
618,2026-08-07 10:30:00,2026-08-07,10:30,10.5,4,0,227.48,14.04,3.1938,42.37,11.58,0.4906,18.07,0.0,0.0,3.6844,0.9211
619,2026-08-07 10:45:00,2026-08-07,10:45,10.75,4,0,225.77,12.08,2.7273,42.27,11.05,0.4671,17.53,0.0,0.0,3.1944,0.7986
620,2026-08-07 11:00:00,2026-08-07,11:00,11.0,4,0,223.11,14.28,3.186,42.41,10.69,0.4534,18.34,0.43,0.0079,3.6473,0.9118
621,2026-08-07 11:15:00,2026-08-07,11:15,11.25,4,0,224.91,15.82,3.5581,41.09,9.8,0.4027,16.69,0.55,0.0092,3.97,0.9925
622,2026-08-07 11:30:00,2026-08-07,11:30,11.5,4,0,223.85,14.26,3.1921,43.36,10.97,0.4757,15.8,0.05,0.0008,3.6686,0.9172
623,2026-08-07 11:45:00,2026-08-07,11:45,11.75,4,0,220.34,14.01,3.087,42.84,10.82,0.4635,17.47,0.33,0.0058,3.5563,0.8891
624,2026-08-07 12:00:00,2026-08-07,12:00,12.0,4,0,226.01,15.22,3.4399,40.92,10.85,0.444,17.0,1.16,0.0197,3.9036,0.9759
625,2026-08-07 12:15:00,2026-08-07,12:15,12.25,4,0,230.91,14.71,3.3967,42.81,10.64,0.4555,18.05,0.86,0.0155,3.8677,0.9669
626,2026-08-07 12:30:00,2026-08-07,12:30,12.5,4,0,224.2,15.0,3.363,44.08,11.66,0.514,17.22,1.19,0.0205,3.8975,0.9744
627,2026-08-07 12:45:00,2026-08-07,12:45,12.75,4,0,226.74,14.25,3.2311,43.65,11.45,0.4998,17.73,0.92,0.0163,3.7472,0.9368
628,2026-08-07 13:00:00,2026-08-07,13:00,13.0,4,0,224.3,15.7,3.5215,44.36,12.13,0.5381,17.33,0.47,0.0082,4.0678,1.017
629,2026-08-07 13:15:00,2026-08-07,13:15,13.25,4,0,226.84,14.74,3.3436,42.76,12.77,0.546,18.26,0.32,0.0058,3.8954,0.9738
630,2026-08-07 13:30:00,2026-08-07,13:30,13.5,4,0,229.86,13.66,3.1399,45.77,13.22,0.6051,17.6,1.42,0.025,3.77,0.9425
631,2026-08-07 13:45:00,2026-08-07,13:45,13.75,4,0,226.34,14.22,3.2186,46.05,13.48,0.6208,18.98,0.12,0.0023,3.8417,0.9604
632,2026-08-07 14:00:00,2026-08-07,14:00,14.0,4,0,228.3,14.55,3.3218,44.8,13.57,0.6079,16.57,1.55,0.0257,3.9554,0.9889
633,2026-08-07 14:15:00,2026-08-07,14:15,14.25,4,0,229.02,14.88,3.4078,44.87,13.15,0.59,17.26,0.88,0.0152,4.013,1.0032
634,2026-08-07 14:30:00,2026-08-07,14:30,14.5,4,0,229.68,14.31,3.2867,45.47,12.05,0.5479,17.05,0.59,0.0101,3.8447,0.9612
635,2026-08-07 14:45:00,2026-08-07,14:45,14.75,4,0,224.41,14.46,3.245,42.74,11.82,0.5052,18.65,0.86,0.016,3.7662,0.9415
636,2026-08-07 15:00:00,2026-08-07,15:00,15.0,4,0,228.55,13.92,3.1814,42.04,12.16,0.5112,19.49,0.59,0.0115,3.7041,0.926
637,2026-08-07 15:15:00,2026-08-07,15:15,15.25,4,0,228.19,15.32,3.4959,42.81,10.21,0.4371,17.72,1.08,0.0191,3.9521,0.988
638,2026-08-07 15:30:00,2026-08-07,15:30,15.5,4,0,229.97,14.45,3.3231,41.28,10.03,0.414,18.63,0.2,0.0037,3.7408,0.9352
639,2026-08-07 15:45:00,2026-08-07,15:45,15.75,4,0,223.8,14.57,3.2608,39.69,7.89,0.3131,18.34,1.87,0.0343,3.6082,0.9021
640,2026-08-07 16:00:00,2026-08-07,16:00,16.0,4,0,228.86,13.62,3.1171,39.58,7.01,0.2775,18.12,0.94,0.017,3.4116,0.8529
641,2026-08-07 16:15:00,2026-08-07,16:15,16.25,4,0,229.02,13.98,3.2017,38.27,6.04,0.2311,17.25,1.35,0.0233,3.4561,0.864
642,2026-08-07 16:30:00,2026-08-07,16:30,16.5,4,0,228.49,13.62,3.112,37.87,4.97,0.1882,17.72,0.65,0.0115,3.3117,0.8279
643,2026-08-07 16:45:00,2026-08-07,16:45,16.75,4,0,227.44,13.47,3.0636,36.76,4.57,0.168,21.02,1.2,0.0252,3.2568,0.8142
644,2026-08-07 17:00:00,2026-08-07,17:00,17.0,4,0,229.83,13.04,2.997,35.06,3.62,0.1269,18.82,2.59,0.0487,3.1726,0.7932
645,2026-08-07 17:15:00,2026-08-07,17:15,17.25,4,0,228.17,12.89,2.9411,35.11,3.52,0.1236,20.29,0.0,0.0,3.0647,0.7662
646,2026-08-07 17:30:00,2026-08-07,17:30,17.5,4,0,225.3,12.61,2.841,35.49,1.96,0.0696,18.19,0.89,0.0162,2.9268,0.7317
647,2026-08-07 17:45:00,2026-08-07,17:45,17.75,4,0,227.75,12.03,2.7398,33.28,2.21,0.0735,18.52,0.0,0.0,2.8133,0.7033
648,2026-08-07 18:00:00,2026-08-07,18:00,18.0,4,0,228.29,11.7,2.671,33.24,1.24,0.0412,16.53,1.39,0.023,2.7352,0.6838
649,2026-08-07 18:15:00,2026-08-07,18:15,18.25,4,0,234.44,13.54,3.1743,32.38,0.96,0.0311,14.63,1.25,0.0183,3.2237,0.8059
650,2026-08-07 18:30:00,2026-08-07,18:30,18.5,4,0,233.53,12.82,2.9939,30.9,0.26,0.008,19.84,1.81,0.0359,3.0378,0.7594
651,2026-08-07 18:45:00,2026-08-07,18:45,18.75,4,0,233.64,10.65,2.4883,0.62,0.0,0.0,18.37,0.73,0.0134,2.5017,0.6254
652,2026-08-07 19:00:00,2026-08-07,19:00,19.0,4,0,232.17,10.16,2.3588,0.63,0.0,0.0,18.78,0.31,0.0058,2.3646,0.5911
653,2026-08-07 19:15:00,2026-08-07,19:15,19.25,4,0,235.38,4.27,1.0051,0.18,0.0,0.0,16.13,1.1,0.0177,1.0228,0.2557
654,2026-08-07 19:30:00,2026-08-07,19:30,19.5,4,0,228.61,5.11,1.1682,0.77,0.0,0.0,18.81,1.39,0.0261,1.1943,0.2986
655,2026-08-07 19:45:00,2026-08-07,19:45,19.75,4,0,231.92,4.86,1.1271,0.57,0.0,0.0,17.72,1.15,0.0204,1.1475,0.2869
656,2026-08-07 20:00:00,2026-08-07,20:00,20.0,4,0,229.86,4.05,0.9309,0.69,0.0,0.0,18.17,1.21,0.022,0.9529,0.2382
657,2026-08-07 20:15:00,2026-08-07,20:15,20.25,4,0,234.85,4.86,1.1414,0.55,0.0,0.0,18.63,0.2,0.0037,1.1451,0.2863
658,2026-08-07 20:30:00,2026-08-07,20:30,20.5,4,0,231.15,3.76,0.8691,0.25,0.0,0.0,17.38,0.38,0.0066,0.8757,0.2189
659,2026-08-07 20:45:00,2026-08-07,20:45,20.75,4,0,232.26,4.51,1.0475,0.36,0.0,0.0,19.42,1.54,0.0299,1.0774,0.2693
660,2026-08-07 21:00:00,2026-08-07,21:00,21.0,4,0,235.4,3.7,0.871,0.57,0.0,0.0,18.48,0.83,0.0153,0.8863,0.2216
661,2026-08-07 21:15:00,2026-08-07,21:15,21.25,4,0,234.33,5.45,1.2771,0.17,0.0,0.0,20.22,2.89,0.0584,1.3355,0.3339
662,2026-08-07 21:30:00,2026-08-07,21:30,21.5,4,0,233.18,4.06,0.9467,0.76,0.0,0.0,19.91,2.2,0.0438,0.9905,0.2476
663,2026-08-07 21:45:00,2026-08-07,21:45,21.75,4,0,234.17,3.51,0.8219,0.17,0.0,0.0,21.9,1.5,0.0329,0.8548,0.2137
664,2026-08-07 22:00:00,2026-08-07,22:00,22.0,4,0,232.86,3.21,0.7475,0.31,0.0,0.0,21.66,2.24,0.0485,0.796,0.199
665,2026-08-07 22:15:00,2026-08-07,22:15,22.25,4,0,233.03,3.98,0.9275,0.62,0.0,0.0,20.1,2.02,0.0406,0.9681,0.242
666,2026-08-07 22:30:00,2026-08-07,22:30,22.5,4,0,236.32,3.09,0.7302,0.25,0.0,0.0,22.8,3.54,0.0807,0.8109,0.2027
667,2026-08-07 22:45:00,2026-08-07,22:45,22.75,4,0,233.55,4.53,1.058,0.61,0.0,0.0,23.28,2.68,0.0624,1.1204,0.2801
668,2026-08-07 23:00:00,2026-08-07,23:00,23.0,4,0,232.82,2.28,0.5308,0.58,0.0,0.0,23.88,5.03,0.1201,0.6509,0.1627
669,2026-08-07 23:15:00,2026-08-07,23:15,23.25,4,0,233.94,3.72,0.8703,0.45,0.0,0.0,23.66,2.84,0.0672,0.9375,0.2344
670,2026-08-07 23:30:00,2026-08-07,23:30,23.5,4,0,235.03,1.97,0.463,0.71,0.0,0.0,29.5,5.66,0.167,0.63,0.1575
671,2026-08-07 23:45:00,2026-08-07,23:45,23.75,4,0,233.43,3.05,0.712,0.25,0.0,0.0,23.3,2.79,0.065,0.777,0.1943
672,2026-08-08 00:00:00,2026-08-08,00:00,0.0,5,1,231.19,2.61,0.6034,0.37,0.0,0.0,18.36,0.88,0.0162,0.6196,0.1549
673,2026-08-08 00:15:00,2026-08-08,00:15,0.25,5,1,232.57,3.76,0.8745,0.09,0.0,0.0,18.74,1.01,0.0189,0.8934,0.2233
674,2026-08-08 00:30:00,2026-08-08,00:30,0.5,5,1,236.37,4.19,0.9904,0.37,0.0,0.0,17.54,0.34,0.006,0.9964,0.2491
675,2026-08-08 00:45:00,2026-08-08,00:45,0.75,5,1,233.29,2.42,0.5646,0.44,0.0,0.0,17.98,0.28,0.005,0.5696,0.1424
676,2026-08-08 01:00:00,2026-08-08,01:00,1.0,5,1,231.85,4.09,0.9483,0.08,0.0,0.0,19.95,0.92,0.0184,0.9667,0.2417
677,2026-08-08 01:15:00,2026-08-08,01:15,1.25,5,1,231.2,4.03,0.9317,0.5,0.0,0.0,17.01,0.37,0.0063,0.938,0.2345
678,2026-08-08 01:30:00,2026-08-08,01:30,1.5,5,1,233.48,3.94,0.9199,0.49,0.0,0.0,18.48,0.93,0.0172,0.9371,0.2343
679,2026-08-08 01:45:00,2026-08-08,01:45,1.75,5,1,231.32,4.75,1.0988,0.27,0.0,0.0,17.89,0.64,0.0115,1.1103,0.2776
680,2026-08-08 02:00:00,2026-08-08,02:00,2.0,5,1,233.49,4.63,1.0811,0.78,0.0,0.0,18.9,0.27,0.0051,1.0862,0.2716
681,2026-08-08 02:15:00,2026-08-08,02:15,2.25,5,1,232.57,4.29,0.9977,0.03,0.0,0.0,19.06,0.6,0.0114,1.0091,0.2523
682,2026-08-08 02:30:00,2026-08-08,02:30,2.5,5,1,231.1,5.76,1.3311,0.04,0.0,0.0,14.5,0.86,0.0125,1.3436,0.3359
683,2026-08-08 02:45:00,2026-08-08,02:45,2.75,5,1,232.68,4.72,1.0982,0.05,0.0,0.0,17.42,0.88,0.0153,1.1135,0.2784
684,2026-08-08 03:00:00,2026-08-08,03:00,3.0,5,1,227.46,4.36,0.9917,0.55,0.0,0.0,19.05,0.41,0.0078,0.9995,0.2499
685,2026-08-08 03:15:00,2026-08-08,03:15,3.25,5,1,229.17,4.89,1.1206,0.03,0.0,0.0,18.7,0.9,0.0168,1.1374,0.2843
686,2026-08-08 03:30:00,2026-08-08,03:30,3.5,5,1,230.79,5.36,1.237,0.37,0.0,0.0,16.83,0.41,0.0069,1.2439,0.311
687,2026-08-08 03:45:00,2026-08-08,03:45,3.75,5,1,232.08,5.52,1.2811,0.7,0.0,0.0,17.87,0.0,0.0,1.2811,0.3203
688,2026-08-08 04:00:00,2026-08-08,04:00,4.0,5,1,230.24,5.52,1.2709,0.27,0.0,0.0,17.62,1.03,0.0181,1.289,0.3222
689,2026-08-08 04:15:00,2026-08-08,04:15,4.25,5,1,233.12,4.34,1.0117,0.15,0.0,0.0,17.65,0.36,0.0063,1.018,0.2545
690,2026-08-08 04:30:00,2026-08-08,04:30,4.5,5,1,230.4,4.25,0.9792,0.66,0.0,0.0,15.9,0.0,0.0,0.9792,0.2448
691,2026-08-08 04:45:00,2026-08-08,04:45,4.75,5,1,231.22,5.45,1.2602,0.59,0.0,0.0,17.43,1.71,0.0298,1.29,0.3225
692,2026-08-08 05:00:00,2026-08-08,05:00,5.0,5,1,228.27,4.32,0.9861,0.1,0.0,0.0,18.67,1.13,0.0211,1.0072,0.2518
693,2026-08-08 05:15:00,2026-08-08,05:15,5.25,5,1,230.33,4.72,1.0872,0.49,0.0,0.0,19.66,1.97,0.0387,1.1259,0.2815
694,2026-08-08 05:30:00,2026-08-08,05:30,5.5,5,1,230.58,4.73,1.0906,0.23,0.0,0.0,18.76,0.02,0.0004,1.091,0.2727
695,2026-08-08 05:45:00,2026-08-08,05:45,5.75,5,1,229.75,3.73,0.857,0.19,0.0,0.0,19.99,1.45,0.029,0.886,0.2215
696,2026-08-08 06:00:00,2026-08-08,06:00,6.0,5,1,228.21,3.95,0.9014,32.0,0.81,0.0259,18.57,1.15,0.0214,0.9487,0.2372
697,2026-08-08 06:15:00,2026-08-08,06:15,6.25,5,1,227.26,5.12,1.1636,33.34,0.7,0.0233,17.89,0.77,0.0138,1.2007,0.3002
698,2026-08-08 06:30:00,2026-08-08,06:30,6.5,5,1,226.8,3.24,0.7348,34.48,0.89,0.0307,20.05,2.41,0.0483,0.8138,0.2034
699,2026-08-08 06:45:00,2026-08-08,06:45,6.75,5,1,227.94,4.05,0.9232,34.0,2.7,0.0918,21.23,2.72,0.0578,1.0728,0.2682
700,2026-08-08 07:00:00,2026-08-08,07:00,7.0,5,1,226.62,3.29,0.7456,34.86,3.34,0.1164,22.18,2.57,0.057,0.919,0.2298
701,2026-08-08 07:15:00,2026-08-08,07:15,7.25,5,1,229.08,4.5,1.0309,34.92,5.11,0.1784,23.44,3.94,0.0923,1.3016,0.3254
702,2026-08-08 07:30:00,2026-08-08,07:30,7.5,5,1,229.69,3.33,0.7649,37.42,4.79,0.1792,25.01,3.08,0.077,1.0211,0.2553
703,2026-08-08 07:45:00,2026-08-08,07:45,7.75,5,1,229.2,3.14,0.7197,36.99,5.17,0.1912,24.8,2.62,0.065,0.9759,0.244
704,2026-08-08 08:00:00,2026-08-08,08:00,8.0,5,1,224.5,1.76,0.3951,38.11,5.12,0.1951,23.4,3.18,0.0744,0.6646,0.1661
705,2026-08-08 08:15:00,2026-08-08,08:15,8.25,5,1,228.98,2.87,0.6572,37.42,6.0,0.2245,23.56,4.82,0.1136,0.9953,0.2488
706,2026-08-08 08:30:00,2026-08-08,08:30,8.5,5,1,229.91,1.82,0.4184,38.23,6.15,0.2351,23.61,5.45,0.1287,0.7822,0.1956
707,2026-08-08 08:45:00,2026-08-08,08:45,8.75,5,1,224.26,2.5,0.5606,38.82,6.44,0.25,23.57,3.65,0.086,0.8966,0.2241
708,2026-08-08 09:00:00,2026-08-08,09:00,9.0,5,1,227.03,3.14,0.7129,38.72,7.53,0.2916,22.87,3.72,0.0851,1.0896,0.2724
709,2026-08-08 09:15:00,2026-08-08,09:15,9.25,5,1,225.99,2.09,0.4723,40.65,7.96,0.3236,23.74,3.87,0.0919,0.8878,0.222
710,2026-08-08 09:30:00,2026-08-08,09:30,9.5,5,1,224.63,2.07,0.465,40.24,8.84,0.3557,25.79,5.48,0.1413,0.962,0.2405
711,2026-08-08 09:45:00,2026-08-08,09:45,9.75,5,1,226.63,3.41,0.7728,41.04,9.47,0.3886,26.86,3.72,0.0999,1.2613,0.3153
712,2026-08-08 10:00:00,2026-08-08,10:00,10.0,5,1,226.19,1.64,0.371,42.47,10.86,0.4612,26.05,5.85,0.1524,0.9846,0.2462
713,2026-08-08 10:15:00,2026-08-08,10:15,10.25,5,1,225.88,2.62,0.5918,43.49,12.72,0.5532,20.11,3.82,0.0768,1.2218,0.3054
714,2026-08-08 10:30:00,2026-08-08,10:30,10.5,5,1,225.04,1.42,0.3196,43.52,13.38,0.5823,21.4,2.49,0.0533,0.9552,0.2388
715,2026-08-08 10:45:00,2026-08-08,10:45,10.75,5,1,228.15,1.43,0.3262,45.34,13.05,0.5917,26.23,5.19,0.1361,1.054,0.2635
716,2026-08-08 11:00:00,2026-08-08,11:00,11.0,5,1,229.19,1.36,0.3117,46.96,14.08,0.6612,22.73,2.84,0.0645,1.0374,0.2594
717,2026-08-08 11:15:00,2026-08-08,11:15,11.25,5,1,226.9,2.18,0.4946,44.98,14.56,0.6549,24.49,3.59,0.0879,1.2374,0.3094
718,2026-08-08 11:30:00,2026-08-08,11:30,11.5,5,1,225.03,3.07,0.6908,45.04,14.86,0.6693,20.25,1.31,0.0265,1.3866,0.3467
719,2026-08-08 11:45:00,2026-08-08,11:45,11.75,5,1,226.38,3.64,0.824,45.65,15.68,0.7158,19.69,3.54,0.0697,1.6095,0.4024
720,2026-08-08 12:00:00,2026-08-08,12:00,12.0,5,1,225.74,1.0,0.2257,46.04,14.39,0.6625,20.67,3.71,0.0767,0.9649,0.2412
721,2026-08-08 12:15:00,2026-08-08,12:15,12.25,5,1,227.01,1.0,0.227,45.41,13.55,0.6153,18.23,2.9,0.0529,0.8952,0.2238
722,2026-08-08 12:30:00,2026-08-08,12:30,12.5,5,1,224.76,2.24,0.5035,44.41,12.7,0.564,20.31,2.22,0.0451,1.1126,0.2782
723,2026-08-08 12:45:00,2026-08-08,12:45,12.75,5,1,221.28,1.0,0.2213,44.71,12.06,0.5392,18.15,2.24,0.0407,0.8012,0.2003
724,2026-08-08 13:00:00,2026-08-08,13:00,13.0,5,1,227.69,2.39,0.5442,44.04,12.54,0.5523,16.55,1.28,0.0212,1.1177,0.2794
725,2026-08-08 13:15:00,2026-08-08,13:15,13.25,5,1,228.06,1.48,0.3375,41.94,10.72,0.4496,15.97,0.0,0.0,0.7871,0.1968
726,2026-08-08 13:30:00,2026-08-08,13:30,13.5,5,1,225.53,2.23,0.5029,42.3,10.17,0.4302,18.72,0.37,0.0069,0.94,0.235
727,2026-08-08 13:45:00,2026-08-08,13:45,13.75,5,1,227.82,3.04,0.6926,41.0,9.75,0.3997,22.29,3.53,0.0787,1.171,0.2928
728,2026-08-08 14:00:00,2026-08-08,14:00,14.0,5,1,225.98,3.34,0.7548,41.58,9.9,0.4116,20.95,2.49,0.0522,1.2186,0.3046
729,2026-08-08 14:15:00,2026-08-08,14:15,14.25,5,1,227.59,2.46,0.5599,40.07,10.39,0.4163,23.21,3.37,0.0782,1.0544,0.2636
730,2026-08-08 14:30:00,2026-08-08,14:30,14.5,5,1,226.63,2.87,0.6504,39.33,10.44,0.4106,20.24,2.11,0.0427,1.1037,0.2759
731,2026-08-08 14:45:00,2026-08-08,14:45,14.75,5,1,229.94,2.58,0.5933,42.23,9.6,0.4054,20.91,2.27,0.0475,1.0462,0.2616
732,2026-08-08 15:00:00,2026-08-08,15:00,15.0,5,1,224.49,3.03,0.6802,41.0,9.69,0.3973,23.45,4.52,0.106,1.1835,0.2959
733,2026-08-08 15:15:00,2026-08-08,15:15,15.25,5,1,225.41,1.0,0.2254,41.07,9.12,0.3746,28.11,6.01,0.1689,0.7689,0.1922
734,2026-08-08 15:30:00,2026-08-08,15:30,15.5,5,1,226.34,2.5,0.5659,41.33,9.1,0.3761,26.02,5.48,0.1426,1.0846,0.2712
735,2026-08-08 15:45:00,2026-08-08,15:45,15.75,5,1,225.29,4.05,0.9124,40.15,9.37,0.3762,25.04,3.42,0.0856,1.3742,0.3436
736,2026-08-08 16:00:00,2026-08-08,16:00,16.0,5,1,227.34,4.09,0.9298,40.08,8.12,0.3254,28.18,6.26,0.1764,1.4316,0.3579
737,2026-08-08 16:15:00,2026-08-08,16:15,16.25,5,1,227.48,4.48,1.0191,39.71,8.07,0.3205,30.8,7.65,0.2356,1.5752,0.3938
738,2026-08-08 16:30:00,2026-08-08,16:30,16.5,5,1,229.07,3.44,0.788,36.36,6.91,0.2512,32.71,8.06,0.2636,1.3028,0.3257
739,2026-08-08 16:45:00,2026-08-08,16:45,16.75,5,1,229.38,3.74,0.8579,36.48,5.7,0.2079,31.55,8.58,0.2707,1.3365,0.3341
740,2026-08-08 17:00:00,2026-08-08,17:00,17.0,5,1,226.11,3.72,0.8411,36.53,5.23,0.191,26.12,5.19,0.1356,1.1677,0.2919
741,2026-08-08 17:15:00,2026-08-08,17:15,17.25,5,1,227.34,5.57,1.2663,37.74,4.1,0.1547,26.46,5.44,0.1439,1.5649,0.3912
742,2026-08-08 17:30:00,2026-08-08,17:30,17.5,5,1,226.2,3.62,0.8188,36.57,3.33,0.1218,32.44,8.63,0.28,1.2206,0.3051
743,2026-08-08 17:45:00,2026-08-08,17:45,17.75,5,1,227.31,3.82,0.8683,35.3,1.79,0.0632,32.28,8.49,0.2741,1.2056,0.3014
744,2026-08-08 18:00:00,2026-08-08,18:00,18.0,5,1,227.47,5.0,1.1373,32.75,2.16,0.0707,30.14,8.17,0.2462,1.4542,0.3635
745,2026-08-08 18:15:00,2026-08-08,18:15,18.25,5,1,227.91,3.28,0.7475,32.98,1.25,0.0412,34.37,9.37,0.3221,1.1108,0.2777
746,2026-08-08 18:30:00,2026-08-08,18:30,18.5,5,1,228.54,5.59,1.2775,31.35,0.0,0.0,27.04,6.45,0.1744,1.4519,0.363
747,2026-08-08 18:45:00,2026-08-08,18:45,18.75,5,1,231.51,4.47,1.0348,0.75,0.0,0.0,29.36,6.22,0.1826,1.2174,0.3044
748,2026-08-08 19:00:00,2026-08-08,19:00,19.0,5,1,224.9,4.28,0.9626,0.09,0.0,0.0,30.77,7.08,0.2178,1.1804,0.2951
749,2026-08-08 19:15:00,2026-08-08,19:15,19.25,5,1,226.71,6.32,1.4328,0.76,0.0,0.0,29.36,7.3,0.2143,1.6471,0.4118
750,2026-08-08 19:30:00,2026-08-08,19:30,19.5,5,1,230.78,5.36,1.237,0.11,0.0,0.0,27.14,4.71,0.1278,1.3648,0.3412
751,2026-08-08 19:45:00,2026-08-08,19:45,19.75,5,1,227.91,3.74,0.8524,0.39,0.0,0.0,24.79,4.2,0.1041,0.9565,0.2391
752,2026-08-08 20:00:00,2026-08-08,20:00,20.0,5,1,229.87,4.32,0.993,0.04,0.0,0.0,27.12,6.3,0.1709,1.1639,0.291
753,2026-08-08 20:15:00,2026-08-08,20:15,20.25,5,1,231.85,4.34,1.0062,0.26,0.0,0.0,21.46,3.75,0.0805,1.0867,0.2717
754,2026-08-08 20:30:00,2026-08-08,20:30,20.5,5,1,228.78,5.29,1.2103,0.11,0.0,0.0,23.85,5.07,0.1209,1.3312,0.3328
755,2026-08-08 20:45:00,2026-08-08,20:45,20.75,5,1,231.3,4.67,1.0802,0.12,0.0,0.0,24.58,3.58,0.088,1.1682,0.292
756,2026-08-08 21:00:00,2026-08-08,21:00,21.0,5,1,229.01,5.61,1.2848,0.74,0.0,0.0,20.27,1.35,0.0274,1.3122,0.3281
757,2026-08-08 21:15:00,2026-08-08,21:15,21.25,5,1,227.56,4.39,0.999,0.1,0.0,0.0,17.5,1.07,0.0187,1.0177,0.2544
758,2026-08-08 21:30:00,2026-08-08,21:30,21.5,5,1,232.01,4.72,1.0951,0.12,0.0,0.0,15.76,0.97,0.0153,1.1104,0.2776
759,2026-08-08 21:45:00,2026-08-08,21:45,21.75,5,1,230.19,3.56,0.8195,0.29,0.0,0.0,23.16,2.88,0.0667,0.8862,0.2215
760,2026-08-08 22:00:00,2026-08-08,22:00,22.0,5,1,230.25,5.01,1.1535,0.46,0.0,0.0,22.51,2.45,0.0551,1.2086,0.3021
761,2026-08-08 22:15:00,2026-08-08,22:15,22.25,5,1,229.34,4.25,0.9747,0.52,0.0,0.0,26.55,4.4,0.1168,1.0915,0.2729
762,2026-08-08 22:30:00,2026-08-08,22:30,22.5,5,1,232.62,4.81,1.1189,0.13,0.0,0.0,25.12,3.93,0.0987,1.2176,0.3044
763,2026-08-08 22:45:00,2026-08-08,22:45,22.75,5,1,230.2,3.33,0.7666,0.01,0.0,0.0,21.0,0.5,0.0105,0.7771,0.1943
764,2026-08-08 23:00:00,2026-08-08,23:00,23.0,5,1,234.68,4.32,1.0138,0.67,0.0,0.0,22.32,3.17,0.0707,1.0845,0.2711
765,2026-08-08 23:15:00,2026-08-08,23:15,23.25,5,1,232.43,3.66,0.8507,0.08,0.0,0.0,26.14,3.58,0.0936,0.9443,0.2361
766,2026-08-08 23:30:00,2026-08-08,23:30,23.5,5,1,233.32,3.09,0.721,0.05,0.0,0.0,34.75,7.78,0.2704,0.9914,0.2478
767,2026-08-08 23:45:00,2026-08-08,23:45,23.75,5,1,233.84,3.8,0.8886,0.16,0.0,0.0,26.62,5.85,0.1557,1.0443,0.2611
768,2026-08-09 00:00:00,2026-08-09,00:00,0.0,6,1,234.0,3.88,0.9079,0.17,0.0,0.0,26.36,5.28,0.1392,1.0471,0.2618
769,2026-08-09 00:15:00,2026-08-09,00:15,0.25,6,1,232.6,2.56,0.5955,0.31,0.0,0.0,24.54,4.47,0.1097,0.7052,0.1763
770,2026-08-09 00:30:00,2026-08-09,00:30,0.5,6,1,231.69,3.33,0.7715,0.58,0.0,0.0,27.27,5.53,0.1508,0.9223,0.2306
771,2026-08-09 00:45:00,2026-08-09,00:45,0.75,6,1,227.91,3.26,0.743,0.35,0.0,0.0,27.89,5.91,0.1648,0.9078,0.227
772,2026-08-09 01:00:00,2026-08-09,01:00,1.0,6,1,235.62,3.87,0.9119,0.29,0.0,0.0,32.49,7.41,0.2407,1.1526,0.2882
773,2026-08-09 01:15:00,2026-08-09,01:15,1.25,6,1,231.53,4.02,0.9307,0.46,0.0,0.0,28.95,6.56,0.1899,1.1206,0.2802
774,2026-08-09 01:30:00,2026-08-09,01:30,1.5,6,1,233.71,5.72,1.3368,0.44,0.0,0.0,27.56,5.31,0.1463,1.4831,0.3708
775,2026-08-09 01:45:00,2026-08-09,01:45,1.75,6,1,229.14,4.39,1.0059,0.41,0.0,0.0,34.78,8.28,0.288,1.2939,0.3235
776,2026-08-09 02:00:00,2026-08-09,02:00,2.0,6,1,232.8,3.96,0.9219,0.37,0.0,0.0,27.04,6.74,0.1822,1.1041,0.276
777,2026-08-09 02:15:00,2026-08-09,02:15,2.25,6,1,235.98,4.16,0.9817,0.06,0.0,0.0,35.21,8.97,0.3158,1.2975,0.3244
778,2026-08-09 02:30:00,2026-08-09,02:30,2.5,6,1,233.75,4.3,1.0051,0.03,0.0,0.0,32.52,8.1,0.2634,1.2685,0.3171
779,2026-08-09 02:45:00,2026-08-09,02:45,2.75,6,1,234.69,5.0,1.1735,0.54,0.0,0.0,30.21,6.6,0.1994,1.3729,0.3432
780,2026-08-09 03:00:00,2026-08-09,03:00,3.0,6,1,233.52,3.48,0.8126,0.36,0.0,0.0,27.03,4.83,0.1305,0.9431,0.2358
781,2026-08-09 03:15:00,2026-08-09,03:15,3.25,6,1,231.63,4.99,1.1558,0.27,0.0,0.0,32.94,8.25,0.2717,1.4275,0.3569
782,2026-08-09 03:30:00,2026-08-09,03:30,3.5,6,1,235.23,6.35,1.4937,0.02,0.0,0.0,26.5,6.69,0.1773,1.671,0.4178
783,2026-08-09 03:45:00,2026-08-09,03:45,3.75,6,1,237.67,4.08,0.9697,0.45,0.0,0.0,30.52,6.78,0.2069,1.1766,0.2942
784,2026-08-09 04:00:00,2026-08-09,04:00,4.0,6,1,235.48,5.45,1.2834,0.79,0.0,0.0,25.3,5.26,0.1331,1.4165,0.3541
785,2026-08-09 04:15:00,2026-08-09,04:15,4.25,6,1,230.57,4.99,1.1505,0.71,0.0,0.0,29.11,6.1,0.1776,1.3281,0.332
786,2026-08-09 04:30:00,2026-08-09,04:30,4.5,6,1,231.81,3.88,0.8994,0.41,0.0,0.0,27.59,5.19,0.1432,1.0426,0.2606
787,2026-08-09 04:45:00,2026-08-09,04:45,4.75,6,1,233.2,3.29,0.7672,0.73,0.0,0.0,21.47,3.64,0.0782,0.8454,0.2114
788,2026-08-09 05:00:00,2026-08-09,05:00,5.0,6,1,233.93,4.77,1.1159,0.05,0.0,0.0,20.66,2.8,0.0578,1.1737,0.2934
789,2026-08-09 05:15:00,2026-08-09,05:15,5.25,6,1,235.54,5.61,1.3214,0.75,0.0,0.0,24.69,4.88,0.1205,1.4419,0.3605
790,2026-08-09 05:30:00,2026-08-09,05:30,5.5,6,1,234.5,5.45,1.278,0.44,0.0,0.0,17.77,0.79,0.014,1.292,0.323
791,2026-08-09 05:45:00,2026-08-09,05:45,5.75,6,1,233.08,4.66,1.0862,0.39,0.0,0.0,21.73,2.35,0.0511,1.1373,0.2843
792,2026-08-09 06:00:00,2026-08-09,06:00,6.0,6,1,230.51,3.72,0.8575,30.89,0.85,0.0263,20.32,2.87,0.0583,0.9421,0.2355
793,2026-08-09 06:15:00,2026-08-09,06:15,6.25,6,1,231.7,3.56,0.8248,32.72,1.22,0.0399,22.46,3.09,0.0694,0.9341,0.2335
794,2026-08-09 06:30:00,2026-08-09,06:30,6.5,6,1,234.36,4.11,0.9632,32.58,1.49,0.0485,17.77,0.54,0.0096,1.0213,0.2553
795,2026-08-09 06:45:00,2026-08-09,06:45,6.75,6,1,238.12,3.81,0.9072,33.08,2.24,0.0741,24.3,2.75,0.0668,1.0481,0.262
796,2026-08-09 07:00:00,2026-08-09,07:00,7.0,6,1,230.6,4.27,0.9847,33.98,3.02,0.1026,20.34,2.6,0.0529,1.1402,0.2851
797,2026-08-09 07:15:00,2026-08-09,07:15,7.25,6,1,232.12,3.37,0.7822,36.02,4.3,0.1549,22.52,3.47,0.0781,1.0152,0.2538
798,2026-08-09 07:30:00,2026-08-09,07:30,7.5,6,1,233.94,3.73,0.8726,35.75,5.28,0.1888,24.75,3.47,0.0859,1.1473,0.2868
799,2026-08-09 07:45:00,2026-08-09,07:45,7.75,6,1,231.92,2.86,0.6633,38.42,6.8,0.2613,23.3,3.14,0.0732,0.9978,0.2495
800,2026-08-09 08:00:00,2026-08-09,08:00,8.0,6,1,232.76,2.96,0.689,39.53,7.43,0.2937,30.29,7.86,0.2381,1.2208,0.3052
801,2026-08-09 08:15:00,2026-08-09,08:15,8.25,6,1,231.89,2.35,0.5449,39.76,8.21,0.3264,34.32,8.47,0.2907,1.162,0.2905
802,2026-08-09 08:30:00,2026-08-09,08:30,8.5,6,1,233.19,1.36,0.3171,40.4,8.89,0.3592,30.66,6.35,0.1947,0.871,0.2177
803,2026-08-09 08:45:00,2026-08-09,08:45,8.75,6,1,232.28,2.14,0.4971,40.12,9.62,0.386,24.06,3.62,0.0871,0.9702,0.2425
804,2026-08-09 09:00:00,2026-08-09,09:00,9.0,6,1,233.38,3.8,0.8868,40.36,8.93,0.3604,29.49,6.78,0.1999,1.4471,0.3618
805,2026-08-09 09:15:00,2026-08-09,09:15,9.25,6,1,231.42,2.26,0.523,41.9,10.59,0.4437,24.69,4.63,0.1143,1.081,0.2702
806,2026-08-09 09:30:00,2026-08-09,09:30,9.5,6,1,230.41,3.49,0.8041,41.16,10.11,0.4161,33.58,7.92,0.2659,1.4861,0.3715
807,2026-08-09 09:45:00,2026-08-09,09:45,9.75,6,1,231.11,2.89,0.6679,41.36,9.67,0.3999,36.28,9.89,0.3588,1.4266,0.3567
808,2026-08-09 10:00:00,2026-08-09,10:00,10.0,6,1,231.98,2.6,0.6031,43.44,10.4,0.4518,37.89,10.48,0.3971,1.452,0.363
809,2026-08-09 10:15:00,2026-08-09,10:15,10.25,6,1,231.64,2.05,0.4749,40.57,9.8,0.3976,37.37,10.63,0.3972,1.2697,0.3174
810,2026-08-09 10:30:00,2026-08-09,10:30,10.5,6,1,231.86,1.54,0.3571,40.99,9.25,0.3792,42.13,12.75,0.5372,1.2735,0.3184
811,2026-08-09 10:45:00,2026-08-09,10:45,10.75,6,1,229.47,3.88,0.8903,40.61,9.71,0.3943,38.82,11.48,0.4456,1.7302,0.4325
812,2026-08-09 11:00:00,2026-08-09,11:00,11.0,6,1,234.21,2.13,0.4989,40.82,10.01,0.4086,40.41,9.98,0.4033,1.3108,0.3277
813,2026-08-09 11:15:00,2026-08-09,11:15,11.25,6,1,232.92,1.86,0.4332,42.69,10.45,0.4461,34.94,9.29,0.3246,1.2039,0.301
814,2026-08-09 11:30:00,2026-08-09,11:30,11.5,6,1,232.31,1.7,0.3949,42.03,10.24,0.4304,39.78,10.9,0.4336,1.2589,0.3147
815,2026-08-09 11:45:00,2026-08-09,11:45,11.75,6,1,229.39,1.37,0.3143,41.92,11.24,0.4712,31.63,7.51,0.2375,1.023,0.2557
816,2026-08-09 12:00:00,2026-08-09,12:00,12.0,6,1,227.23,3.12,0.709,44.78,11.95,0.5351,36.61,10.64,0.3895,1.6336,0.4084
817,2026-08-09 12:15:00,2026-08-09,12:15,12.25,6,1,228.49,2.49,0.5689,44.01,12.38,0.5448,38.24,11.76,0.4497,1.5634,0.3908
818,2026-08-09 12:30:00,2026-08-09,12:30,12.5,6,1,227.6,2.25,0.5121,44.73,14.08,0.6298,26.47,5.45,0.1443,1.2862,0.3216
819,2026-08-09 12:45:00,2026-08-09,12:45,12.75,6,1,229.71,1.36,0.3124,46.07,14.71,0.6777,35.83,9.07,0.325,1.3151,0.3288
820,2026-08-09 13:00:00,2026-08-09,13:00,13.0,6,1,227.18,2.83,0.6429,45.37,14.98,0.6796,36.51,8.95,0.3268,1.6493,0.4123
821,2026-08-09 13:15:00,2026-08-09,13:15,13.25,6,1,227.52,2.88,0.6553,45.81,14.65,0.6711,32.58,7.94,0.2587,1.5851,0.3963
822,2026-08-09 13:30:00,2026-08-09,13:30,13.5,6,1,228.6,1.82,0.4161,46.48,14.73,0.6846,28.09,5.25,0.1475,1.2482,0.312
823,2026-08-09 13:45:00,2026-08-09,13:45,13.75,6,1,227.25,1.61,0.3659,44.62,13.91,0.6207,29.84,7.42,0.2214,1.208,0.302
824,2026-08-09 14:00:00,2026-08-09,14:00,14.0,6,1,227.41,2.07,0.4707,43.58,13.3,0.5796,25.15,4.33,0.1089,1.1592,0.2898
825,2026-08-09 14:15:00,2026-08-09,14:15,14.25,6,1,226.25,3.13,0.7082,44.18,12.69,0.5606,23.5,4.14,0.0973,1.3661,0.3415
826,2026-08-09 14:30:00,2026-08-09,14:30,14.5,6,1,229.08,1.28,0.2932,42.67,11.51,0.4911,25.66,3.6,0.0924,0.8767,0.2192
827,2026-08-09 14:45:00,2026-08-09,14:45,14.75,6,1,227.15,2.28,0.5179,41.48,10.44,0.433,24.22,4.94,0.1197,1.0706,0.2676
828,2026-08-09 15:00:00,2026-08-09,15:00,15.0,6,1,224.81,2.39,0.5373,40.88,10.42,0.426,18.63,1.4,0.0261,0.9894,0.2473
829,2026-08-09 15:15:00,2026-08-09,15:15,15.25,6,1,227.77,3.36,0.7653,40.51,8.68,0.3516,25.83,5.71,0.1475,1.2644,0.3161
830,2026-08-09 15:30:00,2026-08-09,15:30,15.5,6,1,224.61,2.44,0.548,37.91,7.57,0.287,22.3,3.08,0.0687,0.9037,0.2259
831,2026-08-09 15:45:00,2026-08-09,15:45,15.75,6,1,225.73,3.09,0.6975,37.41,7.61,0.2847,21.06,3.74,0.0788,1.061,0.2652
832,2026-08-09 16:00:00,2026-08-09,16:00,16.0,6,1,225.01,2.59,0.5828,37.1,6.24,0.2315,26.02,6.05,0.1574,0.9717,0.2429
833,2026-08-09 16:15:00,2026-08-09,16:15,16.25,6,1,223.06,3.95,0.8811,37.0,5.42,0.2005,21.03,4.03,0.0848,1.1664,0.2916
834,2026-08-09 16:30:00,2026-08-09,16:30,16.5,6,1,228.49,3.68,0.8408,38.07,4.48,0.1706,17.99,1.85,0.0333,1.0447,0.2612
835,2026-08-09 16:45:00,2026-08-09,16:45,16.75,6,1,227.13,3.88,0.8813,36.69,4.08,0.1497,30.42,7.41,0.2254,1.2564,0.3141
836,2026-08-09 17:00:00,2026-08-09,17:00,17.0,6,1,223.32,4.16,0.929,35.18,4.14,0.1457,30.76,6.72,0.2067,1.2814,0.3204
837,2026-08-09 17:15:00,2026-08-09,17:15,17.25,6,1,226.63,3.0,0.6799,36.58,3.73,0.1364,33.93,8.84,0.2999,1.1162,0.2791
838,2026-08-09 17:30:00,2026-08-09,17:30,17.5,6,1,225.14,4.8,1.0807,34.54,3.58,0.1237,28.08,6.79,0.1907,1.3951,0.3488
839,2026-08-09 17:45:00,2026-08-09,17:45,17.75,6,1,224.3,4.32,0.969,33.51,3.04,0.1019,33.06,8.92,0.2949,1.3658,0.3414
840,2026-08-09 18:00:00,2026-08-09,18:00,18.0,6,1,228.07,4.38,0.999,33.1,0.91,0.0301,31.85,8.25,0.2628,1.2919,0.323
841,2026-08-09 18:15:00,2026-08-09,18:15,18.25,6,1,225.64,4.96,1.1192,32.4,0.9,0.0292,41.9,12.54,0.5254,1.6738,0.4184
842,2026-08-09 18:30:00,2026-08-09,18:30,18.5,6,1,225.11,4.1,0.923,31.32,0.0,0.0,40.94,11.63,0.4761,1.3991,0.3498
843,2026-08-09 18:45:00,2026-08-09,18:45,18.75,6,1,229.32,4.83,1.1076,0.49,0.0,0.0,33.7,8.5,0.2864,1.394,0.3485
844,2026-08-09 19:00:00,2026-08-09,19:00,19.0,6,1,228.5,5.36,1.2248,0.51,0.0,0.0,37.53,10.16,0.3813,1.6061,0.4015
845,2026-08-09 19:15:00,2026-08-09,19:15,19.25,6,1,225.69,4.66,1.0517,0.25,0.0,0.0,43.7,14.62,0.6389,1.6906,0.4227
846,2026-08-09 19:30:00,2026-08-09,19:30,19.5,6,1,227.75,4.29,0.977,0.69,0.0,0.0,40.31,12.83,0.5172,1.4942,0.3735
847,2026-08-09 19:45:00,2026-08-09,19:45,19.75,6,1,226.69,4.44,1.0065,0.71,0.0,0.0,36.41,10.84,0.3947,1.4012,0.3503
848,2026-08-09 20:00:00,2026-08-09,20:00,20.0,6,1,227.12,3.19,0.7245,0.54,0.0,0.0,41.75,11.25,0.4697,1.1942,0.2985
849,2026-08-09 20:15:00,2026-08-09,20:15,20.25,6,1,227.34,4.75,1.0799,0.24,0.0,0.0,44.29,12.4,0.5492,1.6291,0.4073
850,2026-08-09 20:30:00,2026-08-09,20:30,20.5,6,1,223.48,4.52,1.0101,0.48,0.0,0.0,38.76,10.3,0.3992,1.4093,0.3523
851,2026-08-09 20:45:00,2026-08-09,20:45,20.75,6,1,228.92,5.05,1.1561,0.62,0.0,0.0,42.09,12.47,0.5249,1.681,0.4203
852,2026-08-09 21:00:00,2026-08-09,21:00,21.0,6,1,226.6,4.68,1.0605,0.24,0.0,0.0,30.38,8.45,0.2567,1.3172,0.3293
853,2026-08-09 21:15:00,2026-08-09,21:15,21.25,6,1,225.86,4.49,1.0141,0.53,0.0,0.0,39.0,11.9,0.4641,1.4782,0.3695
854,2026-08-09 21:30:00,2026-08-09,21:30,21.5,6,1,225.41,4.38,0.9873,0.15,0.0,0.0,37.55,9.52,0.3575,1.3448,0.3362
855,2026-08-09 21:45:00,2026-08-09,21:45,21.75,6,1,223.52,3.67,0.8203,0.2,0.0,0.0,29.53,7.56,0.2233,1.0436,0.2609
856,2026-08-09 22:00:00,2026-08-09,22:00,22.0,6,1,226.33,3.1,0.7016,0.69,0.0,0.0,30.46,7.97,0.2428,0.9444,0.2361
857,2026-08-09 22:15:00,2026-08-09,22:15,22.25,6,1,225.03,4.87,1.0959,0.77,0.0,0.0,31.12,7.97,0.248,1.3439,0.336
858,2026-08-09 22:30:00,2026-08-09,22:30,22.5,6,1,225.43,3.81,0.8589,0.79,0.0,0.0,23.24,3.04,0.0707,0.9296,0.2324
859,2026-08-09 22:45:00,2026-08-09,22:45,22.75,6,1,228.28,4.86,1.1094,0.36,0.0,0.0,33.11,9.18,0.3039,1.4133,0.3533
860,2026-08-09 23:00:00,2026-08-09,23:00,23.0,6,1,229.73,1.91,0.4388,0.53,0.0,0.0,24.95,3.04,0.0759,0.5147,0.1287
861,2026-08-09 23:15:00,2026-08-09,23:15,23.25,6,1,227.52,3.27,0.744,0.58,0.0,0.0,28.41,5.48,0.1557,0.8997,0.2249
862,2026-08-09 23:30:00,2026-08-09,23:30,23.5,6,1,228.3,3.27,0.7465,0.39,0.0,0.0,19.21,1.23,0.0236,0.7701,0.1925
863,2026-08-09 23:45:00,2026-08-09,23:45,23.75,6,1,228.39,3.11,0.7103,0.54,0.0,0.0,25.67,5.24,0.1345,0.8448,0.2112
864,2026-08-10 00:00:00,2026-08-10,00:00,0.0,0,0,226.41,3.27,0.7404,0.4,0.0,0.0,20.24,1.73,0.035,0.7754,0.1938
865,2026-08-10 00:15:00,2026-08-10,00:15,0.25,0,0,223.8,2.88,0.6445,0.4,0.0,0.0,23.15,2.59,0.06,0.7045,0.1761
866,2026-08-10 00:30:00,2026-08-10,00:30,0.5,0,0,228.99,4.92,1.1266,0.59,0.0,0.0,25.89,4.92,0.1274,1.254,0.3135
867,2026-08-10 00:45:00,2026-08-10,00:45,0.75,0,0,222.71,4.47,0.9955,0.25,0.0,0.0,29.12,6.64,0.1934,1.1889,0.2972
868,2026-08-10 01:00:00,2026-08-10,01:00,1.0,0,0,227.19,3.16,0.7179,0.47,0.0,0.0,25.39,4.87,0.1237,0.8416,0.2104
869,2026-08-10 01:15:00,2026-08-10,01:15,1.25,0,0,228.8,3.79,0.8671,0.02,0.0,0.0,25.61,4.26,0.1091,0.9762,0.244
870,2026-08-10 01:30:00,2026-08-10,01:30,1.5,0,0,231.06,3.61,0.8341,0.73,0.0,0.0,21.63,3.54,0.0766,0.9107,0.2277
871,2026-08-10 01:45:00,2026-08-10,01:45,1.75,0,0,228.39,4.63,1.0575,0.73,0.0,0.0,34.92,8.65,0.3021,1.3596,0.3399
872,2026-08-10 02:00:00,2026-08-10,02:00,2.0,0,0,228.09,4.96,1.1313,0.39,0.0,0.0,28.84,6.76,0.195,1.3263,0.3316
873,2026-08-10 02:15:00,2026-08-10,02:15,2.25,0,0,228.42,4.15,0.9479,0.54,0.0,0.0,24.78,3.61,0.0895,1.0374,0.2594
874,2026-08-10 02:30:00,2026-08-10,02:30,2.5,0,0,229.99,4.74,1.0902,0.5,0.0,0.0,30.54,6.51,0.1988,1.289,0.3222
875,2026-08-10 02:45:00,2026-08-10,02:45,2.75,0,0,230.64,4.64,1.0702,0.6,0.0,0.0,35.53,8.93,0.3173,1.3875,0.3469
876,2026-08-10 03:00:00,2026-08-10,03:00,3.0,0,0,231.67,5.01,1.1607,0.08,0.0,0.0,38.57,9.77,0.3768,1.5375,0.3844
877,2026-08-10 03:15:00,2026-08-10,03:15,3.25,0,0,231.92,5.18,1.2013,0.58,0.0,0.0,33.05,6.63,0.2191,1.4204,0.3551
878,2026-08-10 03:30:00,2026-08-10,03:30,3.5,0,0,231.6,5.39,1.2483,0.04,0.0,0.0,39.59,10.44,0.4133,1.6616,0.4154
879,2026-08-10 03:45:00,2026-08-10,03:45,3.75,0,0,228.42,5.4,1.2335,0.3,0.0,0.0,39.02,11.73,0.4577,1.6912,0.4228
880,2026-08-10 04:00:00,2026-08-10,04:00,4.0,0,0,230.52,4.69,1.0811,0.62,0.0,0.0,38.58,11.72,0.4522,1.5333,0.3833
881,2026-08-10 04:15:00,2026-08-10,04:15,4.25,0,0,227.69,5.17,1.1772,0.18,0.0,0.0,43.69,14.01,0.6121,1.7893,0.4473
882,2026-08-10 04:30:00,2026-08-10,04:30,4.5,0,0,230.54,2.99,0.6893,0.48,0.0,0.0,41.66,10.2,0.4249,1.1142,0.2786
883,2026-08-10 04:45:00,2026-08-10,04:45,4.75,0,0,230.7,4.75,1.0958,0.1,0.0,0.0,45.69,15.04,0.6872,1.783,0.4457
884,2026-08-10 05:00:00,2026-08-10,05:00,5.0,0,0,230.97,3.78,0.8731,0.09,0.0,0.0,36.04,11.53,0.4155,1.2886,0.3221
885,2026-08-10 05:15:00,2026-08-10,05:15,5.25,0,0,230.16,3.61,0.8309,0.21,0.0,0.0,37.21,11.18,0.416,1.2469,0.3117
886,2026-08-10 05:30:00,2026-08-10,05:30,5.5,0,0,233.37,5.81,1.3559,0.57,0.0,0.0,35.77,10.13,0.3624,1.7183,0.4296
887,2026-08-10 05:45:00,2026-08-10,05:45,5.75,0,0,232.54,4.3,0.9999,0.04,0.0,0.0,33.73,10.27,0.3464,1.3463,0.3366
888,2026-08-10 06:00:00,2026-08-10,06:00,6.0,0,0,235.86,3.83,0.9033,32.3,0.43,0.0139,40.45,11.13,0.4502,1.3674,0.3418
889,2026-08-10 06:15:00,2026-08-10,06:15,6.25,0,0,232.28,4.19,0.9732,32.54,0.79,0.0257,35.08,9.39,0.3294,1.3283,0.3321
890,2026-08-10 06:30:00,2026-08-10,06:30,6.5,0,0,231.59,4.24,0.9819,33.33,1.95,0.065,29.98,5.88,0.1763,1.2232,0.3058
891,2026-08-10 06:45:00,2026-08-10,06:45,6.75,0,0,231.48,4.24,0.9815,33.38,2.15,0.0718,19.36,1.8,0.0348,1.0881,0.272
892,2026-08-10 07:00:00,2026-08-10,07:00,7.0,0,0,232.5,3.94,0.916,34.73,2.72,0.0945,28.5,5.87,0.1673,1.1778,0.2944
893,2026-08-10 07:15:00,2026-08-10,07:15,7.25,0,0,231.88,4.46,1.0342,36.86,2.83,0.1043,33.53,6.99,0.2344,1.3729,0.3432
894,2026-08-10 07:30:00,2026-08-10,07:30,7.5,0,0,232.84,3.37,0.7847,36.19,4.36,0.1578,21.14,1.19,0.0252,0.9677,0.2419
895,2026-08-10 07:45:00,2026-08-10,07:45,7.75,0,0,232.4,2.63,0.6112,36.6,3.71,0.1358,24.16,3.05,0.0737,0.8207,0.2052
896,2026-08-10 08:00:00,2026-08-10,08:00,8.0,0,0,229.49,11.68,2.6804,36.44,5.05,0.184,23.5,1.6,0.0376,2.902,0.7255
897,2026-08-10 08:15:00,2026-08-10,08:15,8.25,0,0,238.15,11.48,2.734,37.72,5.56,0.2097,19.96,2.78,0.0555,2.9992,0.7498
898,2026-08-10 08:30:00,2026-08-10,08:30,8.5,0,0,230.64,12.25,2.8253,36.6,6.79,0.2485,25.1,5.65,0.1418,3.2156,0.8039
899,2026-08-10 08:45:00,2026-08-10,08:45,8.75,0,0,233.39,13.36,3.1181,38.54,8.98,0.3461,17.1,0.0,0.0,3.4642,0.866
900,2026-08-10 09:00:00,2026-08-10,09:00,9.0,0,0,233.24,12.3,2.8689,40.04,8.79,0.3519,22.49,2.8,0.063,3.2838,0.8209
901,2026-08-10 09:15:00,2026-08-10,09:15,9.25,0,0,230.31,12.99,2.9917,41.74,10.58,0.4416,17.42,1.46,0.0254,3.4587,0.8647
902,2026-08-10 09:30:00,2026-08-10,09:30,9.5,0,0,229.87,11.32,2.6021,41.15,10.84,0.4461,26.65,4.39,0.117,3.1652,0.7913
903,2026-08-10 09:45:00,2026-08-10,09:45,9.75,0,0,230.65,12.52,2.8877,43.34,11.7,0.5071,24.11,2.05,0.0494,3.4442,0.861
904,2026-08-10 10:00:00,2026-08-10,10:00,10.0,0,0,230.0,12.8,2.944,45.44,12.85,0.5839,23.98,5.22,0.1252,3.6531,0.9133
905,2026-08-10 10:15:00,2026-08-10,10:15,10.25,0,0,228.61,12.36,2.8256,44.88,13.42,0.6023,32.28,8.7,0.2808,3.7087,0.9272
906,2026-08-10 10:30:00,2026-08-10,10:30,10.5,0,0,227.28,12.95,2.9433,45.65,13.2,0.6026,26.34,3.03,0.0798,3.6257,0.9064
907,2026-08-10 10:45:00,2026-08-10,10:45,10.75,0,0,229.79,13.93,3.201,46.4,13.07,0.6065,32.86,9.22,0.303,4.1105,1.0276
908,2026-08-10 11:00:00,2026-08-10,11:00,11.0,0,0,228.82,15.25,3.4895,44.64,12.78,0.5705,30.28,7.85,0.2377,4.2977,1.0744
909,2026-08-10 11:15:00,2026-08-10,11:15,11.25,0,0,228.21,13.43,3.0649,45.93,13.11,0.6021,34.86,9.53,0.3322,3.9992,0.9998
910,2026-08-10 11:30:00,2026-08-10,11:30,11.5,0,0,229.14,13.8,3.1621,45.04,12.94,0.5828,33.17,8.04,0.2667,4.0116,1.0029
911,2026-08-10 11:45:00,2026-08-10,11:45,11.75,0,0,233.68,15.12,3.5332,43.25,12.91,0.5584,32.81,9.0,0.2953,4.3869,1.0967
912,2026-08-10 12:00:00,2026-08-10,12:00,12.0,0,0,232.26,14.88,3.456,42.59,12.02,0.5119,37.99,12.28,0.4665,4.4344,1.1086
913,2026-08-10 12:15:00,2026-08-10,12:15,12.25,0,0,230.07,13.81,3.1773,41.97,12.22,0.5129,41.62,12.88,0.5361,4.2263,1.0566
914,2026-08-10 12:30:00,2026-08-10,12:30,12.5,0,0,232.3,14.48,3.3637,40.63,11.3,0.4591,45.96,13.61,0.6255,4.4483,1.1121
915,2026-08-10 12:45:00,2026-08-10,12:45,12.75,0,0,229.21,14.79,3.39,41.35,9.44,0.3903,42.05,14.38,0.6047,4.385,1.0962
916,2026-08-10 13:00:00,2026-08-10,13:00,13.0,0,0,230.56,15.29,3.5253,41.88,10.51,0.4402,35.25,10.77,0.3796,4.3451,1.0863
917,2026-08-10 13:15:00,2026-08-10,13:15,13.25,0,0,230.7,14.71,3.3936,42.27,10.61,0.4485,46.2,14.16,0.6542,4.4963,1.1241
918,2026-08-10 13:30:00,2026-08-10,13:30,13.5,0,0,230.05,15.43,3.5497,42.71,9.59,0.4096,43.42,13.72,0.5957,4.555,1.1387
919,2026-08-10 13:45:00,2026-08-10,13:45,13.75,0,0,231.71,15.51,3.5938,41.52,10.47,0.4347,43.82,12.18,0.5337,4.5622,1.1405
920,2026-08-10 14:00:00,2026-08-10,14:00,14.0,0,0,228.6,15.89,3.6324,43.36,11.67,0.506,46.85,14.59,0.6835,4.8219,1.2055
921,2026-08-10 14:15:00,2026-08-10,14:15,14.25,0,0,229.65,14.72,3.3804,42.17,11.62,0.49,41.69,12.5,0.5211,4.3915,1.0979
922,2026-08-10 14:30:00,2026-08-10,14:30,14.5,0,0,227.94,13.66,3.1137,41.67,10.96,0.4567,38.88,12.09,0.4701,4.0405,1.0101
923,2026-08-10 14:45:00,2026-08-10,14:45,14.75,0,0,228.86,14.96,3.4238,42.81,12.11,0.5184,35.75,8.08,0.2889,4.2311,1.0578
924,2026-08-10 15:00:00,2026-08-10,15:00,15.0,0,0,227.28,14.53,3.3024,45.22,11.59,0.5241,39.3,10.56,0.415,4.2415,1.0604
925,2026-08-10 15:15:00,2026-08-10,15:15,15.25,0,0,230.15,14.57,3.3533,43.8,10.8,0.473,30.75,8.05,0.2475,4.0738,1.0185
926,2026-08-10 15:30:00,2026-08-10,15:30,15.5,0,0,229.96,13.6,3.1275,42.25,10.48,0.4428,37.96,10.17,0.3861,3.9564,0.9891
927,2026-08-10 15:45:00,2026-08-10,15:45,15.75,0,0,227.43,13.72,3.1203,42.65,9.77,0.4167,38.59,11.3,0.4361,3.9731,0.9933
928,2026-08-10 16:00:00,2026-08-10,16:00,16.0,0,0,230.84,13.29,3.0679,40.68,8.23,0.3348,28.03,4.94,0.1385,3.5412,0.8853
929,2026-08-10 16:15:00,2026-08-10,16:15,16.25,0,0,230.0,12.93,2.9739,40.43,7.55,0.3053,20.72,2.83,0.0586,3.3378,0.8345
930,2026-08-10 16:30:00,2026-08-10,16:30,16.5,0,0,225.4,13.41,3.0226,39.41,6.75,0.266,20.75,2.29,0.0475,3.3361,0.834
931,2026-08-10 16:45:00,2026-08-10,16:45,16.75,0,0,232.19,14.15,3.2855,37.77,6.24,0.2357,24.02,5.0,0.1201,3.6413,0.9103
932,2026-08-10 17:00:00,2026-08-10,17:00,17.0,0,0,225.56,14.07,3.1736,36.45,4.61,0.168,21.69,2.69,0.0583,3.3999,0.85
933,2026-08-10 17:15:00,2026-08-10,17:15,17.25,0,0,227.58,12.69,2.888,34.09,3.42,0.1166,21.45,3.78,0.0811,3.0857,0.7714
934,2026-08-10 17:30:00,2026-08-10,17:30,17.5,0,0,227.04,12.24,2.779,34.19,2.97,0.1015,27.0,5.49,0.1482,3.0287,0.7572
935,2026-08-10 17:45:00,2026-08-10,17:45,17.75,0,0,229.71,12.53,2.8783,35.63,1.91,0.068,25.79,4.4,0.1135,3.0598,0.765
936,2026-08-10 18:00:00,2026-08-10,18:00,18.0,0,0,223.74,12.49,2.7945,33.98,0.68,0.0231,28.17,6.48,0.1825,3.0001,0.75
937,2026-08-10 18:15:00,2026-08-10,18:15,18.25,0,0,229.84,12.94,2.9741,32.77,1.55,0.0508,39.6,11.02,0.4364,3.4613,0.8653
938,2026-08-10 18:30:00,2026-08-10,18:30,18.5,0,0,235.07,12.42,2.9196,31.27,0.0,0.0,30.83,6.15,0.1896,3.1092,0.7773
939,2026-08-10 18:45:00,2026-08-10,18:45,18.75,0,0,228.72,11.51,2.6326,0.47,0.0,0.0,30.47,7.3,0.2224,2.855,0.7137
940,2026-08-10 19:00:00,2026-08-10,19:00,19.0,0,0,233.57,10.96,2.5599,0.28,0.0,0.0,34.32,8.02,0.2752,2.8351,0.7088
941,2026-08-10 19:15:00,2026-08-10,19:15,19.25,0,0,230.04,4.72,1.0858,0.61,0.0,0.0,30.56,6.54,0.1999,1.2857,0.3214
942,2026-08-10 19:30:00,2026-08-10,19:30,19.5,0,0,229.92,4.46,1.0254,0.19,0.0,0.0,29.54,6.65,0.1964,1.2218,0.3054
943,2026-08-10 19:45:00,2026-08-10,19:45,19.75,0,0,231.29,4.72,1.0917,0.74,0.0,0.0,36.15,9.52,0.3441,1.4358,0.3589
944,2026-08-10 20:00:00,2026-08-10,20:00,20.0,0,0,229.83,5.2,1.1951,0.42,0.0,0.0,40.29,12.22,0.4923,1.6874,0.4219
945,2026-08-10 20:15:00,2026-08-10,20:15,20.25,0,0,227.52,4.78,1.0876,0.13,0.0,0.0,34.24,10.17,0.3482,1.4358,0.3589
946,2026-08-10 20:30:00,2026-08-10,20:30,20.5,0,0,233.51,4.01,0.9364,0.14,0.0,0.0,37.58,9.45,0.3551,1.2915,0.3229
947,2026-08-10 20:45:00,2026-08-10,20:45,20.75,0,0,229.92,4.02,0.9243,0.34,0.0,0.0,44.34,12.99,0.576,1.5003,0.3751
948,2026-08-10 21:00:00,2026-08-10,21:00,21.0,0,0,229.9,4.24,0.9748,0.71,0.0,0.0,43.38,14.12,0.6125,1.5873,0.3968
949,2026-08-10 21:15:00,2026-08-10,21:15,21.25,0,0,227.33,5.06,1.1503,0.5,0.0,0.0,45.02,13.93,0.6271,1.7774,0.4444
950,2026-08-10 21:30:00,2026-08-10,21:30,21.5,0,0,229.07,3.92,0.898,0.4,0.0,0.0,40.7,10.99,0.4473,1.3453,0.3363
951,2026-08-10 21:45:00,2026-08-10,21:45,21.75,0,0,226.11,4.21,0.9519,0.41,0.0,0.0,43.95,14.05,0.6175,1.5694,0.3923
952,2026-08-10 22:00:00,2026-08-10,22:00,22.0,0,0,228.14,4.56,1.0403,0.27,0.0,0.0,48.0,14.58,0.6998,1.7401,0.435
953,2026-08-10 22:15:00,2026-08-10,22:15,22.25,0,0,225.41,4.85,1.0932,0.0,0.0,0.0,45.07,14.28,0.6436,1.7368,0.4342
954,2026-08-10 22:30:00,2026-08-10,22:30,22.5,0,0,229.13,4.13,0.9463,0.21,0.0,0.0,36.0,9.08,0.3269,1.2732,0.3183
955,2026-08-10 22:45:00,2026-08-10,22:45,22.75,0,0,227.85,2.32,0.5286,0.3,0.0,0.0,47.9,14.43,0.6912,1.2198,0.3049
956,2026-08-10 23:00:00,2026-08-10,23:00,23.0,0,0,229.54,3.43,0.7873,0.76,0.0,0.0,41.57,12.94,0.5379,1.3252,0.3313
957,2026-08-10 23:15:00,2026-08-10,23:15,23.25,0,0,226.63,4.95,1.1218,0.55,0.0,0.0,36.1,9.16,0.3307,1.4525,0.3631
958,2026-08-10 23:30:00,2026-08-10,23:30,23.5,0,0,224.09,4.6,1.0308,0.05,0.0,0.0,43.12,14.14,0.6097,1.6405,0.4101
959,2026-08-10 23:45:00,2026-08-10,23:45,23.75,0,0,227.76,2.36,0.5375,0.01,0.0,0.0,36.81,8.98,0.3306,0.8681,0.217
960,2026-08-11 00:00:00,2026-08-11,00:00,0.0,1,0,225.71,3.87,0.8735,0.4,0.0,0.0,23.67,4.41,0.1044,0.9779,0.2445
961,2026-08-11 00:15:00,2026-08-11,00:15,0.25,1,0,226.12,2.32,0.5246,0.78,0.0,0.0,35.5,9.29,0.3298,0.8544,0.2136
962,2026-08-11 00:30:00,2026-08-11,00:30,0.5,1,0,230.81,4.81,1.1102,0.52,0.0,0.0,35.43,11.6,0.411,1.5212,0.3803
963,2026-08-11 00:45:00,2026-08-11,00:45,0.75,1,0,223.23,3.29,0.7344,0.32,0.0,0.0,29.68,6.29,0.1867,0.9211,0.2303
964,2026-08-11 01:00:00,2026-08-11,01:00,1.0,1,0,226.5,2.95,0.6682,0.64,0.0,0.0,21.29,4.6,0.0979,0.7661,0.1915
965,2026-08-11 01:15:00,2026-08-11,01:15,1.25,1,0,227.81,2.73,0.6219,0.71,0.0,0.0,23.55,4.8,0.113,0.7349,0.1837
966,2026-08-11 01:30:00,2026-08-11,01:30,1.5,1,0,227.8,3.6,0.8201,0.04,0.0,0.0,24.08,3.85,0.0927,0.9128,0.2282
967,2026-08-11 01:45:00,2026-08-11,01:45,1.75,1,0,226.2,4.88,1.1039,0.04,0.0,0.0,16.59,0.96,0.0159,1.1198,0.2799
968,2026-08-11 02:00:00,2026-08-11,02:00,2.0,1,0,225.78,3.62,0.8173,0.52,0.0,0.0,20.37,2.22,0.0452,0.8625,0.2156
969,2026-08-11 02:15:00,2026-08-11,02:15,2.25,1,0,225.32,4.63,1.0432,0.14,0.0,0.0,26.3,5.15,0.1354,1.1786,0.2947
970,2026-08-11 02:30:00,2026-08-11,02:30,2.5,1,0,223.03,5.17,1.1531,0.21,0.0,0.0,22.59,2.8,0.0633,1.2164,0.3041
971,2026-08-11 02:45:00,2026-08-11,02:45,2.75,1,0,228.01,2.98,0.6795,0.51,0.0,0.0,21.36,3.04,0.0649,0.7444,0.1861
972,2026-08-11 03:00:00,2026-08-11,03:00,3.0,1,0,228.57,5.14,1.1748,0.75,0.0,0.0,25.19,6.13,0.1544,1.3292,0.3323
973,2026-08-11 03:15:00,2026-08-11,03:15,3.25,1,0,226.65,4.45,1.0086,0.03,0.0,0.0,27.24,6.2,0.1689,1.1775,0.2944
974,2026-08-11 03:30:00,2026-08-11,03:30,3.5,1,0,225.83,3.92,0.8852,0.48,0.0,0.0,27.04,5.09,0.1376,1.0228,0.2557
975,2026-08-11 03:45:00,2026-08-11,03:45,3.75,1,0,226.76,4.72,1.0703,0.12,0.0,0.0,33.8,8.83,0.2984,1.3687,0.3422
976,2026-08-11 04:00:00,2026-08-11,04:00,4.0,1,0,227.68,5.41,1.2317,0.16,0.0,0.0,33.12,8.86,0.2934,1.5251,0.3813
977,2026-08-11 04:15:00,2026-08-11,04:15,4.25,1,0,223.43,5.16,1.1529,0.36,0.0,0.0,36.82,10.23,0.3767,1.5296,0.3824
978,2026-08-11 04:30:00,2026-08-11,04:30,4.5,1,0,223.94,5.14,1.151,0.22,0.0,0.0,31.46,7.31,0.23,1.381,0.3453
979,2026-08-11 04:45:00,2026-08-11,04:45,4.75,1,0,224.91,5.24,1.1785,0.08,0.0,0.0,37.7,10.81,0.4075,1.586,0.3965
980,2026-08-11 05:00:00,2026-08-11,05:00,5.0,1,0,222.68,5.25,1.1691,0.61,0.0,0.0,41.31,14.37,0.5936,1.7627,0.4407
981,2026-08-11 05:15:00,2026-08-11,05:15,5.25,1,0,224.83,4.98,1.1197,0.62,0.0,0.0,38.24,9.28,0.3549,1.4746,0.3686
982,2026-08-11 05:30:00,2026-08-11,05:30,5.5,1,0,228.05,4.34,0.9897,0.4,0.0,0.0,44.1,12.74,0.5618,1.5515,0.3879
983,2026-08-11 05:45:00,2026-08-11,05:45,5.75,1,0,225.56,5.16,1.1639,0.18,0.0,0.0,43.01,12.57,0.5406,1.7045,0.4261
984,2026-08-11 06:00:00,2026-08-11,06:00,6.0,1,0,228.87,3.26,0.7461,31.65,0.0,0.0,43.33,13.85,0.6001,1.3462,0.3366
985,2026-08-11 06:15:00,2026-08-11,06:15,6.25,1,0,225.8,4.2,0.9484,32.76,0.38,0.0124,43.61,13.61,0.5935,1.5543,0.3886
986,2026-08-11 06:30:00,2026-08-11,06:30,6.5,1,0,226.77,4.03,0.9139,33.33,2.39,0.0797,38.37,13.13,0.5038,1.4974,0.3744
987,2026-08-11 06:45:00,2026-08-11,06:45,6.75,1,0,224.96,2.89,0.6501,35.19,1.69,0.0595,45.88,12.54,0.5753,1.2849,0.3212
988,2026-08-11 07:00:00,2026-08-11,07:00,7.0,1,0,223.39,2.65,0.592,36.26,4.28,0.1552,42.41,13.46,0.5708,1.318,0.3295
989,2026-08-11 07:15:00,2026-08-11,07:15,7.25,1,0,230.3,3.39,0.7807,34.63,4.28,0.1482,40.87,12.31,0.5031,1.432,0.358
990,2026-08-11 07:30:00,2026-08-11,07:30,7.5,1,0,229.24,4.3,0.9857,37.19,6.14,0.2283,43.7,14.17,0.6192,1.8332,0.4583
991,2026-08-11 07:45:00,2026-08-11,07:45,7.75,1,0,227.51,4.7,1.0693,36.94,6.13,0.2264,40.62,12.65,0.5138,1.8095,0.4524
992,2026-08-11 08:00:00,2026-08-11,08:00,8.0,1,0,227.49,10.5,2.3886,39.4,7.43,0.2927,30.37,6.14,0.1865,2.8678,0.7169
993,2026-08-11 08:15:00,2026-08-11,08:15,8.25,1,0,226.49,11.12,2.5186,39.86,7.62,0.3037,32.65,6.83,0.223,3.0453,0.7613
994,2026-08-11 08:30:00,2026-08-11,08:30,8.5,1,0,228.45,11.43,2.6112,39.27,8.18,0.3212,39.47,10.74,0.4239,3.3563,0.8391
995,2026-08-11 08:45:00,2026-08-11,08:45,8.75,1,0,228.58,11.94,2.7292,39.93,8.38,0.3346,31.03,8.68,0.2693,3.3331,0.8333
996,2026-08-11 09:00:00,2026-08-11,09:00,9.0,1,0,225.36,12.01,2.7066,38.9,9.05,0.3521,33.69,8.18,0.2756,3.3343,0.8336
997,2026-08-11 09:15:00,2026-08-11,09:15,9.25,1,0,223.41,13.63,3.0451,40.14,8.14,0.3267,31.26,8.91,0.2785,3.6503,0.9126
998,2026-08-11 09:30:00,2026-08-11,09:30,9.5,1,0,227.51,12.63,2.8734,39.63,7.22,0.2861,20.04,2.86,0.0573,3.2168,0.8042
999,2026-08-11 09:45:00,2026-08-11,09:45,9.75,1,0,224.67,12.24,2.75,40.08,8.96,0.3591,26.86,6.41,0.1722,3.2813,0.8203
1000,2026-08-11 10:00:00,2026-08-11,10:00,10.0,1,0,222.96,14.02,3.1259,41.2,8.54,0.3518,21.54,1.66,0.0358,3.5135,0.8784
1001,2026-08-11 10:15:00,2026-08-11,10:15,10.25,1,0,226.25,13.41,3.034,41.74,8.85,0.3694,19.96,2.24,0.0447,3.4481,0.862
1002,2026-08-11 10:30:00,2026-08-11,10:30,10.5,1,0,223.71,14.49,3.2416,40.94,10.02,0.4102,20.62,2.93,0.0604,3.7122,0.9281
1003,2026-08-11 10:45:00,2026-08-11,10:45,10.75,1,0,227.12,13.13,2.9821,42.82,10.23,0.438,21.96,2.23,0.049,3.4691,0.8673
1004,2026-08-11 11:00:00,2026-08-11,11:00,11.0,1,0,226.31,13.92,3.1502,43.03,10.27,0.4419,18.24,1.36,0.0248,3.6169,0.9042
1005,2026-08-11 11:15:00,2026-08-11,11:15,11.25,1,0,224.8,14.13,3.1764,43.98,12.66,0.5568,16.44,0.54,0.0089,3.7421,0.9355
1006,2026-08-11 11:30:00,2026-08-11,11:30,11.5,1,0,227.9,16.0,3.6464,44.36,12.45,0.5523,27.74,5.07,0.1406,4.3393,1.0848
1007,2026-08-11 11:45:00,2026-08-11,11:45,11.75,1,0,225.21,15.24,3.4322,45.81,13.4,0.6139,28.18,6.13,0.1727,4.2188,1.0547
1008,2026-08-11 12:00:00,2026-08-11,12:00,12.0,1,0,226.92,14.43,3.2745,46.85,13.93,0.6526,26.78,6.77,0.1813,4.1084,1.0271
1009,2026-08-11 12:15:00,2026-08-11,12:15,12.25,1,0,226.77,15.67,3.5535,46.66,14.35,0.6696,36.05,9.5,0.3425,4.5656,1.1414
1010,2026-08-11 12:30:00,2026-08-11,12:30,12.5,1,0,226.06,14.64,3.3095,46.56,14.79,0.6886,37.14,8.72,0.3239,4.322,1.0805
1011,2026-08-11 12:45:00,2026-08-11,12:45,12.75,1,0,228.23,14.68,3.3504,46.31,14.87,0.6886,36.12,9.44,0.341,4.38,1.095
1012,2026-08-11 13:00:00,2026-08-11,13:00,13.0,1,0,227.2,14.94,3.3944,46.06,14.32,0.6596,36.12,10.58,0.3821,4.4361,1.109
1013,2026-08-11 13:15:00,2026-08-11,13:15,13.25,1,0,230.26,14.51,3.3411,46.15,13.67,0.6309,37.26,10.18,0.3793,4.3513,1.0878
1014,2026-08-11 13:30:00,2026-08-11,13:30,13.5,1,0,228.69,13.13,3.0027,43.37,13.3,0.5768,36.5,9.39,0.3427,3.9222,0.9806
1015,2026-08-11 13:45:00,2026-08-11,13:45,13.75,1,0,226.89,15.26,3.4623,44.39,12.5,0.5549,43.76,13.01,0.5693,4.5865,1.1466
1016,2026-08-11 14:00:00,2026-08-11,14:00,14.0,1,0,228.03,13.98,3.1879,42.94,12.11,0.52,44.38,12.99,0.5765,4.2844,1.0711
1017,2026-08-11 14:15:00,2026-08-11,14:15,14.25,1,0,231.13,14.78,3.4161,43.3,10.6,0.459,45.83,13.73,0.6292,4.5043,1.1261
1018,2026-08-11 14:30:00,2026-08-11,14:30,14.5,1,0,229.26,15.76,3.6131,41.17,9.06,0.373,45.44,14.9,0.6771,4.6632,1.1658
1019,2026-08-11 14:45:00,2026-08-11,14:45,14.75,1,0,231.11,14.35,3.3164,39.72,9.06,0.3599,34.64,9.51,0.3294,4.0057,1.0014
1020,2026-08-11 15:00:00,2026-08-11,15:00,15.0,1,0,228.7,13.6,3.1103,41.17,8.33,0.3429,45.69,14.27,0.652,4.1052,1.0263
1021,2026-08-11 15:15:00,2026-08-11,15:15,15.25,1,0,229.81,14.42,3.3139,38.46,8.49,0.3265,38.37,12.92,0.4957,4.1361,1.034
1022,2026-08-11 15:30:00,2026-08-11,15:30,15.5,1,0,228.56,14.02,3.2044,37.6,8.22,0.3091,37.57,11.15,0.4189,3.9324,0.9831
1023,2026-08-11 15:45:00,2026-08-11,15:45,15.75,1,0,230.35,14.26,3.2848,37.35,6.63,0.2476,42.35,13.59,0.5755,4.1079,1.027
1024,2026-08-11 16:00:00,2026-08-11,16:00,16.0,1,0,230.94,14.82,3.4225,37.46,7.85,0.2941,44.92,14.92,0.6702,4.3868,1.0967
1025,2026-08-11 16:15:00,2026-08-11,16:15,16.25,1,0,234.09,12.97,3.0362,38.0,5.28,0.2006,41.78,12.48,0.5214,3.7582,0.9395
1026,2026-08-11 16:30:00,2026-08-11,16:30,16.5,1,0,228.76,12.36,2.8275,38.16,6.87,0.2622,37.19,9.25,0.344,3.4337,0.8584
1027,2026-08-11 16:45:00,2026-08-11,16:45,16.75,1,0,230.86,13.32,3.0751,36.84,5.34,0.1967,36.41,9.06,0.3299,3.6017,0.9004
1028,2026-08-11 17:00:00,2026-08-11,17:00,17.0,1,0,229.41,13.36,3.0649,36.06,6.07,0.2189,31.52,7.46,0.2351,3.5189,0.8797
1029,2026-08-11 17:15:00,2026-08-11,17:15,17.25,1,0,233.44,13.56,3.1654,35.55,5.06,0.1799,35.29,9.16,0.3233,3.6686,0.9172
1030,2026-08-11 17:30:00,2026-08-11,17:30,17.5,1,0,228.93,13.19,3.0196,35.12,4.63,0.1626,28.85,5.36,0.1546,3.3368,0.8342
1031,2026-08-11 17:45:00,2026-08-11,17:45,17.75,1,0,230.88,13.31,3.073,34.21,3.28,0.1122,18.35,1.03,0.0189,3.2041,0.801
1032,2026-08-11 18:00:00,2026-08-11,18:00,18.0,1,0,228.13,12.34,2.8151,34.12,2.25,0.0768,29.03,7.04,0.2044,3.0963,0.7741
1033,2026-08-11 18:15:00,2026-08-11,18:15,18.25,1,0,234.15,12.9,3.0205,33.52,0.96,0.0322,22.74,3.38,0.0769,3.1296,0.7824
1034,2026-08-11 18:30:00,2026-08-11,18:30,18.5,1,0,233.4,12.19,2.8452,32.57,0.0,0.0,26.1,4.59,0.1198,2.965,0.7412
1035,2026-08-11 18:45:00,2026-08-11,18:45,18.75,1,0,232.32,10.52,2.444,0.22,0.0,0.0,22.75,2.98,0.0678,2.5118,0.628
1036,2026-08-11 19:00:00,2026-08-11,19:00,19.0,1,0,232.43,11.09,2.5777,0.52,0.0,0.0,29.23,5.18,0.1514,2.7291,0.6823
1037,2026-08-11 19:15:00,2026-08-11,19:15,19.25,1,0,232.52,5.52,1.2835,0.36,0.0,0.0,21.16,3.08,0.0652,1.3487,0.3372
1038,2026-08-11 19:30:00,2026-08-11,19:30,19.5,1,0,236.18,3.02,0.7133,0.02,0.0,0.0,28.44,6.95,0.1977,0.911,0.2278
1039,2026-08-11 19:45:00,2026-08-11,19:45,19.75,1,0,236.55,5.7,1.3483,0.43,0.0,0.0,22.97,3.69,0.0848,1.4331,0.3583
1040,2026-08-11 20:00:00,2026-08-11,20:00,20.0,1,0,233.81,5.38,1.2579,0.7,0.0,0.0,31.18,7.32,0.2282,1.4861,0.3715
1041,2026-08-11 20:15:00,2026-08-11,20:15,20.25,1,0,235.86,4.89,1.1534,0.64,0.0,0.0,15.84,0.0,0.0,1.1534,0.2883
1042,2026-08-11 20:30:00,2026-08-11,20:30,20.5,1,0,234.32,4.12,0.9654,0.33,0.0,0.0,30.19,7.61,0.2298,1.1952,0.2988
1043,2026-08-11 20:45:00,2026-08-11,20:45,20.75,1,0,232.58,4.98,1.1583,0.14,0.0,0.0,27.97,6.18,0.1729,1.3312,0.3328
1044,2026-08-11 21:00:00,2026-08-11,21:00,21.0,1,0,233.67,5.21,1.2174,0.43,0.0,0.0,19.58,1.06,0.0208,1.2382,0.3095
1045,2026-08-11 21:15:00,2026-08-11,21:15,21.25,1,0,230.98,3.7,0.8546,0.69,0.0,0.0,24.87,3.96,0.0985,0.9531,0.2383
1046,2026-08-11 21:30:00,2026-08-11,21:30,21.5,1,0,232.7,3.58,0.8331,0.05,0.0,0.0,32.4,8.38,0.2715,1.1046,0.2762
1047,2026-08-11 21:45:00,2026-08-11,21:45,21.75,1,0,234.14,2.84,0.665,0.7,0.0,0.0,22.1,3.92,0.0866,0.7516,0.1879
1048,2026-08-11 22:00:00,2026-08-11,22:00,22.0,1,0,235.02,4.39,1.0317,0.01,0.0,0.0,35.89,10.11,0.3629,1.3946,0.3487
1049,2026-08-11 22:15:00,2026-08-11,22:15,22.25,1,0,236.27,2.46,0.5812,0.42,0.0,0.0,34.89,10.97,0.3827,0.9639,0.241
1050,2026-08-11 22:30:00,2026-08-11,22:30,22.5,1,0,234.44,4.12,0.9659,0.12,0.0,0.0,25.85,4.89,0.1264,1.0923,0.2731
1051,2026-08-11 22:45:00,2026-08-11,22:45,22.75,1,0,234.5,4.29,1.006,0.33,0.0,0.0,38.0,10.78,0.4096,1.4156,0.3539
1052,2026-08-11 23:00:00,2026-08-11,23:00,23.0,1,0,232.91,2.6,0.6056,0.68,0.0,0.0,38.0,11.42,0.434,1.0396,0.2599
1053,2026-08-11 23:15:00,2026-08-11,23:15,23.25,1,0,231.99,4.07,0.9442,0.54,0.0,0.0,32.65,8.76,0.286,1.2302,0.3075
1054,2026-08-11 23:30:00,2026-08-11,23:30,23.5,1,0,233.57,3.62,0.8455,0.37,0.0,0.0,47.17,14.28,0.6736,1.5191,0.3798
1055,2026-08-11 23:45:00,2026-08-11,23:45,23.75,1,0,234.66,2.42,0.5679,0.43,0.0,0.0,33.83,8.96,0.3031,0.871,0.2177
1056,2026-08-12 00:00:00,2026-08-12,00:00,0.0,2,0,232.75,2.86,0.6657,0.17,0.0,0.0,40.49,13.12,0.5312,1.1969,0.2992
1057,2026-08-12 00:15:00,2026-08-12,00:15,0.25,2,0,229.53,2.76,0.6335,0.43,0.0,0.0,33.69,8.76,0.2951,0.9286,0.2321
1058,2026-08-12 00:30:00,2026-08-12,00:30,0.5,2,0,231.63,4.2,0.9728,0.33,0.0,0.0,42.22,14.45,0.6101,1.5829,0.3957
1059,2026-08-12 00:45:00,2026-08-12,00:45,0.75,2,0,235.07,3.04,0.7146,0.2,0.0,0.0,44.42,13.35,0.593,1.3076,0.3269
1060,2026-08-12 01:00:00,2026-08-12,01:00,1.0,2,0,230.03,3.49,0.8028,0.57,0.0,0.0,35.99,10.03,0.361,1.1638,0.2909
1061,2026-08-12 01:15:00,2026-08-12,01:15,1.25,2,0,229.28,4.57,1.0478,0.25,0.0,0.0,31.71,7.73,0.2451,1.2929,0.3232
1062,2026-08-12 01:30:00,2026-08-12,01:30,1.5,2,0,230.67,3.14,0.7243,0.53,0.0,0.0,46.52,14.86,0.6913,1.4156,0.3539
1063,2026-08-12 01:45:00,2026-08-12,01:45,1.75,2,0,231.87,5.94,1.3773,0.74,0.0,0.0,31.27,8.41,0.263,1.6403,0.4101
1064,2026-08-12 02:00:00,2026-08-12,02:00,2.0,2,0,229.4,3.67,0.8419,0.4,0.0,0.0,36.47,9.19,0.3352,1.1771,0.2943
1065,2026-08-12 02:15:00,2026-08-12,02:15,2.25,2,0,230.1,3.94,0.9066,0.53,0.0,0.0,37.49,9.93,0.3723,1.2789,0.3197
1066,2026-08-12 02:30:00,2026-08-12,02:30,2.5,2,0,230.59,5.31,1.2244,0.55,0.0,0.0,31.87,7.88,0.2511,1.4755,0.3689
1067,2026-08-12 02:45:00,2026-08-12,02:45,2.75,2,0,228.78,4.17,0.954,0.69,0.0,0.0,22.52,4.55,0.1025,1.0565,0.2641
1068,2026-08-12 03:00:00,2026-08-12,03:00,3.0,2,0,228.94,3.76,0.8608,0.23,0.0,0.0,28.83,6.58,0.1897,1.0505,0.2626
1069,2026-08-12 03:15:00,2026-08-12,03:15,3.25,2,0,226.9,4.78,1.0846,0.31,0.0,0.0,27.81,5.75,0.1599,1.2445,0.3111
1070,2026-08-12 03:30:00,2026-08-12,03:30,3.5,2,0,226.75,3.34,0.7573,0.04,0.0,0.0,33.3,5.7,0.1898,0.9471,0.2368
1071,2026-08-12 03:45:00,2026-08-12,03:45,3.75,2,0,230.24,4.2,0.967,0.77,0.0,0.0,21.14,3.1,0.0655,1.0325,0.2581
1072,2026-08-12 04:00:00,2026-08-12,04:00,4.0,2,0,227.29,4.25,0.966,0.39,0.0,0.0,27.33,5.81,0.1588,1.1248,0.2812
1073,2026-08-12 04:15:00,2026-08-12,04:15,4.25,2,0,228.2,4.43,1.0109,0.32,0.0,0.0,23.56,3.61,0.0851,1.096,0.274
1074,2026-08-12 04:30:00,2026-08-12,04:30,4.5,2,0,229.55,3.5,0.8034,0.33,0.0,0.0,21.54,2.69,0.0579,0.8613,0.2153
1075,2026-08-12 04:45:00,2026-08-12,04:45,4.75,2,0,226.34,3.86,0.8737,0.4,0.0,0.0,33.47,9.0,0.3012,1.1749,0.2937
1076,2026-08-12 05:00:00,2026-08-12,05:00,5.0,2,0,229.75,4.78,1.0982,0.05,0.0,0.0,24.88,3.59,0.0893,1.1875,0.2969
1077,2026-08-12 05:15:00,2026-08-12,05:15,5.25,2,0,225.91,4.51,1.0189,0.1,0.0,0.0,22.09,1.98,0.0437,1.0626,0.2656
1078,2026-08-12 05:30:00,2026-08-12,05:30,5.5,2,0,227.86,3.23,0.736,0.79,0.0,0.0,30.16,7.57,0.2283,0.9643,0.2411
1079,2026-08-12 05:45:00,2026-08-12,05:45,5.75,2,0,227.11,4.02,0.913,0.68,0.0,0.0,23.53,2.18,0.0513,0.9643,0.2411
1080,2026-08-12 06:00:00,2026-08-12,06:00,6.0,2,0,228.98,5.37,1.2296,32.81,0.0,0.0,25.9,5.63,0.1458,1.3754,0.3438
1081,2026-08-12 06:15:00,2026-08-12,06:15,6.25,2,0,225.2,3.38,0.7612,30.99,0.0,0.0,27.21,4.19,0.114,0.8752,0.2188
1082,2026-08-12 06:30:00,2026-08-12,06:30,6.5,2,0,228.69,3.99,0.9125,32.53,0.25,0.0081,35.3,9.49,0.335,1.2556,0.3139
1083,2026-08-12 06:45:00,2026-08-12,06:45,6.75,2,0,226.23,3.54,0.8009,33.24,0.92,0.0306,33.21,10.1,0.3354,1.1669,0.2917
1084,2026-08-12 07:00:00,2026-08-12,07:00,7.0,2,0,226.29,3.68,0.8327,32.86,2.04,0.067,33.55,8.95,0.3003,1.2,0.3
1085,2026-08-12 07:15:00,2026-08-12,07:15,7.25,2,0,225.77,3.64,0.8218,35.17,1.48,0.052,36.8,11.71,0.4309,1.3047,0.3262
1086,2026-08-12 07:30:00,2026-08-12,07:30,7.5,2,0,230.37,4.01,0.9238,34.08,1.52,0.0518,38.44,10.89,0.4186,1.3942,0.3486
1087,2026-08-12 07:45:00,2026-08-12,07:45,7.75,2,0,224.09,3.55,0.7955,32.78,1.72,0.0564,39.91,10.86,0.4334,1.2853,0.3213
1088,2026-08-12 08:00:00,2026-08-12,08:00,8.0,2,0,228.65,12.16,2.7804,33.38,2.91,0.0971,38.07,11.01,0.4191,3.2966,0.8242
1089,2026-08-12 08:15:00,2026-08-12,08:15,8.25,2,0,226.54,11.46,2.5962,33.96,2.38,0.0808,40.7,12.6,0.5128,3.1898,0.7974
1090,2026-08-12 08:30:00,2026-08-12,08:30,8.5,2,0,226.54,12.05,2.7298,35.51,3.89,0.1381,47.61,15.32,0.7294,3.5973,0.8993
1091,2026-08-12 08:45:00,2026-08-12,08:45,8.75,2,0,230.11,12.55,2.8879,35.7,4.73,0.1689,29.75,7.66,0.2279,3.2847,0.8212
1092,2026-08-12 09:00:00,2026-08-12,09:00,9.0,2,0,224.55,14.28,3.2066,35.92,3.8,0.1365,39.38,12.32,0.4852,3.8283,0.9571
1093,2026-08-12 09:15:00,2026-08-12,09:15,9.25,2,0,225.65,12.68,2.8612,36.38,4.07,0.1481,38.99,11.68,0.4554,3.4647,0.8662
1094,2026-08-12 09:30:00,2026-08-12,09:30,9.5,2,0,221.4,13.12,2.9048,36.27,5.11,0.1853,35.02,11.13,0.3898,3.4799,0.87
1095,2026-08-12 09:45:00,2026-08-12,09:45,9.75,2,0,222.06,13.04,2.8957,37.03,5.08,0.1881,37.5,11.91,0.4466,3.5304,0.8826
1096,2026-08-12 10:00:00,2026-08-12,10:00,10.0,2,0,219.13,13.93,3.0525,37.7,4.35,0.164,38.94,10.42,0.4057,3.6222,0.9055
1097,2026-08-12 10:15:00,2026-08-12,10:15,10.25,2,0,223.75,11.65,2.6067,37.73,5.1,0.1924,35.18,9.92,0.349,3.1481,0.787
1098,2026-08-12 10:30:00,2026-08-12,10:30,10.5,2,0,223.39,14.92,3.333,35.57,5.38,0.1914,31.96,7.18,0.2295,3.7539,0.9385
1099,2026-08-12 10:45:00,2026-08-12,10:45,10.75,2,0,223.6,14.59,3.2623,37.79,5.53,0.209,30.44,7.2,0.2192,3.6905,0.9226
1100,2026-08-12 11:00:00,2026-08-12,11:00,11.0,2,0,222.03,14.17,3.1462,35.83,5.54,0.1985,25.17,3.85,0.0969,3.4416,0.8604
1101,2026-08-12 11:15:00,2026-08-12,11:15,11.25,2,0,220.52,12.99,2.8646,36.25,4.0,0.145,30.85,6.4,0.1974,3.207,0.8017
1102,2026-08-12 11:30:00,2026-08-12,11:30,11.5,2,0,226.12,13.76,3.1114,35.25,3.96,0.1396,30.03,4.31,0.1294,3.3804,0.8451
1103,2026-08-12 11:45:00,2026-08-12,11:45,11.75,2,0,223.67,14.08,3.1493,35.97,3.72,0.1338,28.77,6.98,0.2008,3.4839,0.871
1104,2026-08-12 12:00:00,2026-08-12,12:00,12.0,2,0,222.91,13.33,2.9714,36.95,3.27,0.1208,16.55,0.27,0.0045,3.0967,0.7742
1105,2026-08-12 12:15:00,2026-08-12,12:15,12.25,2,0,225.16,14.66,3.3009,37.06,3.97,0.1471,25.12,4.64,0.1166,3.5646,0.8911
1106,2026-08-12 12:30:00,2026-08-12,12:30,12.5,2,0,221.87,14.59,3.2371,35.87,3.48,0.1248,21.89,3.48,0.0762,3.4381,0.8595
1107,2026-08-12 12:45:00,2026-08-12,12:45,12.75,2,0,222.94,15.86,3.5358,36.27,4.13,0.1498,23.21,2.06,0.0478,3.7334,0.9334
1108,2026-08-12 13:00:00,2026-08-12,13:00,13.0,2,0,221.56,14.48,3.2082,36.68,4.83,0.1772,19.27,2.09,0.0403,3.4257,0.8564
1109,2026-08-12 13:15:00,2026-08-12,13:15,13.25,2,0,222.51,14.64,3.2576,36.52,4.5,0.1643,24.51,5.74,0.1407,3.5626,0.8907
1110,2026-08-12 13:30:00,2026-08-12,13:30,13.5,2,0,224.52,15.49,3.4778,37.31,5.37,0.2004,18.76,0.79,0.0148,3.693,0.9233
1111,2026-08-12 13:45:00,2026-08-12,13:45,13.75,2,0,222.48,14.45,3.2148,37.75,4.9,0.185,17.71,2.74,0.0485,3.4483,0.8621
1112,2026-08-12 14:00:00,2026-08-12,14:00,14.0,2,0,223.21,14.42,3.2187,37.0,6.08,0.225,22.93,3.72,0.0853,3.529,0.8822
1113,2026-08-12 14:15:00,2026-08-12,14:15,14.25,2,0,219.97,14.47,3.183,37.76,4.8,0.1812,24.87,4.56,0.1134,3.4776,0.8694
1114,2026-08-12 14:30:00,2026-08-12,14:30,14.5,2,0,222.48,15.3,3.4039,37.01,5.13,0.1899,36.02,7.66,0.2759,3.8697,0.9674
1115,2026-08-12 14:45:00,2026-08-12,14:45,14.75,2,0,222.84,16.0,3.5654,36.23,5.96,0.2159,24.94,5.07,0.1265,3.9078,0.9769
1116,2026-08-12 15:00:00,2026-08-12,15:00,15.0,2,0,223.61,15.03,3.3609,37.71,5.05,0.1904,30.4,6.64,0.2019,3.7532,0.9383
1117,2026-08-12 15:15:00,2026-08-12,15:15,15.25,2,0,222.61,15.96,3.5529,36.66,4.24,0.1554,20.87,4.24,0.0885,3.7968,0.9492
1118,2026-08-12 15:30:00,2026-08-12,15:30,15.5,2,0,227.21,14.5,3.2946,34.36,3.42,0.1175,23.16,5.73,0.1327,3.5448,0.8862
1119,2026-08-12 15:45:00,2026-08-12,15:45,15.75,2,0,227.95,13.52,3.0819,35.38,2.9,0.1026,33.59,8.36,0.2808,3.4653,0.8663
1120,2026-08-12 16:00:00,2026-08-12,16:00,16.0,2,0,225.87,14.01,3.1644,35.98,3.44,0.1238,33.94,9.11,0.3092,3.5974,0.8993
1121,2026-08-12 16:15:00,2026-08-12,16:15,16.25,2,0,225.11,13.6,3.0615,33.95,2.2,0.0747,30.51,7.06,0.2154,3.3516,0.8379
1122,2026-08-12 16:30:00,2026-08-12,16:30,16.5,2,0,223.65,13.31,2.9768,34.43,2.99,0.1029,34.37,8.55,0.2939,3.3736,0.8434
1123,2026-08-12 16:45:00,2026-08-12,16:45,16.75,2,0,224.55,14.43,3.2403,34.68,2.42,0.0839,38.54,11.1,0.4278,3.752,0.938
1124,2026-08-12 17:00:00,2026-08-12,17:00,17.0,2,0,225.57,13.1,2.955,33.6,1.72,0.0578,37.51,11.82,0.4434,3.4562,0.864
1125,2026-08-12 17:15:00,2026-08-12,17:15,17.25,2,0,223.15,13.71,3.0594,33.23,1.32,0.0439,34.24,8.79,0.301,3.4043,0.8511
1126,2026-08-12 17:30:00,2026-08-12,17:30,17.5,2,0,227.02,13.07,2.9672,32.75,1.03,0.0337,34.34,10.76,0.3695,3.3704,0.8426
1127,2026-08-12 17:45:00,2026-08-12,17:45,17.75,2,0,230.08,13.06,3.0048,32.55,0.73,0.0238,36.91,10.99,0.4056,3.4342,0.8586
1128,2026-08-12 18:00:00,2026-08-12,18:00,18.0,2,0,225.59,13.69,3.0883,33.88,0.39,0.0132,34.23,9.0,0.3081,3.4096,0.8524
1129,2026-08-12 18:15:00,2026-08-12,18:15,18.25,2,0,227.9,11.48,2.6163,33.28,0.84,0.028,36.85,11.46,0.4223,3.0666,0.7667
1130,2026-08-12 18:30:00,2026-08-12,18:30,18.5,2,0,229.76,12.6,2.895,30.89,0.0,0.0,32.25,7.26,0.2341,3.1291,0.7823
1131,2026-08-12 18:45:00,2026-08-12,18:45,18.75,2,0,231.27,12.47,2.8839,0.26,0.0,0.0,28.73,6.36,0.1827,3.0666,0.7667
1132,2026-08-12 19:00:00,2026-08-12,19:00,19.0,2,0,229.38,11.74,2.6929,0.36,0.0,0.0,36.32,10.67,0.3875,3.0804,0.7701
1133,2026-08-12 19:15:00,2026-08-12,19:15,19.25,2,0,231.29,4.65,1.0755,0.22,0.0,0.0,28.41,5.94,0.1688,1.2443,0.3111
1134,2026-08-12 19:30:00,2026-08-12,19:30,19.5,2,0,231.01,3.34,0.7716,0.53,0.0,0.0,31.13,7.18,0.2235,0.9951,0.2488
1135,2026-08-12 19:45:00,2026-08-12,19:45,19.75,2,0,229.04,4.4,1.0078,0.06,0.0,0.0,27.48,5.22,0.1434,1.1512,0.2878
1136,2026-08-12 20:00:00,2026-08-12,20:00,20.0,2,0,230.17,4.86,1.1186,0.68,0.0,0.0,29.07,5.36,0.1558,1.2744,0.3186
1137,2026-08-12 20:15:00,2026-08-12,20:15,20.25,2,0,233.38,4.7,1.0969,0.44,0.0,0.0,22.82,2.8,0.0639,1.1608,0.2902
1138,2026-08-12 20:30:00,2026-08-12,20:30,20.5,2,0,231.81,4.82,1.1173,0.75,0.0,0.0,21.82,3.87,0.0844,1.2017,0.3004
1139,2026-08-12 20:45:00,2026-08-12,20:45,20.75,2,0,231.53,5.73,1.3267,0.11,0.0,0.0,23.31,2.56,0.0597,1.3864,0.3466
1140,2026-08-12 21:00:00,2026-08-12,21:00,21.0,2,0,230.93,3.77,0.8706,0.21,0.0,0.0,23.82,4.94,0.1177,0.9883,0.2471
1141,2026-08-12 21:15:00,2026-08-12,21:15,21.25,2,0,228.21,5.41,1.2346,0.58,0.0,0.0,17.88,0.61,0.0109,1.2455,0.3114
1142,2026-08-12 21:30:00,2026-08-12,21:30,21.5,2,0,229.95,5.66,1.3015,0.15,0.0,0.0,17.54,1.77,0.0311,1.3326,0.3332
1143,2026-08-12 21:45:00,2026-08-12,21:45,21.75,2,0,233.96,3.96,0.9265,0.57,0.0,0.0,22.66,3.74,0.0848,1.0113,0.2528
1144,2026-08-12 22:00:00,2026-08-12,22:00,22.0,2,0,232.8,4.12,0.9591,0.25,0.0,0.0,24.8,5.33,0.1322,1.0913,0.2728
1145,2026-08-12 22:15:00,2026-08-12,22:15,22.25,2,0,232.84,4.21,0.9803,0.69,0.0,0.0,22.38,2.85,0.0638,1.0441,0.261
1146,2026-08-12 22:30:00,2026-08-12,22:30,22.5,2,0,232.28,4.04,0.9384,0.06,0.0,0.0,22.72,3.17,0.072,1.0104,0.2526
1147,2026-08-12 22:45:00,2026-08-12,22:45,22.75,2,0,232.51,3.83,0.8905,0.66,0.0,0.0,24.61,4.82,0.1186,1.0091,0.2523
1148,2026-08-12 23:00:00,2026-08-12,23:00,23.0,2,0,233.09,2.25,0.5245,0.43,0.0,0.0,24.09,4.48,0.1079,0.6324,0.1581
1149,2026-08-12 23:15:00,2026-08-12,23:15,23.25,2,0,233.87,3.96,0.9261,0.33,0.0,0.0,19.77,2.5,0.0494,0.9755,0.2439
1150,2026-08-12 23:30:00,2026-08-12,23:30,23.5,2,0,229.88,4.06,0.9333,0.43,0.0,0.0,20.85,3.78,0.0788,1.0121,0.253
1151,2026-08-12 23:45:00,2026-08-12,23:45,23.75,2,0,233.49,2.55,0.5954,0.01,0.0,0.0,27.69,5.63,0.1559,0.7513,0.1878
1152,2026-08-13 00:00:00,2026-08-13,00:00,0.0,3,0,232.7,3.19,0.7423,0.55,0.0,0.0,29.7,7.28,0.2162,0.9585,0.2396
1153,2026-08-13 00:15:00,2026-08-13,00:15,0.25,3,0,232.64,2.35,0.5467,0.43,0.0,0.0,29.72,5.89,0.1751,0.7218,0.1804
1154,2026-08-13 00:30:00,2026-08-13,00:30,0.5,3,0,234.48,2.85,0.6683,0.6,0.0,0.0,31.18,8.17,0.2547,0.923,0.2308
1155,2026-08-13 00:45:00,2026-08-13,00:45,0.75,3,0,232.48,3.78,0.8788,0.41,0.0,0.0,28.07,6.38,0.1791,1.0579,0.2645
1156,2026-08-13 01:00:00,2026-08-13,01:00,1.0,3,0,230.59,4.84,1.1161,0.76,0.0,0.0,33.47,7.93,0.2654,1.3815,0.3454
1157,2026-08-13 01:15:00,2026-08-13,01:15,1.25,3,0,235.96,4.2,0.991,0.15,0.0,0.0,35.72,10.97,0.3919,1.3829,0.3457
1158,2026-08-13 01:30:00,2026-08-13,01:30,1.5,3,0,232.0,3.31,0.7679,0.58,0.0,0.0,34.14,8.48,0.2895,1.0574,0.2643
1159,2026-08-13 01:45:00,2026-08-13,01:45,1.75,3,0,233.26,3.84,0.8957,0.04,0.0,0.0,27.49,5.68,0.1561,1.0518,0.263
1160,2026-08-13 02:00:00,2026-08-13,02:00,2.0,3,0,237.77,3.67,0.8726,0.12,0.0,0.0,37.48,10.36,0.3883,1.2609,0.3152
1161,2026-08-13 02:15:00,2026-08-13,02:15,2.25,3,0,231.47,4.63,1.0717,0.27,0.0,0.0,39.2,12.54,0.4916,1.5633,0.3908
1162,2026-08-13 02:30:00,2026-08-13,02:30,2.5,3,0,229.96,4.6,1.0578,0.37,0.0,0.0,38.91,10.88,0.4233,1.4811,0.3703
1163,2026-08-13 02:45:00,2026-08-13,02:45,2.75,3,0,235.12,5.12,1.2038,0.64,0.0,0.0,31.07,7.77,0.2414,1.4452,0.3613
1164,2026-08-13 03:00:00,2026-08-13,03:00,3.0,3,0,233.51,4.06,0.948,0.4,0.0,0.0,33.96,9.37,0.3182,1.2662,0.3165
1165,2026-08-13 03:15:00,2026-08-13,03:15,3.25,3,0,232.03,4.35,1.0093,0.34,0.0,0.0,25.74,3.86,0.0994,1.1087,0.2772
1166,2026-08-13 03:30:00,2026-08-13,03:30,3.5,3,0,235.29,4.75,1.1176,0.3,0.0,0.0,29.83,5.95,0.1775,1.2951,0.3238
1167,2026-08-13 03:45:00,2026-08-13,03:45,3.75,3,0,235.31,4.81,1.1318,0.43,0.0,0.0,27.85,5.44,0.1515,1.2833,0.3208
1168,2026-08-13 04:00:00,2026-08-13,04:00,4.0,3,0,231.72,5.03,1.1655,0.38,0.0,0.0,32.89,6.3,0.2072,1.3727,0.3432
1169,2026-08-13 04:15:00,2026-08-13,04:15,4.25,3,0,232.07,5.12,1.1882,0.54,0.0,0.0,29.01,5.99,0.1738,1.362,0.3405
1170,2026-08-13 04:30:00,2026-08-13,04:30,4.5,3,0,235.54,4.38,1.0317,0.33,0.0,0.0,32.28,7.81,0.2521,1.2838,0.321
1171,2026-08-13 04:45:00,2026-08-13,04:45,4.75,3,0,234.3,3.72,0.8716,0.38,0.0,0.0,21.15,2.79,0.059,0.9306,0.2326
1172,2026-08-13 05:00:00,2026-08-13,05:00,5.0,3,0,234.64,4.54,1.0653,0.09,0.0,0.0,30.37,7.47,0.2269,1.2922,0.3231
1173,2026-08-13 05:15:00,2026-08-13,05:15,5.25,3,0,233.53,5.32,1.2424,0.06,0.0,0.0,24.87,5.32,0.1323,1.3747,0.3437
1174,2026-08-13 05:30:00,2026-08-13,05:30,5.5,3,0,230.6,3.6,0.8302,0.5,0.0,0.0,23.75,3.02,0.0717,0.9019,0.2255
1175,2026-08-13 05:45:00,2026-08-13,05:45,5.75,3,0,235.38,4.22,0.9933,0.27,0.0,0.0,21.46,2.64,0.0566,1.0499,0.2625
1176,2026-08-13 06:00:00,2026-08-13,06:00,6.0,3,0,233.76,3.01,0.7036,31.71,0.0,0.0,23.84,3.56,0.0849,0.7885,0.1971
1177,2026-08-13 06:15:00,2026-08-13,06:15,6.25,3,0,233.03,3.65,0.8506,34.09,0.58,0.0198,14.92,0.72,0.0107,0.8811,0.2203
1178,2026-08-13 06:30:00,2026-08-13,06:30,6.5,3,0,231.83,2.97,0.6885,34.77,2.24,0.0779,22.2,2.65,0.0588,0.8252,0.2063
1179,2026-08-13 06:45:00,2026-08-13,06:45,6.75,3,0,231.22,3.11,0.7191,35.36,3.03,0.1071,20.12,2.9,0.0583,0.8845,0.2211
1180,2026-08-13 07:00:00,2026-08-13,07:00,7.0,3,0,231.19,3.63,0.8392,36.68,3.36,0.1232,16.24,1.34,0.0218,0.9842,0.246
1181,2026-08-13 07:15:00,2026-08-13,07:15,7.25,3,0,232.85,3.47,0.808,35.83,4.69,0.168,19.41,1.06,0.0206,0.9966,0.2492
1182,2026-08-13 07:30:00,2026-08-13,07:30,7.5,3,0,230.61,2.97,0.6849,36.55,5.06,0.1849,18.11,2.74,0.0496,0.9194,0.2298
1183,2026-08-13 07:45:00,2026-08-13,07:45,7.75,3,0,231.35,4.32,0.9994,36.48,5.68,0.2072,24.99,5.45,0.1362,1.3428,0.3357
1184,2026-08-13 08:00:00,2026-08-13,08:00,8.0,3,0,230.44,11.15,2.5694,37.09,5.64,0.2092,31.55,7.83,0.247,3.0256,0.7564
1185,2026-08-13 08:15:00,2026-08-13,08:15,8.25,3,0,232.59,10.63,2.4724,38.36,6.87,0.2635,23.31,3.46,0.0806,2.8165,0.7041
1186,2026-08-13 08:30:00,2026-08-13,08:30,8.5,3,0,234.86,11.71,2.7502,37.45,6.45,0.2416,26.74,5.14,0.1374,3.1292,0.7823
1187,2026-08-13 08:45:00,2026-08-13,08:45,8.75,3,0,231.5,11.93,2.7618,38.63,7.41,0.2863,22.59,5.59,0.1263,3.1744,0.7936
1188,2026-08-13 09:00:00,2026-08-13,09:00,9.0,3,0,225.85,11.74,2.6515,39.85,7.11,0.2833,27.55,6.06,0.1669,3.1017,0.7754
1189,2026-08-13 09:15:00,2026-08-13,09:15,9.25,3,0,226.85,13.79,3.1283,37.7,8.15,0.3073,27.56,4.98,0.1373,3.5729,0.8932
1190,2026-08-13 09:30:00,2026-08-13,09:30,9.5,3,0,226.05,13.42,3.0336,40.69,8.68,0.3532,25.64,5.04,0.1292,3.516,0.879
1191,2026-08-13 09:45:00,2026-08-13,09:45,9.75,3,0,226.98,13.7,3.1096,39.05,9.24,0.3608,27.63,5.79,0.16,3.6304,0.9076
1192,2026-08-13 10:00:00,2026-08-13,10:00,10.0,3,0,226.47,10.87,2.4617,40.9,9.48,0.3877,30.1,7.3,0.2197,3.0691,0.7673
1193,2026-08-13 10:15:00,2026-08-13,10:15,10.25,3,0,229.44,14.29,3.2787,43.07,10.59,0.4561,31.11,7.47,0.2324,3.9672,0.9918
1194,2026-08-13 10:30:00,2026-08-13,10:30,10.5,3,0,227.2,13.37,3.0377,44.46,11.73,0.5215,33.44,8.36,0.2796,3.8388,0.9597
1195,2026-08-13 10:45:00,2026-08-13,10:45,10.75,3,0,223.73,14.29,3.1971,44.85,13.2,0.592,26.96,6.39,0.1723,3.9614,0.9903
1196,2026-08-13 11:00:00,2026-08-13,11:00,11.0,3,0,224.69,13.94,3.1322,46.25,13.59,0.6285,27.39,6.34,0.1736,3.9343,0.9836
1197,2026-08-13 11:15:00,2026-08-13,11:15,11.25,3,0,223.46,14.13,3.1575,45.93,14.97,0.6876,30.3,8.18,0.2478,4.0929,1.0232
1198,2026-08-13 11:30:00,2026-08-13,11:30,11.5,3,0,225.13,13.58,3.0573,46.0,15.54,0.7148,29.55,7.66,0.2263,3.9984,0.9996
1199,2026-08-13 11:45:00,2026-08-13,11:45,11.75,3,0,222.9,13.67,3.047,45.09,15.27,0.6885,30.73,6.5,0.1998,3.9353,0.9838
1200,2026-08-13 12:00:00,2026-08-13,12:00,12.0,3,0,224.55,14.68,3.2964,46.48,14.24,0.6619,34.05,8.72,0.2969,4.2552,1.0638
1201,2026-08-13 12:15:00,2026-08-13,12:15,12.25,3,0,226.2,15.28,3.4563,46.02,14.5,0.6673,28.6,5.5,0.1573,4.2809,1.0702
1202,2026-08-13 12:30:00,2026-08-13,12:30,12.5,3,0,227.46,15.06,3.4256,46.25,15.03,0.6951,26.4,5.43,0.1434,4.2641,1.066
1203,2026-08-13 12:45:00,2026-08-13,12:45,12.75,3,0,223.42,14.96,3.3424,45.13,13.19,0.5953,27.94,5.95,0.1662,4.1039,1.026
1204,2026-08-13 13:00:00,2026-08-13,13:00,13.0,3,0,226.91,15.46,3.508,43.46,13.18,0.5728,26.89,6.95,0.1869,4.2677,1.0669
1205,2026-08-13 13:15:00,2026-08-13,13:15,13.25,3,0,221.27,15.48,3.4253,44.42,12.48,0.5544,22.37,3.58,0.0801,4.0598,1.015
1206,2026-08-13 13:30:00,2026-08-13,13:30,13.5,3,0,225.68,15.42,3.48,43.53,10.71,0.4662,20.65,2.62,0.0541,4.0003,1.0001
1207,2026-08-13 13:45:00,2026-08-13,13:45,13.75,3,0,225.88,15.07,3.404,44.07,10.56,0.4654,21.62,2.33,0.0504,3.9198,0.9799
1208,2026-08-13 14:00:00,2026-08-13,14:00,14.0,3,0,223.79,15.75,3.5247,41.47,9.44,0.3915,18.42,1.5,0.0276,3.9438,0.9859
1209,2026-08-13 14:15:00,2026-08-13,14:15,14.25,3,0,225.89,13.98,3.1579,40.66,9.42,0.383,16.5,0.33,0.0054,3.5463,0.8866
1210,2026-08-13 14:30:00,2026-08-13,14:30,14.5,3,0,222.17,14.99,3.3303,40.46,8.73,0.3532,22.32,3.08,0.0688,3.7523,0.9381
1211,2026-08-13 14:45:00,2026-08-13,14:45,14.75,3,0,220.01,15.18,3.3397,40.24,8.87,0.3569,18.58,1.29,0.024,3.7206,0.9302
1212,2026-08-13 15:00:00,2026-08-13,15:00,15.0,3,0,222.3,14.06,3.1255,39.91,8.78,0.3504,20.9,1.62,0.0339,3.5098,0.8774
1213,2026-08-13 15:15:00,2026-08-13,15:15,15.25,3,0,223.73,15.25,3.4119,41.12,8.56,0.352,18.61,0.49,0.0091,3.773,0.9433
1214,2026-08-13 15:30:00,2026-08-13,15:30,15.5,3,0,222.76,14.97,3.3347,40.62,8.36,0.3396,18.11,1.95,0.0353,3.7096,0.9274
1215,2026-08-13 15:45:00,2026-08-13,15:45,15.75,3,0,222.87,14.11,3.1447,39.67,8.31,0.3297,18.95,0.83,0.0157,3.4901,0.8725
1216,2026-08-13 16:00:00,2026-08-13,16:00,16.0,3,0,225.79,15.17,3.4252,39.0,8.12,0.3167,17.69,2.23,0.0395,3.7814,0.9454
1217,2026-08-13 16:15:00,2026-08-13,16:15,16.25,3,0,222.28,14.23,3.163,39.77,7.19,0.2859,16.65,0.5,0.0083,3.4572,0.8643
1218,2026-08-13 16:30:00,2026-08-13,16:30,16.5,3,0,217.63,14.17,3.0838,40.45,7.21,0.2916,16.89,0.55,0.0093,3.3847,0.8462
1219,2026-08-13 16:45:00,2026-08-13,16:45,16.75,3,0,220.86,14.2,3.1362,38.78,5.85,0.2269,23.04,3.71,0.0855,3.4486,0.8621
1220,2026-08-13 17:00:00,2026-08-13,17:00,17.0,3,0,227.79,12.76,2.9066,39.6,5.42,0.2146,20.16,1.51,0.0304,3.1516,0.7879
1221,2026-08-13 17:15:00,2026-08-13,17:15,17.25,3,0,223.31,12.25,2.7356,36.26,5.31,0.1925,21.13,2.73,0.0577,2.9858,0.7464
1222,2026-08-13 17:30:00,2026-08-13,17:30,17.5,3,0,224.66,11.8,2.651,35.98,3.55,0.1277,22.96,2.09,0.048,2.8267,0.7067
1223,2026-08-13 17:45:00,2026-08-13,17:45,17.75,3,0,220.7,11.37,2.5094,34.12,3.35,0.1143,20.09,2.52,0.0506,2.6743,0.6686
1224,2026-08-13 18:00:00,2026-08-13,18:00,18.0,3,0,219.83,11.7,2.572,33.95,1.13,0.0384,23.51,3.8,0.0893,2.6997,0.6749
1225,2026-08-13 18:15:00,2026-08-13,18:15,18.25,3,0,225.5,12.78,2.8819,33.41,0.99,0.0331,22.9,3.86,0.0884,3.0034,0.7509
1226,2026-08-13 18:30:00,2026-08-13,18:30,18.5,3,0,225.39,12.0,2.7047,31.78,0.0,0.0,22.41,3.67,0.0822,2.7869,0.6967
1227,2026-08-13 18:45:00,2026-08-13,18:45,18.75,3,0,228.12,10.87,2.4797,0.71,0.0,0.0,24.89,3.02,0.0752,2.5549,0.6387
1228,2026-08-13 19:00:00,2026-08-13,19:00,19.0,3,0,225.35,11.15,2.5127,0.45,0.0,0.0,25.09,3.58,0.0898,2.6025,0.6506
1229,2026-08-13 19:15:00,2026-08-13,19:15,19.25,3,0,228.52,4.55,1.0398,0.42,0.0,0.0,20.41,3.06,0.0625,1.1023,0.2756
1230,2026-08-13 19:30:00,2026-08-13,19:30,19.5,3,0,226.38,5.77,1.3062,0.25,0.0,0.0,21.61,2.75,0.0594,1.3656,0.3414
1231,2026-08-13 19:45:00,2026-08-13,19:45,19.75,3,0,224.47,5.48,1.2301,0.4,0.0,0.0,23.76,4.22,0.1003,1.3304,0.3326
1232,2026-08-13 20:00:00,2026-08-13,20:00,20.0,3,0,224.68,4.23,0.9504,0.35,0.0,0.0,25.86,3.6,0.0931,1.0435,0.2609
1233,2026-08-13 20:15:00,2026-08-13,20:15,20.25,3,0,230.19,4.72,1.0865,0.57,0.0,0.0,23.1,2.33,0.0538,1.1403,0.2851
1234,2026-08-13 20:30:00,2026-08-13,20:30,20.5,3,0,225.1,4.12,0.9274,0.13,0.0,0.0,21.71,2.8,0.0608,0.9882,0.247
1235,2026-08-13 20:45:00,2026-08-13,20:45,20.75,3,0,228.51,5.67,1.2957,0.19,0.0,0.0,21.57,2.66,0.0574,1.3531,0.3383
1236,2026-08-13 21:00:00,2026-08-13,21:00,21.0,3,0,228.84,3.77,0.8627,0.18,0.0,0.0,18.33,1.61,0.0295,0.8922,0.223
1237,2026-08-13 21:15:00,2026-08-13,21:15,21.25,3,0,225.77,4.35,0.9821,0.08,0.0,0.0,20.35,2.75,0.056,1.0381,0.2595
1238,2026-08-13 21:30:00,2026-08-13,21:30,21.5,3,0,227.62,4.1,0.9332,0.57,0.0,0.0,20.22,3.08,0.0623,0.9955,0.2489
1239,2026-08-13 21:45:00,2026-08-13,21:45,21.75,3,0,228.55,3.7,0.8456,0.03,0.0,0.0,21.5,3.36,0.0722,0.9178,0.2294
1240,2026-08-13 22:00:00,2026-08-13,22:00,22.0,3,0,226.17,4.12,0.9318,0.38,0.0,0.0,19.2,1.92,0.0369,0.9687,0.2422
1241,2026-08-13 22:15:00,2026-08-13,22:15,22.25,3,0,228.21,4.02,0.9174,0.69,0.0,0.0,20.08,1.34,0.0269,0.9443,0.2361
1242,2026-08-13 22:30:00,2026-08-13,22:30,22.5,3,0,225.88,3.16,0.7138,0.04,0.0,0.0,19.11,0.3,0.0057,0.7195,0.1799
1243,2026-08-13 22:45:00,2026-08-13,22:45,22.75,3,0,226.15,5.16,1.1669,0.38,0.0,0.0,18.87,0.85,0.016,1.1829,0.2957
1244,2026-08-13 23:00:00,2026-08-13,23:00,23.0,3,0,227.24,2.83,0.6431,0.28,0.0,0.0,17.34,0.05,0.0009,0.644,0.161
1245,2026-08-13 23:15:00,2026-08-13,23:15,23.25,3,0,227.91,2.25,0.5128,0.15,0.0,0.0,19.81,0.08,0.0016,0.5144,0.1286
1246,2026-08-13 23:30:00,2026-08-13,23:30,23.5,3,0,229.62,4.05,0.93,0.38,0.0,0.0,15.82,0.69,0.0109,0.9409,0.2352
1247,2026-08-13 23:45:00,2026-08-13,23:45,23.75,3,0,232.2,2.95,0.685,0.5,0.0,0.0,17.19,0.96,0.0165,0.7015,0.1754
1248,2026-08-14 00:00:00,2026-08-14,00:00,0.0,4,0,228.64,3.44,0.7865,0.61,0.0,0.0,17.11,0.19,0.0032,0.7897,0.1974
1249,2026-08-14 00:15:00,2026-08-14,00:15,0.25,4,0,228.66,2.59,0.5922,0.13,0.0,0.0,18.24,0.36,0.0066,0.5988,0.1497
1250,2026-08-14 00:30:00,2026-08-14,00:30,0.5,4,0,229.1,3.54,0.811,0.26,0.0,0.0,18.47,1.87,0.0345,0.8455,0.2114
1251,2026-08-14 00:45:00,2026-08-14,00:45,0.75,4,0,229.16,2.59,0.5935,0.43,0.0,0.0,21.71,2.29,0.0497,0.6432,0.1608
1252,2026-08-14 01:00:00,2026-08-14,01:00,1.0,4,0,232.34,4.06,0.9433,0.63,0.0,0.0,17.94,0.18,0.0032,0.9465,0.2366
1253,2026-08-14 01:15:00,2026-08-14,01:15,1.25,4,0,229.55,3.86,0.8861,0.64,0.0,0.0,24.11,3.4,0.082,0.9681,0.242
1254,2026-08-14 01:30:00,2026-08-14,01:30,1.5,4,0,231.23,3.7,0.8555,0.22,0.0,0.0,18.76,0.03,0.0006,0.8561,0.214
1255,2026-08-14 01:45:00,2026-08-14,01:45,1.75,4,0,229.19,4.47,1.0245,0.79,0.0,0.0,21.41,2.19,0.0469,1.0714,0.2678
1256,2026-08-14 02:00:00,2026-08-14,02:00,2.0,4,0,229.93,4.15,0.9542,0.4,0.0,0.0,25.28,4.15,0.1049,1.0591,0.2648
1257,2026-08-14 02:15:00,2026-08-14,02:15,2.25,4,0,230.37,2.7,0.622,0.25,0.0,0.0,18.88,2.16,0.0408,0.6628,0.1657
1258,2026-08-14 02:30:00,2026-08-14,02:30,2.5,4,0,230.91,4.43,1.0229,0.07,0.0,0.0,23.97,4.11,0.0985,1.1214,0.2803
1259,2026-08-14 02:45:00,2026-08-14,02:45,2.75,4,0,231.22,3.86,0.8925,0.33,0.0,0.0,21.36,2.14,0.0457,0.9382,0.2346
1260,2026-08-14 03:00:00,2026-08-14,03:00,3.0,4,0,230.36,3.94,0.9076,0.08,0.0,0.0,22.76,2.99,0.068,0.9756,0.2439
1261,2026-08-14 03:15:00,2026-08-14,03:15,3.25,4,0,230.88,5.44,1.256,0.39,0.0,0.0,21.91,3.09,0.0677,1.3237,0.3309
1262,2026-08-14 03:30:00,2026-08-14,03:30,3.5,4,0,230.7,4.8,1.1074,0.8,0.0,0.0,24.39,4.59,0.112,1.2194,0.3049
1263,2026-08-14 03:45:00,2026-08-14,03:45,3.75,4,0,231.76,4.51,1.0452,0.78,0.0,0.0,25.28,4.39,0.111,1.1562,0.289
1264,2026-08-14 04:00:00,2026-08-14,04:00,4.0,4,0,228.18,6.54,1.4923,0.18,0.0,0.0,23.84,2.54,0.0605,1.5528,0.3882
1265,2026-08-14 04:15:00,2026-08-14,04:15,4.25,4,0,232.25,4.25,0.9871,0.33,0.0,0.0,23.17,2.62,0.0607,1.0478,0.262
1266,2026-08-14 04:30:00,2026-08-14,04:30,4.5,4,0,232.5,5.14,1.195,0.46,0.0,0.0,23.61,4.36,0.1029,1.2979,0.3245
1267,2026-08-14 04:45:00,2026-08-14,04:45,4.75,4,0,231.0,4.27,0.9864,0.28,0.0,0.0,20.43,2.96,0.0605,1.0469,0.2617
1268,2026-08-14 05:00:00,2026-08-14,05:00,5.0,4,0,233.15,4.76,1.1098,0.35,0.0,0.0,24.11,2.95,0.0711,1.1809,0.2952
1269,2026-08-14 05:15:00,2026-08-14,05:15,5.25,4,0,237.71,5.72,1.3597,0.09,0.0,0.0,23.25,4.49,0.1044,1.4641,0.366
1270,2026-08-14 05:30:00,2026-08-14,05:30,5.5,4,0,231.02,4.24,0.9795,0.51,0.0,0.0,23.02,3.76,0.0866,1.0661,0.2665
1271,2026-08-14 05:45:00,2026-08-14,05:45,5.75,4,0,235.38,4.85,1.1416,0.4,0.0,0.0,21.48,2.64,0.0567,1.1983,0.2996
1272,2026-08-14 06:00:00,2026-08-14,06:00,6.0,4,0,230.39,4.19,0.9653,33.09,0.03,0.001,22.55,2.23,0.0503,1.0166,0.2541
1273,2026-08-14 06:15:00,2026-08-14,06:15,6.25,4,0,234.46,3.88,0.9097,32.05,1.32,0.0423,20.3,2.54,0.0516,1.0036,0.2509
1274,2026-08-14 06:30:00,2026-08-14,06:30,6.5,4,0,233.12,5.15,1.2006,32.55,1.65,0.0537,18.61,0.85,0.0158,1.2701,0.3175
1275,2026-08-14 06:45:00,2026-08-14,06:45,6.75,4,0,232.29,3.51,0.8153,32.24,1.71,0.0551,21.17,2.03,0.043,0.9134,0.2283
1276,2026-08-14 07:00:00,2026-08-14,07:00,7.0,4,0,232.07,4.22,0.9793,33.37,1.11,0.037,20.42,1.56,0.0319,1.0482,0.2621
1277,2026-08-14 07:15:00,2026-08-14,07:15,7.25,4,0,231.99,2.63,0.6101,33.68,2.63,0.0886,18.82,0.33,0.0062,0.7049,0.1762
1278,2026-08-14 07:30:00,2026-08-14,07:30,7.5,4,0,232.65,4.05,0.9422,33.65,2.07,0.0697,17.42,1.64,0.0286,1.0405,0.2601
1279,2026-08-14 07:45:00,2026-08-14,07:45,7.75,4,0,233.49,2.29,0.5347,33.54,0.8,0.0268,19.32,0.24,0.0046,0.5661,0.1415
1280,2026-08-14 08:00:00,2026-08-14,08:00,8.0,4,0,234.73,11.8,2.7698,34.05,3.55,0.1209,19.91,0.0,0.0,2.8907,0.7227
1281,2026-08-14 08:15:00,2026-08-14,08:15,8.25,4,0,233.27,11.64,2.7153,35.01,3.55,0.1243,20.22,1.83,0.037,2.8766,0.7191
1282,2026-08-14 08:30:00,2026-08-14,08:30,8.5,4,0,231.85,10.68,2.4762,36.33,3.28,0.1192,19.93,1.63,0.0325,2.6279,0.657
1283,2026-08-14 08:45:00,2026-08-14,08:45,8.75,4,0,234.58,12.53,2.9393,35.14,3.0,0.1054,17.48,0.35,0.0061,3.0508,0.7627
1284,2026-08-14 09:00:00,2026-08-14,09:00,9.0,4,0,228.1,11.96,2.7281,36.76,4.5,0.1654,18.2,0.06,0.0011,2.8946,0.7237
1285,2026-08-14 09:15:00,2026-08-14,09:15,9.25,4,0,229.02,12.94,2.9635,35.29,4.35,0.1535,15.52,1.18,0.0183,3.1353,0.7838
1286,2026-08-14 09:30:00,2026-08-14,09:30,9.5,4,0,232.33,12.51,2.9064,34.97,3.28,0.1147,18.16,0.64,0.0116,3.0327,0.7582
1287,2026-08-14 09:45:00,2026-08-14,09:45,9.75,4,0,229.84,11.84,2.7213,36.7,5.41,0.1986,20.36,0.67,0.0136,2.9335,0.7334
1288,2026-08-14 10:00:00,2026-08-14,10:00,10.0,4,0,233.5,13.61,3.1779,36.42,5.3,0.193,17.97,0.0,0.0,3.3709,0.8427
1289,2026-08-14 10:15:00,2026-08-14,10:15,10.25,4,0,227.78,13.92,3.1707,37.28,4.37,0.1629,15.29,0.27,0.0041,3.3377,0.8344
1290,2026-08-14 10:30:00,2026-08-14,10:30,10.5,4,0,230.72,13.19,3.0432,35.26,4.2,0.1481,18.62,1.06,0.0197,3.211,0.8027
1291,2026-08-14 10:45:00,2026-08-14,10:45,10.75,4,0,230.8,14.36,3.3143,35.87,3.94,0.1413,17.25,0.04,0.0007,3.4563,0.8641
1292,2026-08-14 11:00:00,2026-08-14,11:00,11.0,4,0,233.02,12.84,2.992,37.14,4.36,0.1619,17.53,0.48,0.0084,3.1623,0.7906
1293,2026-08-14 11:15:00,2026-08-14,11:15,11.25,4,0,231.83,14.85,3.4427,36.3,4.5,0.1633,19.61,1.47,0.0288,3.6348,0.9087
1294,2026-08-14 11:30:00,2026-08-14,11:30,11.5,4,0,229.47,15.01,3.4443,36.59,4.07,0.1489,18.96,0.73,0.0138,3.607,0.9018
1295,2026-08-14 11:45:00,2026-08-14,11:45,11.75,4,0,230.73,15.55,3.5878,38.17,4.08,0.1557,17.59,0.8,0.0141,3.7576,0.9394
1296,2026-08-14 12:00:00,2026-08-14,12:00,12.0,4,0,230.87,14.34,3.3107,35.31,5.41,0.191,17.0,1.0,0.017,3.5187,0.8797
1297,2026-08-14 12:15:00,2026-08-14,12:15,12.25,4,0,233.41,14.23,3.3214,36.71,4.07,0.1494,18.24,0.07,0.0013,3.4721,0.868
1298,2026-08-14 12:30:00,2026-08-14,12:30,12.5,4,0,229.68,15.42,3.5417,37.26,4.44,0.1654,18.17,0.8,0.0145,3.7216,0.9304
1299,2026-08-14 12:45:00,2026-08-14,12:45,12.75,4,0,231.88,14.51,3.3646,37.34,4.67,0.1744,18.44,0.75,0.0138,3.5528,0.8882
1300,2026-08-14 13:00:00,2026-08-14,13:00,13.0,4,0,228.97,14.22,3.2559,37.87,4.71,0.1784,18.04,0.0,0.0,3.4343,0.8586
1301,2026-08-14 13:15:00,2026-08-14,13:15,13.25,4,0,229.92,16.0,3.6787,38.3,5.19,0.1988,15.8,0.0,0.0,3.8775,0.9694
1302,2026-08-14 13:30:00,2026-08-14,13:30,13.5,4,0,229.45,15.39,3.5312,38.05,6.08,0.2313,15.56,0.7,0.0109,3.7734,0.9434
1303,2026-08-14 13:45:00,2026-08-14,13:45,13.75,4,0,231.18,15.3,3.5371,37.52,5.8,0.2176,15.14,1.43,0.0216,3.7763,0.9441
1304,2026-08-14 14:00:00,2026-08-14,14:00,14.0,4,0,229.1,15.46,3.5419,35.4,6.33,0.2241,20.55,2.01,0.0413,3.8073,0.9518
1305,2026-08-14 14:15:00,2026-08-14,14:15,14.25,4,0,226.76,15.49,3.5125,36.22,4.95,0.1793,18.04,0.93,0.0168,3.7086,0.9272
1306,2026-08-14 14:30:00,2026-08-14,14:30,14.5,4,0,226.83,15.17,3.441,36.57,4.06,0.1485,19.49,0.5,0.0097,3.5992,0.8998
1307,2026-08-14 14:45:00,2026-08-14,14:45,14.75,4,0,225.53,15.35,3.4619,35.64,4.7,0.1675,19.61,0.64,0.0126,3.642,0.9105
1308,2026-08-14 15:00:00,2026-08-14,15:00,15.0,4,0,226.61,14.36,3.2541,35.01,4.08,0.1428,19.36,2.14,0.0414,3.4383,0.8596
1309,2026-08-14 15:15:00,2026-08-14,15:15,15.25,4,0,229.36,14.67,3.3647,34.79,3.9,0.1357,18.43,0.07,0.0013,3.5017,0.8754
1310,2026-08-14 15:30:00,2026-08-14,15:30,15.5,4,0,228.42,13.34,3.0471,35.47,3.69,0.1309,15.89,0.0,0.0,3.178,0.7945
1311,2026-08-14 15:45:00,2026-08-14,15:45,15.75,4,0,227.82,13.32,3.0346,35.93,3.18,0.1143,15.65,1.54,0.0241,3.173,0.7933
1312,2026-08-14 16:00:00,2026-08-14,16:00,16.0,4,0,229.13,13.67,3.1322,33.26,2.58,0.0858,16.99,0.32,0.0054,3.2234,0.8058
1313,2026-08-14 16:15:00,2026-08-14,16:15,16.25,4,0,229.07,12.15,2.7832,35.35,2.81,0.0993,17.33,1.39,0.0241,2.9066,0.7267
1314,2026-08-14 16:30:00,2026-08-14,16:30,16.5,4,0,227.5,13.6,3.094,34.87,3.1,0.1081,18.01,0.09,0.0016,3.2037,0.8009
1315,2026-08-14 16:45:00,2026-08-14,16:45,16.75,4,0,228.29,13.05,2.9792,34.71,1.77,0.0614,19.46,0.3,0.0058,3.0464,0.7616
1316,2026-08-14 17:00:00,2026-08-14,17:00,17.0,4,0,228.42,12.95,2.958,34.5,2.51,0.0866,14.87,0.33,0.0049,3.0495,0.7624
1317,2026-08-14 17:15:00,2026-08-14,17:15,17.25,4,0,231.37,12.76,2.9523,34.76,1.1,0.0382,18.44,1.14,0.021,3.0115,0.7529
1318,2026-08-14 17:30:00,2026-08-14,17:30,17.5,4,0,228.33,12.96,2.9592,33.96,1.67,0.0567,17.15,1.56,0.0267,3.0426,0.7607
1319,2026-08-14 17:45:00,2026-08-14,17:45,17.75,4,0,225.66,12.61,2.8456,32.76,0.45,0.0147,18.97,0.32,0.0061,2.8664,0.7166
1320,2026-08-14 18:00:00,2026-08-14,18:00,18.0,4,0,225.91,11.97,2.7041,32.43,0.41,0.0133,17.64,2.19,0.0386,2.756,0.689
1321,2026-08-14 18:15:00,2026-08-14,18:15,18.25,4,0,231.74,11.91,2.76,32.59,0.61,0.0199,19.4,1.23,0.0239,2.8038,0.7009
1322,2026-08-14 18:30:00,2026-08-14,18:30,18.5,4,0,227.78,12.45,2.8359,31.81,0.0,0.0,17.35,0.82,0.0142,2.8501,0.7125
1323,2026-08-14 18:45:00,2026-08-14,18:45,18.75,4,0,229.31,10.66,2.4444,0.1,0.0,0.0,16.79,0.73,0.0123,2.4567,0.6142
1324,2026-08-14 19:00:00,2026-08-14,19:00,19.0,4,0,230.05,11.51,2.6479,0.46,0.0,0.0,19.91,2.16,0.043,2.6909,0.6727
1325,2026-08-14 19:15:00,2026-08-14,19:15,19.25,4,0,228.76,5.45,1.2467,0.23,0.0,0.0,20.2,1.65,0.0333,1.28,0.32
1326,2026-08-14 19:30:00,2026-08-14,19:30,19.5,4,0,224.48,4.71,1.0573,0.5,0.0,0.0,20.11,2.56,0.0515,1.1088,0.2772
1327,2026-08-14 19:45:00,2026-08-14,19:45,19.75,4,0,229.39,4.87,1.1171,0.48,0.0,0.0,19.78,2.2,0.0435,1.1606,0.2902
1328,2026-08-14 20:00:00,2026-08-14,20:00,20.0,4,0,228.37,3.99,0.9112,0.07,0.0,0.0,22.96,2.11,0.0485,0.9597,0.2399
1329,2026-08-14 20:15:00,2026-08-14,20:15,20.25,4,0,227.84,5.54,1.2622,0.22,0.0,0.0,23.05,3.97,0.0915,1.3537,0.3384
1330,2026-08-14 20:30:00,2026-08-14,20:30,20.5,4,0,231.35,3.11,0.7195,0.08,0.0,0.0,22.55,2.75,0.062,0.7815,0.1954
1331,2026-08-14 20:45:00,2026-08-14,20:45,20.75,4,0,226.51,4.79,1.085,0.56,0.0,0.0,25.33,4.54,0.115,1.2,0.3
1332,2026-08-14 21:00:00,2026-08-14,21:00,21.0,4,0,226.87,5.22,1.1843,0.49,0.0,0.0,22.22,3.34,0.0742,1.2585,0.3146
1333,2026-08-14 21:15:00,2026-08-14,21:15,21.25,4,0,223.95,5.34,1.1959,0.52,0.0,0.0,22.33,5.01,0.1119,1.3078,0.327
1334,2026-08-14 21:30:00,2026-08-14,21:30,21.5,4,0,222.83,3.76,0.8378,0.67,0.0,0.0,23.17,4.67,0.1082,0.946,0.2365
1335,2026-08-14 21:45:00,2026-08-14,21:45,21.75,4,0,227.0,4.86,1.1032,0.48,0.0,0.0,21.97,3.83,0.0842,1.1874,0.2969
1336,2026-08-14 22:00:00,2026-08-14,22:00,22.0,4,0,226.55,4.91,1.1124,0.46,0.0,0.0,22.1,3.12,0.0689,1.1813,0.2953
1337,2026-08-14 22:15:00,2026-08-14,22:15,22.25,4,0,229.56,3.99,0.9159,0.53,0.0,0.0,22.88,3.35,0.0767,0.9926,0.2482
1338,2026-08-14 22:30:00,2026-08-14,22:30,22.5,4,0,229.1,3.02,0.6919,0.05,0.0,0.0,24.3,3.51,0.0853,0.7772,0.1943
1339,2026-08-14 22:45:00,2026-08-14,22:45,22.75,4,0,228.58,4.03,0.9212,0.68,0.0,0.0,27.22,4.2,0.1143,1.0355,0.2589
1340,2026-08-14 23:00:00,2026-08-14,23:00,23.0,4,0,222.61,3.38,0.7524,0.71,0.0,0.0,23.44,4.92,0.1153,0.8677,0.2169
1341,2026-08-14 23:15:00,2026-08-14,23:15,23.25,4,0,228.1,3.08,0.7026,0.76,0.0,0.0,22.86,2.22,0.0508,0.7534,0.1883
1342,2026-08-14 23:30:00,2026-08-14,23:30,23.5,4,0,225.75,4.39,0.991,0.75,0.0,0.0,24.94,4.48,0.1117,1.1027,0.2757
1343,2026-08-14 23:45:00,2026-08-14,23:45,23.75,4,0,227.46,3.77,0.8575,0.29,0.0,0.0,22.11,3.18,0.0703,0.9278,0.2319
1344,2026-08-15 00:00:00,2026-08-15,00:00,0.0,5,1,226.93,3.76,0.8533,0.53,0.0,0.0,17.92,1.39,0.0249,0.8782,0.2195
1345,2026-08-15 00:15:00,2026-08-15,00:15,0.25,5,1,226.07,3.78,0.8545,0.56,0.0,0.0,18.01,0.0,0.0,0.8545,0.2136
1346,2026-08-15 00:30:00,2026-08-15,00:30,0.5,5,1,224.1,3.57,0.8,0.47,0.0,0.0,17.34,0.83,0.0144,0.8144,0.2036
1347,2026-08-15 00:45:00,2026-08-15,00:45,0.75,5,1,226.92,3.9,0.885,0.29,0.0,0.0,19.94,0.83,0.0166,0.9016,0.2254
1348,2026-08-15 01:00:00,2026-08-15,01:00,1.0,5,1,226.96,3.93,0.892,0.32,0.0,0.0,17.69,0.0,0.0,0.892,0.223
1349,2026-08-15 01:15:00,2026-08-15,01:15,1.25,5,1,223.96,3.12,0.6988,0.38,0.0,0.0,19.41,0.39,0.0076,0.7064,0.1766
1350,2026-08-15 01:30:00,2026-08-15,01:30,1.5,5,1,223.41,4.49,1.0031,0.74,0.0,0.0,19.24,1.02,0.0196,1.0227,0.2557
1351,2026-08-15 01:45:00,2026-08-15,01:45,1.75,5,1,226.39,3.55,0.8037,0.57,0.0,0.0,17.37,0.47,0.0082,0.8119,0.203
1352,2026-08-15 02:00:00,2026-08-15,02:00,2.0,5,1,223.9,4.05,0.9068,0.02,0.0,0.0,16.44,1.39,0.0229,0.9297,0.2324
1353,2026-08-15 02:15:00,2026-08-15,02:15,2.25,5,1,222.99,5.05,1.1261,0.07,0.0,0.0,17.83,0.93,0.0166,1.1427,0.2857
1354,2026-08-15 02:30:00,2026-08-15,02:30,2.5,5,1,225.8,4.2,0.9484,0.41,0.0,0.0,17.79,0.6,0.0107,0.9591,0.2398
1355,2026-08-15 02:45:00,2026-08-15,02:45,2.75,5,1,227.39,4.49,1.021,0.42,0.0,0.0,15.62,0.36,0.0056,1.0266,0.2566
1356,2026-08-15 03:00:00,2026-08-15,03:00,3.0,5,1,226.5,4.43,1.0034,0.8,0.0,0.0,15.65,1.62,0.0254,1.0288,0.2572
1357,2026-08-15 03:15:00,2026-08-15,03:15,3.25,5,1,227.62,5.21,1.1859,0.45,0.0,0.0,19.96,0.32,0.0064,1.1923,0.2981
1358,2026-08-15 03:30:00,2026-08-15,03:30,3.5,5,1,226.07,4.49,1.0151,0.38,0.0,0.0,17.02,1.46,0.0249,1.04,0.26
1359,2026-08-15 03:45:00,2026-08-15,03:45,3.75,5,1,227.71,4.93,1.1226,0.29,0.0,0.0,17.64,1.28,0.0226,1.1452,0.2863
1360,2026-08-15 04:00:00,2026-08-15,04:00,4.0,5,1,226.7,5.72,1.2967,0.23,0.0,0.0,20.81,2.67,0.0556,1.3523,0.3381
1361,2026-08-15 04:15:00,2026-08-15,04:15,4.25,5,1,223.31,5.83,1.3019,0.35,0.0,0.0,17.92,1.81,0.0324,1.3343,0.3336
1362,2026-08-15 04:30:00,2026-08-15,04:30,4.5,5,1,229.18,3.7,0.848,0.01,0.0,0.0,20.39,1.19,0.0243,0.8723,0.2181
1363,2026-08-15 04:45:00,2026-08-15,04:45,4.75,5,1,222.82,4.91,1.094,0.23,0.0,0.0,21.51,1.32,0.0284,1.1224,0.2806
1364,2026-08-15 05:00:00,2026-08-15,05:00,5.0,5,1,224.66,4.72,1.0604,0.25,0.0,0.0,21.17,1.96,0.0415,1.1019,0.2755
1365,2026-08-15 05:15:00,2026-08-15,05:15,5.25,5,1,230.6,5.13,1.183,0.68,0.0,0.0,20.4,1.97,0.0402,1.2232,0.3058
1366,2026-08-15 05:30:00,2026-08-15,05:30,5.5,5,1,225.0,3.14,0.7065,0.67,0.0,0.0,21.26,3.0,0.0638,0.7703,0.1926
1367,2026-08-15 05:45:00,2026-08-15,05:45,5.75,5,1,225.38,3.5,0.7888,0.26,0.0,0.0,22.92,3.5,0.0802,0.869,0.2172
1368,2026-08-15 06:00:00,2026-08-15,06:00,6.0,5,1,228.1,2.8,0.6387,31.31,0.0,0.0,23.37,3.27,0.0764,0.7151,0.1788
1369,2026-08-15 06:15:00,2026-08-15,06:15,6.25,5,1,228.13,4.16,0.949,33.42,1.08,0.0361,22.06,3.2,0.0706,1.0557,0.2639
1370,2026-08-15 06:30:00,2026-08-15,06:30,6.5,5,1,228.56,4.16,0.9508,33.99,2.44,0.0829,22.09,3.92,0.0866,1.1203,0.2801
1371,2026-08-15 06:45:00,2026-08-15,06:45,6.75,5,1,225.4,3.08,0.6942,34.68,2.78,0.0964,20.99,2.32,0.0487,0.8393,0.2098
1372,2026-08-15 07:00:00,2026-08-15,07:00,7.0,5,1,227.15,4.36,0.9904,35.6,3.17,0.1128,20.67,3.96,0.0818,1.185,0.2963
1373,2026-08-15 07:15:00,2026-08-15,07:15,7.25,5,1,229.27,3.06,0.7016,36.15,3.71,0.1341,23.12,2.81,0.065,0.9007,0.2252
1374,2026-08-15 07:30:00,2026-08-15,07:30,7.5,5,1,227.77,3.5,0.7972,35.65,4.58,0.1633,24.17,3.48,0.0841,1.0446,0.2611
1375,2026-08-15 07:45:00,2026-08-15,07:45,7.75,5,1,224.97,3.16,0.7109,35.96,4.81,0.173,20.94,2.29,0.0479,0.9318,0.2329
1376,2026-08-15 08:00:00,2026-08-15,08:00,8.0,5,1,229.29,3.21,0.736,36.6,4.35,0.1592,24.58,3.65,0.0897,0.9849,0.2462
1377,2026-08-15 08:15:00,2026-08-15,08:15,8.25,5,1,227.43,2.99,0.68,36.35,6.23,0.2265,20.13,2.9,0.0584,0.9649,0.2412
1378,2026-08-15 08:30:00,2026-08-15,08:30,8.5,5,1,229.98,2.58,0.5934,37.8,5.69,0.2151,21.75,1.93,0.042,0.8505,0.2126
1379,2026-08-15 08:45:00,2026-08-15,08:45,8.75,5,1,228.67,3.36,0.7683,38.39,7.89,0.3029,22.35,2.85,0.0637,1.1349,0.2837
1380,2026-08-15 09:00:00,2026-08-15,09:00,9.0,5,1,229.42,2.35,0.5391,39.25,8.12,0.3187,18.31,1.1,0.0201,0.8779,0.2195
1381,2026-08-15 09:15:00,2026-08-15,09:15,9.25,5,1,233.42,2.78,0.6489,40.63,8.26,0.3356,21.22,2.77,0.0588,1.0433,0.2608
1382,2026-08-15 09:30:00,2026-08-15,09:30,9.5,5,1,228.18,2.39,0.5454,41.01,9.41,0.3859,19.26,2.86,0.0551,0.9864,0.2466
1383,2026-08-15 09:45:00,2026-08-15,09:45,9.75,5,1,231.37,1.55,0.3586,41.68,10.73,0.4472,19.87,2.26,0.0449,0.8507,0.2127
1384,2026-08-15 10:00:00,2026-08-15,10:00,10.0,5,1,233.51,1.71,0.3993,41.93,12.26,0.5141,22.35,2.25,0.0503,0.9637,0.2409
1385,2026-08-15 10:15:00,2026-08-15,10:15,10.25,5,1,230.32,1.19,0.2741,44.69,12.09,0.5403,17.33,1.33,0.0231,0.8375,0.2094
1386,2026-08-15 10:30:00,2026-08-15,10:30,10.5,5,1,230.08,2.02,0.4648,44.93,13.04,0.5859,19.79,1.3,0.0257,1.0764,0.2691
1387,2026-08-15 10:45:00,2026-08-15,10:45,10.75,5,1,234.96,2.16,0.5075,45.33,14.81,0.6713,21.63,3.07,0.0664,1.2452,0.3113
1388,2026-08-15 11:00:00,2026-08-15,11:00,11.0,5,1,229.35,1.67,0.383,45.61,14.53,0.6627,20.05,1.81,0.0363,1.082,0.2705
1389,2026-08-15 11:15:00,2026-08-15,11:15,11.25,5,1,229.14,1.08,0.2475,45.41,14.37,0.6525,19.41,2.16,0.0419,0.9419,0.2355
1390,2026-08-15 11:30:00,2026-08-15,11:30,11.5,5,1,233.22,1.5,0.3498,46.05,14.28,0.6576,19.49,2.26,0.044,1.0514,0.2628
1391,2026-08-15 11:45:00,2026-08-15,11:45,11.75,5,1,228.9,1.45,0.3319,45.56,14.23,0.6483,21.96,4.06,0.0892,1.0694,0.2673
1392,2026-08-15 12:00:00,2026-08-15,12:00,12.0,5,1,230.68,2.64,0.609,45.45,12.96,0.589,20.83,2.79,0.0581,1.2561,0.314
1393,2026-08-15 12:15:00,2026-08-15,12:15,12.25,5,1,231.64,1.51,0.3498,45.27,12.72,0.5758,22.29,4.24,0.0945,1.0201,0.255
1394,2026-08-15 12:30:00,2026-08-15,12:30,12.5,5,1,230.99,1.33,0.3072,44.74,11.85,0.5302,25.91,4.27,0.1106,0.948,0.237
1395,2026-08-15 12:45:00,2026-08-15,12:45,12.75,5,1,229.11,1.8,0.4124,42.97,12.0,0.5156,24.92,5.29,0.1318,1.0598,0.265
1396,2026-08-15 13:00:00,2026-08-15,13:00,13.0,5,1,233.91,2.63,0.6152,42.75,9.87,0.4219,21.92,3.49,0.0765,1.1136,0.2784
1397,2026-08-15 13:15:00,2026-08-15,13:15,13.25,5,1,234.45,2.17,0.5088,42.85,10.58,0.4534,18.97,3.05,0.0579,1.0201,0.255
1398,2026-08-15 13:30:00,2026-08-15,13:30,13.5,5,1,232.44,1.36,0.3161,40.29,9.75,0.3928,25.96,4.63,0.1202,0.8291,0.2073
1399,2026-08-15 13:45:00,2026-08-15,13:45,13.75,5,1,235.86,1.42,0.3349,42.23,10.01,0.4227,27.41,6.53,0.179,0.9366,0.2341
1400,2026-08-15 14:00:00,2026-08-15,14:00,14.0,5,1,233.63,1.78,0.4159,41.52,9.86,0.4094,27.02,6.12,0.1654,0.9907,0.2477
1401,2026-08-15 14:15:00,2026-08-15,14:15,14.25,5,1,233.93,2.4,0.5614,42.69,10.46,0.4465,28.48,6.2,0.1766,1.1845,0.2961
1402,2026-08-15 14:30:00,2026-08-15,14:30,14.5,5,1,234.06,1.23,0.2879,41.5,9.46,0.3926,31.64,7.64,0.2417,0.9222,0.2306
1403,2026-08-15 14:45:00,2026-08-15,14:45,14.75,5,1,235.05,2.93,0.6887,40.94,10.28,0.4209,26.72,5.91,0.1579,1.2675,0.3169
1404,2026-08-15 15:00:00,2026-08-15,15:00,15.0,5,1,233.21,2.7,0.6297,40.69,10.93,0.4447,29.82,7.04,0.2099,1.2843,0.3211
1405,2026-08-15 15:15:00,2026-08-15,15:15,15.25,5,1,232.21,3.25,0.7547,41.49,9.81,0.407,33.37,8.12,0.271,1.4327,0.3582
1406,2026-08-15 15:30:00,2026-08-15,15:30,15.5,5,1,235.37,2.71,0.6379,40.25,10.74,0.4323,36.96,9.22,0.3408,1.411,0.3528
1407,2026-08-15 15:45:00,2026-08-15,15:45,15.75,5,1,231.7,2.48,0.5746,39.76,9.49,0.3773,33.9,9.1,0.3085,1.2604,0.3151
1408,2026-08-15 16:00:00,2026-08-15,16:00,16.0,5,1,236.31,3.09,0.7302,42.14,9.92,0.418,29.11,7.23,0.2105,1.3587,0.3397
1409,2026-08-15 16:15:00,2026-08-15,16:15,16.25,5,1,233.26,2.71,0.6321,40.78,8.74,0.3564,28.57,6.21,0.1774,1.1659,0.2915
1410,2026-08-15 16:30:00,2026-08-15,16:30,16.5,5,1,234.12,3.32,0.7773,38.61,7.72,0.2981,32.59,6.77,0.2206,1.296,0.324
1411,2026-08-15 16:45:00,2026-08-15,16:45,16.75,5,1,233.35,4.34,1.0127,38.28,6.97,0.2668,31.72,6.99,0.2217,1.5012,0.3753
1412,2026-08-15 17:00:00,2026-08-15,17:00,17.0,5,1,235.9,3.71,0.8752,36.94,5.63,0.208,32.55,7.68,0.25,1.3332,0.3333
1413,2026-08-15 17:15:00,2026-08-15,17:15,17.25,5,1,236.48,2.53,0.5983,34.81,4.48,0.1559,27.56,5.38,0.1483,0.9025,0.2256
1414,2026-08-15 17:30:00,2026-08-15,17:30,17.5,5,1,235.03,3.62,0.8508,35.48,3.66,0.1299,31.38,6.54,0.2052,1.1859,0.2965
1415,2026-08-15 17:45:00,2026-08-15,17:45,17.75,5,1,234.48,3.23,0.7574,33.73,2.16,0.0729,26.88,6.21,0.1669,0.9972,0.2493
1416,2026-08-15 18:00:00,2026-08-15,18:00,18.0,5,1,233.97,4.27,0.999,33.57,1.24,0.0416,20.82,3.24,0.0675,1.1081,0.277
1417,2026-08-15 18:15:00,2026-08-15,18:15,18.25,5,1,233.08,4.11,0.958,32.99,1.02,0.0336,24.92,4.15,0.1034,1.095,0.2737
1418,2026-08-15 18:30:00,2026-08-15,18:30,18.5,5,1,233.38,4.22,0.9849,32.25,0.29,0.0093,27.48,4.63,0.1272,1.1214,0.2803
1419,2026-08-15 18:45:00,2026-08-15,18:45,18.75,5,1,233.68,5.08,1.1871,0.38,0.0,0.0,24.19,4.64,0.1122,1.2993,0.3248
1420,2026-08-15 19:00:00,2026-08-15,19:00,19.0,5,1,235.07,4.38,1.0296,0.64,0.0,0.0,18.21,1.44,0.0262,1.0558,0.264
1421,2026-08-15 19:15:00,2026-08-15,19:15,19.25,5,1,231.67,5.46,1.2649,0.76,0.0,0.0,19.19,2.58,0.0495,1.3144,0.3286
1422,2026-08-15 19:30:00,2026-08-15,19:30,19.5,5,1,232.58,5.52,1.2838,0.13,0.0,0.0,19.93,2.04,0.0407,1.3245,0.3311
1423,2026-08-15 19:45:00,2026-08-15,19:45,19.75,5,1,234.18,4.58,1.0725,0.73,0.0,0.0,20.73,1.57,0.0325,1.105,0.2762
1424,2026-08-15 20:00:00,2026-08-15,20:00,20.0,5,1,233.03,4.59,1.0696,0.04,0.0,0.0,22.67,1.78,0.0404,1.11,0.2775
1425,2026-08-15 20:15:00,2026-08-15,20:15,20.25,5,1,230.13,5.09,1.1714,0.26,0.0,0.0,24.23,2.28,0.0552,1.2266,0.3066
1426,2026-08-15 20:30:00,2026-08-15,20:30,20.5,5,1,232.65,6.24,1.4517,0.32,0.0,0.0,26.43,5.13,0.1356,1.5873,0.3968
1427,2026-08-15 20:45:00,2026-08-15,20:45,20.75,5,1,232.64,3.77,0.877,0.01,0.0,0.0,17.46,1.68,0.0293,0.9063,0.2266
1428,2026-08-15 21:00:00,2026-08-15,21:00,21.0,5,1,231.69,4.58,1.0611,0.14,0.0,0.0,25.89,3.49,0.0904,1.1515,0.2879
1429,2026-08-15 21:15:00,2026-08-15,21:15,21.25,5,1,231.22,5.25,1.2139,0.63,0.0,0.0,28.04,4.23,0.1186,1.3325,0.3331
1430,2026-08-15 21:30:00,2026-08-15,21:30,21.5,5,1,233.66,4.93,1.1519,0.02,0.0,0.0,23.37,4.05,0.0947,1.2466,0.3116
1431,2026-08-15 21:45:00,2026-08-15,21:45,21.75,5,1,232.26,4.85,1.1265,0.43,0.0,0.0,22.63,3.32,0.0751,1.2016,0.3004
1432,2026-08-15 22:00:00,2026-08-15,22:00,22.0,5,1,232.47,2.96,0.6881,0.22,0.0,0.0,29.96,6.54,0.1959,0.884,0.221
1433,2026-08-15 22:15:00,2026-08-15,22:15,22.25,5,1,232.04,4.78,1.1092,0.22,0.0,0.0,28.42,5.49,0.156,1.2652,0.3163
1434,2026-08-15 22:30:00,2026-08-15,22:30,22.5,5,1,231.87,3.99,0.9252,0.27,0.0,0.0,34.4,9.11,0.3134,1.2386,0.3096
1435,2026-08-15 22:45:00,2026-08-15,22:45,22.75,5,1,229.95,3.47,0.7979,0.12,0.0,0.0,31.44,7.42,0.2333,1.0312,0.2578
1436,2026-08-15 23:00:00,2026-08-15,23:00,23.0,5,1,233.67,3.74,0.8739,0.09,0.0,0.0,33.82,7.54,0.255,1.1289,0.2822
1437,2026-08-15 23:15:00,2026-08-15,23:15,23.25,5,1,229.22,3.54,0.8114,0.2,0.0,0.0,32.89,8.55,0.2812,1.0926,0.2732
1438,2026-08-15 23:30:00,2026-08-15,23:30,23.5,5,1,231.36,4.02,0.9301,0.46,0.0,0.0,31.59,7.17,0.2265,1.1566,0.2892
1439,2026-08-15 23:45:00,2026-08-15,23:45,23.75,5,1,229.83,2.43,0.5585,0.25,0.0,0.0,35.52,10.42,0.3701,0.9286,0.2321
1440,2026-08-16 00:00:00,2026-08-16,00:00,0.0,6,1,232.58,4.23,0.9838,0.52,0.0,0.0,28.04,4.94,0.1385,1.1223,0.2806
1441,2026-08-16 00:15:00,2026-08-16,00:15,0.25,6,1,227.46,3.05,0.6937,0.0,0.0,0.0,29.87,6.18,0.1846,0.8783,0.2196
1442,2026-08-16 00:30:00,2026-08-16,00:30,0.5,6,1,231.4,3.95,0.914,0.17,0.0,0.0,26.29,6.83,0.1796,1.0936,0.2734
1443,2026-08-16 00:45:00,2026-08-16,00:45,0.75,6,1,231.13,3.66,0.8459,0.56,0.0,0.0,30.79,6.62,0.2038,1.0497,0.2624
1444,2026-08-16 01:00:00,2026-08-16,01:00,1.0,6,1,229.46,2.69,0.6172,0.51,0.0,0.0,25.86,5.36,0.1386,0.7558,0.189
1445,2026-08-16 01:15:00,2026-08-16,01:15,1.25,6,1,228.11,4.21,0.9603,0.24,0.0,0.0,31.79,7.07,0.2248,1.1851,0.2963
1446,2026-08-16 01:30:00,2026-08-16,01:30,1.5,6,1,231.43,4.9,1.134,0.7,0.0,0.0,28.98,6.95,0.2014,1.3354,0.3338
1447,2026-08-16 01:45:00,2026-08-16,01:45,1.75,6,1,227.91,4.92,1.1213,0.18,0.0,0.0,25.02,5.06,0.1266,1.2479,0.312
1448,2026-08-16 02:00:00,2026-08-16,02:00,2.0,6,1,227.3,4.01,0.9115,0.29,0.0,0.0,24.24,4.36,0.1057,1.0172,0.2543
1449,2026-08-16 02:15:00,2026-08-16,02:15,2.25,6,1,226.32,3.36,0.7604,0.61,0.0,0.0,26.36,4.68,0.1234,0.8838,0.221
1450,2026-08-16 02:30:00,2026-08-16,02:30,2.5,6,1,227.63,5.81,1.3225,0.63,0.0,0.0,23.76,3.62,0.086,1.4085,0.3521
1451,2026-08-16 02:45:00,2026-08-16,02:45,2.75,6,1,228.51,5.51,1.2591,0.62,0.0,0.0,22.8,3.81,0.0869,1.346,0.3365
1452,2026-08-16 03:00:00,2026-08-16,03:00,3.0,6,1,229.0,3.99,0.9137,0.62,0.0,0.0,22.33,3.42,0.0764,0.9901,0.2475
1453,2026-08-16 03:15:00,2026-08-16,03:15,3.25,6,1,229.82,5.07,1.1652,0.7,0.0,0.0,21.39,3.36,0.0719,1.2371,0.3093
1454,2026-08-16 03:30:00,2026-08-16,03:30,3.5,6,1,228.44,3.95,0.9023,0.29,0.0,0.0,23.69,3.11,0.0737,0.976,0.244
1455,2026-08-16 03:45:00,2026-08-16,03:45,3.75,6,1,228.66,5.69,1.3011,0.79,0.0,0.0,22.27,3.47,0.0773,1.3784,0.3446
1456,2026-08-16 04:00:00,2026-08-16,04:00,4.0,6,1,229.95,5.0,1.1498,0.75,0.0,0.0,21.19,2.36,0.05,1.1998,0.2999
1457,2026-08-16 04:15:00,2026-08-16,04:15,4.25,6,1,228.43,3.63,0.8292,0.14,0.0,0.0,19.82,1.79,0.0355,0.8647,0.2162
1458,2026-08-16 04:30:00,2026-08-16,04:30,4.5,6,1,228.56,3.41,0.7794,0.32,0.0,0.0,19.53,1.65,0.0322,0.8116,0.2029
1459,2026-08-16 04:45:00,2026-08-16,04:45,4.75,6,1,225.52,3.74,0.8434,0.05,0.0,0.0,18.39,1.38,0.0254,0.8688,0.2172
1460,2026-08-16 05:00:00,2026-08-16,05:00,5.0,6,1,230.33,4.08,0.9397,0.61,0.0,0.0,22.63,2.24,0.0507,0.9904,0.2476
1461,2026-08-16 05:15:00,2026-08-16,05:15,5.25,6,1,227.09,4.61,1.0469,0.16,0.0,0.0,24.09,4.01,0.0966,1.1435,0.2859
1462,2026-08-16 05:30:00,2026-08-16,05:30,5.5,6,1,226.46,4.27,0.967,0.78,0.0,0.0,24.12,3.28,0.0791,1.0461,0.2615
1463,2026-08-16 05:45:00,2026-08-16,05:45,5.75,6,1,226.51,4.76,1.0782,0.06,0.0,0.0,28.17,5.55,0.1563,1.2345,0.3086
1464,2026-08-16 06:00:00,2026-08-16,06:00,6.0,6,1,227.72,3.81,0.8676,31.32,0.0,0.0,22.23,2.88,0.064,0.9316,0.2329
1465,2026-08-16 06:15:00,2026-08-16,06:15,6.25,6,1,225.73,3.74,0.8442,33.53,0.95,0.0319,22.24,2.87,0.0638,0.9399,0.235
1466,2026-08-16 06:30:00,2026-08-16,06:30,6.5,6,1,227.37,4.59,1.0436,33.55,1.92,0.0644,26.97,5.04,0.1359,1.2439,0.311
1467,2026-08-16 06:45:00,2026-08-16,06:45,6.75,6,1,223.97,4.57,1.0235,34.32,2.4,0.0824,26.88,5.72,0.1537,1.2596,0.3149
1468,2026-08-16 07:00:00,2026-08-16,07:00,7.0,6,1,224.58,2.6,0.5839,34.51,3.71,0.128,30.76,6.58,0.2024,0.9143,0.2286
1469,2026-08-16 07:15:00,2026-08-16,07:15,7.25,6,1,227.8,3.07,0.6994,35.98,4.54,0.1633,30.43,6.74,0.2051,1.0678,0.267
1470,2026-08-16 07:30:00,2026-08-16,07:30,7.5,6,1,223.36,3.85,0.8599,37.69,5.22,0.1967,33.22,9.26,0.3076,1.3642,0.3411
1471,2026-08-16 07:45:00,2026-08-16,07:45,7.75,6,1,223.79,3.17,0.7094,38.0,6.55,0.2489,37.77,11.26,0.4253,1.3836,0.3459
1472,2026-08-16 08:00:00,2026-08-16,08:00,8.0,6,1,225.84,3.86,0.8717,39.57,7.13,0.2821,33.57,7.98,0.2679,1.4217,0.3554
1473,2026-08-16 08:15:00,2026-08-16,08:15,8.25,6,1,226.41,2.71,0.6136,39.92,7.91,0.3158,34.11,8.42,0.2872,1.2166,0.3041
1474,2026-08-16 08:30:00,2026-08-16,08:30,8.5,6,1,225.94,3.11,0.7027,38.79,9.57,0.3712,33.08,10.3,0.3407,1.4146,0.3537
1475,2026-08-16 08:45:00,2026-08-16,08:45,8.75,6,1,224.66,3.4,0.7638,40.57,8.1,0.3286,36.63,10.76,0.3941,1.4865,0.3716
1476,2026-08-16 09:00:00,2026-08-16,09:00,9.0,6,1,226.94,1.67,0.379,41.48,8.89,0.3688,40.55,12.2,0.4947,1.2425,0.3106
1477,2026-08-16 09:15:00,2026-08-16,09:15,9.25,6,1,224.52,2.06,0.4625,40.16,9.78,0.3928,32.15,7.99,0.2569,1.1122,0.2781
1478,2026-08-16 09:30:00,2026-08-16,09:30,9.5,6,1,228.49,2.31,0.5278,39.97,9.13,0.3649,36.91,10.49,0.3872,1.2799,0.32
1479,2026-08-16 09:45:00,2026-08-16,09:45,9.75,6,1,228.49,2.58,0.5895,40.95,8.29,0.3395,31.25,6.58,0.2056,1.1346,0.2837
1480,2026-08-16 10:00:00,2026-08-16,10:00,10.0,6,1,224.06,1.88,0.4212,40.74,9.51,0.3874,33.02,8.0,0.2642,1.0728,0.2682
1481,2026-08-16 10:15:00,2026-08-16,10:15,10.25,6,1,226.17,2.29,0.5179,42.13,9.12,0.3842,33.87,7.44,0.252,1.1541,0.2885
1482,2026-08-16 10:30:00,2026-08-16,10:30,10.5,6,1,229.74,2.72,0.6249,39.82,9.82,0.391,28.87,6.8,0.1963,1.2122,0.303
1483,2026-08-16 10:45:00,2026-08-16,10:45,10.75,6,1,228.1,1.5,0.3421,41.21,10.22,0.4212,30.64,8.85,0.2712,1.0345,0.2586
1484,2026-08-16 11:00:00,2026-08-16,11:00,11.0,6,1,225.12,2.45,0.5515,42.45,10.88,0.4619,24.52,5.21,0.1278,1.1412,0.2853
1485,2026-08-16 11:15:00,2026-08-16,11:15,11.25,6,1,226.32,1.06,0.2399,43.47,11.23,0.4882,25.36,4.64,0.1177,0.8458,0.2114
1486,2026-08-16 11:30:00,2026-08-16,11:30,11.5,6,1,225.15,2.57,0.5786,45.26,11.47,0.5191,25.91,6.06,0.157,1.2547,0.3137
1487,2026-08-16 11:45:00,2026-08-16,11:45,11.75,6,1,225.21,1.04,0.2342,43.46,13.41,0.5828,21.55,3.38,0.0728,0.8898,0.2225
1488,2026-08-16 12:00:00,2026-08-16,12:00,12.0,6,1,227.19,2.46,0.5589,45.0,13.68,0.6156,22.03,3.63,0.08,1.2545,0.3136
1489,2026-08-16 12:15:00,2026-08-16,12:15,12.25,6,1,226.86,1.42,0.3221,44.29,13.63,0.6037,24.09,4.45,0.1072,1.033,0.2582
1490,2026-08-16 12:30:00,2026-08-16,12:30,12.5,6,1,226.54,1.26,0.2854,45.69,14.15,0.6465,27.76,4.12,0.1144,1.0463,0.2616
1491,2026-08-16 12:45:00,2026-08-16,12:45,12.75,6,1,224.85,2.52,0.5666,46.49,15.09,0.7015,25.97,4.89,0.127,1.3951,0.3488
1492,2026-08-16 13:00:00,2026-08-16,13:00,13.0,6,1,226.84,1.92,0.4355,45.95,16.0,0.7352,20.13,2.44,0.0491,1.2198,0.3049
1493,2026-08-16 13:15:00,2026-08-16,13:15,13.25,6,1,229.03,1.44,0.3298,45.87,15.17,0.6958,25.99,6.25,0.1624,1.188,0.297
1494,2026-08-16 13:30:00,2026-08-16,13:30,13.5,6,1,230.99,1.06,0.2448,44.16,14.56,0.643,26.97,5.24,0.1413,1.0291,0.2573
1495,2026-08-16 13:45:00,2026-08-16,13:45,13.75,6,1,226.11,1.32,0.2985,45.74,13.26,0.6065,21.89,4.59,0.1005,1.0055,0.2514
1496,2026-08-16 14:00:00,2026-08-16,14:00,14.0,6,1,228.81,1.31,0.2997,44.21,12.59,0.5566,18.76,2.68,0.0503,0.9066,0.2266
1497,2026-08-16 14:15:00,2026-08-16,14:15,14.25,6,1,228.46,1.99,0.4546,42.9,12.36,0.5302,22.18,4.18,0.0927,1.0775,0.2694
1498,2026-08-16 14:30:00,2026-08-16,14:30,14.5,6,1,228.27,1.93,0.4406,42.72,9.89,0.4225,24.0,4.64,0.1114,0.9745,0.2436
1499,2026-08-16 14:45:00,2026-08-16,14:45,14.75,6,1,229.54,2.53,0.5807,41.03,9.66,0.3964,28.85,6.35,0.1832,1.1603,0.2901
1500,2026-08-16 15:00:00,2026-08-16,15:00,15.0,6,1,231.01,2.9,0.6699,39.02,9.18,0.3582,37.25,9.9,0.3688,1.3969,0.3492
1501,2026-08-16 15:15:00,2026-08-16,15:15,15.25,6,1,227.75,3.06,0.6969,39.39,7.77,0.3061,32.05,6.2,0.1987,1.2017,0.3004
1502,2026-08-16 15:30:00,2026-08-16,15:30,15.5,6,1,227.02,3.93,0.8922,40.15,6.99,0.2806,39.93,11.07,0.442,1.6148,0.4037
1503,2026-08-16 15:45:00,2026-08-16,15:45,15.75,6,1,224.63,2.06,0.4627,37.95,7.17,0.2721,36.5,10.25,0.3741,1.1089,0.2772
1504,2026-08-16 16:00:00,2026-08-16,16:00,16.0,6,1,229.15,3.22,0.7379,38.19,6.34,0.2421,29.12,6.58,0.1916,1.1716,0.2929
1505,2026-08-16 16:15:00,2026-08-16,16:15,16.25,6,1,231.19,2.94,0.6797,37.86,6.26,0.237,34.44,10.74,0.3699,1.2866,0.3216
1506,2026-08-16 16:30:00,2026-08-16,16:30,16.5,6,1,230.95,3.83,0.8845,37.39,4.72,0.1765,43.07,11.81,0.5087,1.5697,0.3924
1507,2026-08-16 16:45:00,2026-08-16,16:45,16.75,6,1,232.23,4.6,1.0683,36.07,5.03,0.1814,33.87,9.12,0.3089,1.5586,0.3896
1508,2026-08-16 17:00:00,2026-08-16,17:00,17.0,6,1,227.63,4.21,0.9583,37.06,5.09,0.1886,40.34,12.66,0.5107,1.6576,0.4144
1509,2026-08-16 17:15:00,2026-08-16,17:15,17.25,6,1,230.84,5.09,1.175,36.02,4.42,0.1592,35.52,9.55,0.3392,1.6734,0.4183
1510,2026-08-16 17:30:00,2026-08-16,17:30,17.5,6,1,229.65,5.63,1.2929,35.05,3.72,0.1304,41.58,13.0,0.5405,1.9638,0.4909
1511,2026-08-16 17:45:00,2026-08-16,17:45,17.75,6,1,231.73,4.59,1.0636,33.04,3.06,0.1011,37.8,11.31,0.4275,1.5922,0.3981
1512,2026-08-16 18:00:00,2026-08-16,18:00,18.0,6,1,233.54,4.25,0.9925,34.74,1.17,0.0406,40.05,12.36,0.495,1.5281,0.382
1513,2026-08-16 18:15:00,2026-08-16,18:15,18.25,6,1,230.46,3.54,0.8158,32.2,0.13,0.0042,34.9,8.89,0.3103,1.1303,0.2826
1514,2026-08-16 18:30:00,2026-08-16,18:30,18.5,6,1,231.6,5.82,1.3479,31.76,0.32,0.0102,41.98,9.37,0.3934,1.7515,0.4379
1515,2026-08-16 18:45:00,2026-08-16,18:45,18.75,6,1,230.09,5.06,1.1643,0.36,0.0,0.0,34.85,9.16,0.3192,1.4835,0.3709
1516,2026-08-16 19:00:00,2026-08-16,19:00,19.0,6,1,233.07,4.91,1.1444,0.66,0.0,0.0,38.82,12.33,0.4786,1.623,0.4057
1517,2026-08-16 19:15:00,2026-08-16,19:15,19.25,6,1,229.57,5.21,1.1961,0.42,0.0,0.0,29.26,7.11,0.208,1.4041,0.351
1518,2026-08-16 19:30:00,2026-08-16,19:30,19.5,6,1,233.4,4.93,1.1507,0.17,0.0,0.0,39.13,11.29,0.4418,1.5925,0.3981
1519,2026-08-16 19:45:00,2026-08-16,19:45,19.75,6,1,232.01,3.9,0.9048,0.37,0.0,0.0,31.53,7.41,0.2336,1.1384,0.2846
1520,2026-08-16 20:00:00,2026-08-16,20:00,20.0,6,1,236.41,3.97,0.9385,0.21,0.0,0.0,23.67,3.53,0.0836,1.0221,0.2555
1521,2026-08-16 20:15:00,2026-08-16,20:15,20.25,6,1,233.53,3.95,0.9224,0.2,0.0,0.0,26.39,5.57,0.147,1.0694,0.2673
1522,2026-08-16 20:30:00,2026-08-16,20:30,20.5,6,1,232.34,4.75,1.1036,0.1,0.0,0.0,26.45,5.72,0.1513,1.2549,0.3137
1523,2026-08-16 20:45:00,2026-08-16,20:45,20.75,6,1,232.06,4.15,0.963,0.12,0.0,0.0,28.99,5.59,0.162,1.125,0.2812
1524,2026-08-16 21:00:00,2026-08-16,21:00,21.0,6,1,229.84,4.06,0.9331,0.14,0.0,0.0,22.61,2.21,0.05,0.9831,0.2458
1525,2026-08-16 21:15:00,2026-08-16,21:15,21.25,6,1,231.75,4.51,1.0452,0.48,0.0,0.0,20.3,2.22,0.0451,1.0903,0.2726
1526,2026-08-16 21:30:00,2026-08-16,21:30,21.5,6,1,231.34,3.45,0.7981,0.55,0.0,0.0,17.57,0.29,0.0051,0.8032,0.2008
1527,2026-08-16 21:45:00,2026-08-16,21:45,21.75,6,1,231.85,3.91,0.9065,0.05,0.0,0.0,24.09,4.89,0.1178,1.0243,0.2561
1528,2026-08-16 22:00:00,2026-08-16,22:00,22.0,6,1,232.22,3.97,0.9219,0.18,0.0,0.0,26.27,4.36,0.1145,1.0364,0.2591
1529,2026-08-16 22:15:00,2026-08-16,22:15,22.25,6,1,231.49,5.04,1.1667,0.67,0.0,0.0,25.22,3.59,0.0905,1.2572,0.3143
1530,2026-08-16 22:30:00,2026-08-16,22:30,22.5,6,1,233.78,3.8,0.8884,0.53,0.0,0.0,23.57,4.13,0.0973,0.9857,0.2464
1531,2026-08-16 22:45:00,2026-08-16,22:45,22.75,6,1,233.8,2.85,0.6663,0.79,0.0,0.0,19.78,0.0,0.0,0.6663,0.1666
1532,2026-08-16 23:00:00,2026-08-16,23:00,23.0,6,1,231.73,4.73,1.0961,0.01,0.0,0.0,25.88,4.55,0.1177,1.2138,0.3034
1533,2026-08-16 23:15:00,2026-08-16,23:15,23.25,6,1,232.87,3.07,0.7149,0.25,0.0,0.0,29.07,5.62,0.1634,0.8783,0.2196
1534,2026-08-16 23:30:00,2026-08-16,23:30,23.5,6,1,236.11,3.88,0.9161,0.2,0.0,0.0,32.31,7.68,0.2481,1.1642,0.291
1535,2026-08-16 23:45:00,2026-08-16,23:45,23.75,6,1,232.43,3.24,0.7531,0.54,0.0,0.0,29.03,6.1,0.1771,0.9302,0.2326
1536,2026-08-17 00:00:00,2026-08-17,00:00,0.0,0,0,231.93,3.17,0.7352,0.23,0.0,0.0,36.28,10.25,0.3719,1.1071,0.2768
1537,2026-08-17 00:15:00,2026-08-17,00:15,0.25,0,0,234.57,3.95,0.9265,0.47,0.0,0.0,32.3,8.94,0.2888,1.2153,0.3038
1538,2026-08-17 00:30:00,2026-08-17,00:30,0.5,0,0,235.17,3.7,0.8701,0.31,0.0,0.0,37.29,10.04,0.3744,1.2445,0.3111
1539,2026-08-17 00:45:00,2026-08-17,00:45,0.75,0,0,232.83,3.6,0.8382,0.1,0.0,0.0,33.17,10.12,0.3357,1.1739,0.2935
1540,2026-08-17 01:00:00,2026-08-17,01:00,1.0,0,0,234.08,3.42,0.8005,0.31,0.0,0.0,37.32,10.05,0.3751,1.1756,0.2939
1541,2026-08-17 01:15:00,2026-08-17,01:15,1.25,0,0,235.04,3.34,0.785,0.61,0.0,0.0,35.15,9.49,0.3336,1.1186,0.2797
1542,2026-08-17 01:30:00,2026-08-17,01:30,1.5,0,0,234.53,4.65,1.0906,0.31,0.0,0.0,35.55,10.77,0.3829,1.4735,0.3684
1543,2026-08-17 01:45:00,2026-08-17,01:45,1.75,0,0,230.23,2.97,0.6838,0.38,0.0,0.0,38.06,11.9,0.4529,1.1367,0.2842
1544,2026-08-17 02:00:00,2026-08-17,02:00,2.0,0,0,233.54,5.19,1.2121,0.48,0.0,0.0,39.13,11.37,0.4449,1.657,0.4143
1545,2026-08-17 02:15:00,2026-08-17,02:15,2.25,0,0,233.38,3.92,0.9149,0.11,0.0,0.0,41.18,11.57,0.4764,1.3913,0.3478
1546,2026-08-17 02:30:00,2026-08-17,02:30,2.5,0,0,234.95,4.76,1.1184,0.75,0.0,0.0,36.13,10.1,0.3649,1.4833,0.3708
1547,2026-08-17 02:45:00,2026-08-17,02:45,2.75,0,0,231.42,4.64,1.0738,0.59,0.0,0.0,41.82,13.02,0.5445,1.6183,0.4046
1548,2026-08-17 03:00:00,2026-08-17,03:00,3.0,0,0,233.75,4.09,0.956,0.58,0.0,0.0,40.24,12.27,0.4937,1.4497,0.3624
1549,2026-08-17 03:15:00,2026-08-17,03:15,3.25,0,0,235.84,4.24,1.0,0.54,0.0,0.0,42.22,12.48,0.5269,1.5269,0.3817
1550,2026-08-17 03:30:00,2026-08-17,03:30,3.5,0,0,232.65,4.33,1.0074,0.55,0.0,0.0,36.74,9.44,0.3468,1.3542,0.3386
1551,2026-08-17 03:45:00,2026-08-17,03:45,3.75,0,0,231.82,3.44,0.7975,0.19,0.0,0.0,35.47,8.87,0.3146,1.1121,0.278
1552,2026-08-17 04:00:00,2026-08-17,04:00,4.0,0,0,234.42,3.65,0.8556,0.54,0.0,0.0,33.47,8.04,0.2691,1.1247,0.2812
1553,2026-08-17 04:15:00,2026-08-17,04:15,4.25,0,0,232.28,4.14,0.9616,0.08,0.0,0.0,35.93,10.25,0.3683,1.3299,0.3325
1554,2026-08-17 04:30:00,2026-08-17,04:30,4.5,0,0,235.13,4.12,0.9687,0.24,0.0,0.0,34.76,9.26,0.3219,1.2906,0.3226
1555,2026-08-17 04:45:00,2026-08-17,04:45,4.75,0,0,231.19,4.2,0.971,0.17,0.0,0.0,35.88,9.35,0.3355,1.3065,0.3266
1556,2026-08-17 05:00:00,2026-08-17,05:00,5.0,0,0,230.76,4.88,1.1261,0.55,0.0,0.0,33.34,9.51,0.3171,1.4432,0.3608
1557,2026-08-17 05:15:00,2026-08-17,05:15,5.25,0,0,235.67,4.91,1.1571,0.49,0.0,0.0,29.91,6.56,0.1962,1.3533,0.3383
1558,2026-08-17 05:30:00,2026-08-17,05:30,5.5,0,0,229.32,4.35,0.9975,0.6,0.0,0.0,22.79,3.01,0.0686,1.0661,0.2665
1559,2026-08-17 05:45:00,2026-08-17,05:45,5.75,0,0,232.53,4.18,0.972,0.26,0.0,0.0,29.44,6.62,0.1949,1.1669,0.2917
1560,2026-08-17 06:00:00,2026-08-17,06:00,6.0,0,0,233.17,5.6,1.3057,32.1,0.0,0.0,22.49,2.63,0.0592,1.3649,0.3412
1561,2026-08-17 06:15:00,2026-08-17,06:15,6.25,0,0,232.1,4.41,1.0236,32.91,1.01,0.0332,22.58,4.68,0.1057,1.1625,0.2906
1562,2026-08-17 06:30:00,2026-08-17,06:30,6.5,0,0,230.5,3.21,0.7399,32.53,1.7,0.0553,19.87,3.19,0.0634,0.8586,0.2147
1563,2026-08-17 06:45:00,2026-08-17,06:45,6.75,0,0,228.93,3.94,0.902,34.21,2.56,0.0876,28.61,7.0,0.2003,1.1899,0.2975
1564,2026-08-17 07:00:00,2026-08-17,07:00,7.0,0,0,230.84,4.01,0.9257,34.75,2.53,0.0879,20.27,3.36,0.0681,1.0817,0.2704
1565,2026-08-17 07:15:00,2026-08-17,07:15,7.25,0,0,231.97,4.2,0.9743,34.9,2.97,0.1037,20.16,1.22,0.0246,1.1026,0.2757
1566,2026-08-17 07:30:00,2026-08-17,07:30,7.5,0,0,234.28,2.5,0.5857,35.96,4.71,0.1694,27.9,5.19,0.1448,0.8999,0.225
1567,2026-08-17 07:45:00,2026-08-17,07:45,7.75,0,0,228.27,3.8,0.8674,37.61,4.4,0.1655,18.81,2.25,0.0423,1.0752,0.2688
1568,2026-08-17 08:00:00,2026-08-17,08:00,8.0,0,0,230.35,12.62,2.907,37.7,5.56,0.2096,25.61,5.93,0.1519,3.2685,0.8171
1569,2026-08-17 08:15:00,2026-08-17,08:15,8.25,0,0,230.72,10.28,2.3718,37.47,5.87,0.2199,28.02,5.53,0.1549,2.7466,0.6866
1570,2026-08-17 08:30:00,2026-08-17,08:30,8.5,0,0,230.02,12.92,2.9719,38.38,8.21,0.3151,28.67,6.03,0.1729,3.4599,0.865
1571,2026-08-17 08:45:00,2026-08-17,08:45,8.75,0,0,230.18,12.56,2.8911,40.29,7.95,0.3203,31.47,5.86,0.1844,3.3958,0.8489
1572,2026-08-17 09:00:00,2026-08-17,09:00,9.0,0,0,227.52,11.36,2.5846,40.74,9.33,0.3801,33.73,10.46,0.3528,3.3175,0.8294
1573,2026-08-17 09:15:00,2026-08-17,09:15,9.25,0,0,223.99,12.95,2.9007,41.13,10.01,0.4117,34.33,9.38,0.322,3.6344,0.9086
1574,2026-08-17 09:30:00,2026-08-17,09:30,9.5,0,0,223.71,11.67,2.6107,43.68,10.75,0.4696,38.53,10.3,0.3969,3.4772,0.8693
1575,2026-08-17 09:45:00,2026-08-17,09:45,9.75,0,0,224.18,13.34,2.9906,44.54,11.62,0.5175,37.14,11.22,0.4167,3.9248,0.9812
1576,2026-08-17 10:00:00,2026-08-17,10:00,10.0,0,0,225.53,12.79,2.8845,43.88,12.13,0.5323,42.71,11.89,0.5078,3.9246,0.9811
1577,2026-08-17 10:15:00,2026-08-17,10:15,10.25,0,0,224.16,13.95,3.127,45.6,12.49,0.5695,41.73,12.46,0.52,4.2165,1.0541
1578,2026-08-17 10:30:00,2026-08-17,10:30,10.5,0,0,220.63,14.14,3.1197,46.0,13.46,0.6192,37.78,12.11,0.4575,4.1964,1.0491
1579,2026-08-17 10:45:00,2026-08-17,10:45,10.75,0,0,226.54,14.42,3.2667,45.02,13.02,0.5862,42.26,13.33,0.5633,4.4162,1.104
1580,2026-08-17 11:00:00,2026-08-17,11:00,11.0,0,0,227.44,14.93,3.3957,43.35,13.2,0.5722,46.74,14.42,0.674,4.6419,1.1605
1581,2026-08-17 11:15:00,2026-08-17,11:15,11.25,0,0,229.79,13.41,3.0815,43.24,12.81,0.5539,45.0,14.64,0.6588,4.2942,1.0736
1582,2026-08-17 11:30:00,2026-08-17,11:30,11.5,0,0,226.31,14.43,3.2656,43.37,12.49,0.5417,44.89,14.42,0.6473,4.4546,1.1137
1583,2026-08-17 11:45:00,2026-08-17,11:45,11.75,0,0,224.76,14.78,3.3219,43.33,11.94,0.5174,41.84,13.47,0.5636,4.4029,1.1007
1584,2026-08-17 12:00:00,2026-08-17,12:00,12.0,0,0,226.78,13.63,3.091,42.72,10.89,0.4652,39.59,11.8,0.4672,4.0234,1.0058
1585,2026-08-17 12:15:00,2026-08-17,12:15,12.25,0,0,223.69,13.44,3.0064,41.6,11.32,0.4709,28.55,5.8,0.1656,3.6429,0.9107
1586,2026-08-17 12:30:00,2026-08-17,12:30,12.5,0,0,226.11,14.72,3.3283,40.51,10.86,0.4399,44.2,12.97,0.5733,4.3415,1.0854
1587,2026-08-17 12:45:00,2026-08-17,12:45,12.75,0,0,223.76,14.55,3.2557,41.44,11.06,0.4583,29.49,6.52,0.1923,3.9063,0.9766
1588,2026-08-17 13:00:00,2026-08-17,13:00,13.0,0,0,220.79,15.07,3.3273,43.11,10.58,0.4561,28.42,6.64,0.1887,3.9721,0.993
1589,2026-08-17 13:15:00,2026-08-17,13:15,13.25,0,0,222.18,14.66,3.2572,42.81,11.71,0.5013,28.33,7.25,0.2054,3.9639,0.991
1590,2026-08-17 13:30:00,2026-08-17,13:30,13.5,0,0,224.66,15.0,3.3699,42.24,11.7,0.4942,31.85,8.3,0.2644,4.1285,1.0321
1591,2026-08-17 13:45:00,2026-08-17,13:45,13.75,0,0,220.68,15.47,3.4139,42.8,11.33,0.4849,28.67,6.76,0.1938,4.0926,1.0232
1592,2026-08-17 14:00:00,2026-08-17,14:00,14.0,0,0,224.07,14.85,3.3274,43.92,12.05,0.5292,25.2,4.52,0.1139,3.9705,0.9926
1593,2026-08-17 14:15:00,2026-08-17,14:15,14.25,0,0,223.83,14.66,3.2813,43.19,13.04,0.5632,29.16,7.29,0.2126,4.0571,1.0143
1594,2026-08-17 14:30:00,2026-08-17,14:30,14.5,0,0,223.05,15.13,3.3748,43.67,12.71,0.555,26.3,5.74,0.151,4.0808,1.0202
1595,2026-08-17 14:45:00,2026-08-17,14:45,14.75,0,0,223.18,14.86,3.3164,43.68,11.94,0.5215,23.39,3.54,0.0828,3.9207,0.9802
1596,2026-08-17 15:00:00,2026-08-17,15:00,15.0,0,0,220.89,13.71,3.0284,42.4,11.55,0.4897,23.7,2.55,0.0604,3.5785,0.8946
1597,2026-08-17 15:15:00,2026-08-17,15:15,15.25,0,0,225.47,15.33,3.4565,42.93,12.03,0.5165,21.33,0.93,0.0198,3.9928,0.9982
1598,2026-08-17 15:30:00,2026-08-17,15:30,15.5,0,0,223.02,13.55,3.0219,41.87,10.53,0.4409,23.77,3.47,0.0825,3.5453,0.8863
1599,2026-08-17 15:45:00,2026-08-17,15:45,15.75,0,0,221.61,13.91,3.0826,41.64,9.1,0.3789,29.67,5.02,0.1489,3.6104,0.9026
1600,2026-08-17 16:00:00,2026-08-17,16:00,16.0,0,0,224.56,15.59,3.5009,40.23,8.72,0.3508,29.25,6.81,0.1992,4.0509,1.0127
1601,2026-08-17 16:15:00,2026-08-17,16:15,16.25,0,0,220.14,14.07,3.0974,39.42,7.62,0.3004,29.91,7.0,0.2094,3.6072,0.9018
1602,2026-08-17 16:30:00,2026-08-17,16:30,16.5,0,0,225.91,13.69,3.0927,38.16,6.26,0.2389,25.72,3.52,0.0905,3.4221,0.8555
1603,2026-08-17 16:45:00,2026-08-17,16:45,16.75,0,0,220.47,13.28,2.9278,35.43,4.95,0.1754,25.44,3.89,0.099,3.2022,0.8005
1604,2026-08-17 17:00:00,2026-08-17,17:00,17.0,0,0,224.11,14.37,3.2205,36.75,4.22,0.1551,29.58,7.52,0.2224,3.598,0.8995
1605,2026-08-17 17:15:00,2026-08-17,17:15,17.25,0,0,220.99,13.66,3.0187,37.37,3.72,0.139,23.26,3.87,0.09,3.2477,0.8119
1606,2026-08-17 17:30:00,2026-08-17,17:30,17.5,0,0,222.73,12.44,2.7708,34.77,2.08,0.0723,31.05,6.43,0.1996,3.0427,0.7607
1607,2026-08-17 17:45:00,2026-08-17,17:45,17.75,0,0,223.58,11.76,2.6293,35.32,1.61,0.0569,35.78,9.22,0.3299,3.0161,0.754
1608,2026-08-17 18:00:00,2026-08-17,18:00,18.0,0,0,222.92,12.89,2.8734,34.04,1.73,0.0589,37.24,11.97,0.4458,3.3781,0.8445
1609,2026-08-17 18:15:00,2026-08-17,18:15,18.25,0,0,227.94,11.6,2.6441,32.73,0.52,0.017,37.76,11.22,0.4237,3.0848,0.7712
1610,2026-08-17 18:30:00,2026-08-17,18:30,18.5,0,0,229.56,12.4,2.8465,30.01,0.61,0.0183,45.57,15.23,0.694,3.5588,0.8897
1611,2026-08-17 18:45:00,2026-08-17,18:45,18.75,0,0,224.83,11.42,2.5676,0.24,0.0,0.0,44.92,14.76,0.663,3.2306,0.8076
1612,2026-08-17 19:00:00,2026-08-17,19:00,19.0,0,0,226.5,10.54,2.3873,0.68,0.0,0.0,42.86,12.71,0.5447,2.932,0.733
1613,2026-08-17 19:15:00,2026-08-17,19:15,19.25,0,0,225.22,5.49,1.2365,0.8,0.0,0.0,42.43,14.39,0.6106,1.8471,0.4618
1614,2026-08-17 19:30:00,2026-08-17,19:30,19.5,0,0,231.93,5.03,1.1666,0.66,0.0,0.0,46.01,15.43,0.7099,1.8765,0.4691
1615,2026-08-17 19:45:00,2026-08-17,19:45,19.75,0,0,227.51,4.71,1.0716,0.54,0.0,0.0,43.87,13.73,0.6023,1.6739,0.4185
1616,2026-08-17 20:00:00,2026-08-17,20:00,20.0,0,0,223.44,4.41,0.9854,0.53,0.0,0.0,43.41,13.1,0.5687,1.5541,0.3885
1617,2026-08-17 20:15:00,2026-08-17,20:15,20.25,0,0,226.96,4.83,1.0962,0.35,0.0,0.0,43.62,13.04,0.5688,1.665,0.4163
1618,2026-08-17 20:30:00,2026-08-17,20:30,20.5,0,0,226.12,4.84,1.0944,0.22,0.0,0.0,41.3,13.12,0.5419,1.6363,0.4091
1619,2026-08-17 20:45:00,2026-08-17,20:45,20.75,0,0,227.68,5.09,1.1589,0.78,0.0,0.0,37.66,10.63,0.4003,1.5592,0.3898
1620,2026-08-17 21:00:00,2026-08-17,21:00,21.0,0,0,225.36,5.36,1.2079,0.14,0.0,0.0,40.39,10.22,0.4128,1.6207,0.4052
1621,2026-08-17 21:15:00,2026-08-17,21:15,21.25,0,0,230.66,3.51,0.8096,0.17,0.0,0.0,32.96,8.48,0.2795,1.0891,0.2723
1622,2026-08-17 21:30:00,2026-08-17,21:30,21.5,0,0,227.27,4.23,0.9614,0.15,0.0,0.0,33.84,8.85,0.2995,1.2609,0.3152
1623,2026-08-17 21:45:00,2026-08-17,21:45,21.75,0,0,229.68,4.56,1.0473,0.02,0.0,0.0,34.45,9.32,0.3211,1.3684,0.3421
1624,2026-08-17 22:00:00,2026-08-17,22:00,22.0,0,0,226.41,3.72,0.8423,0.48,0.0,0.0,29.28,7.01,0.2052,1.0475,0.2619
1625,2026-08-17 22:15:00,2026-08-17,22:15,22.25,0,0,229.04,4.73,1.0834,0.62,0.0,0.0,29.63,6.25,0.1852,1.2686,0.3171
1626,2026-08-17 22:30:00,2026-08-17,22:30,22.5,0,0,229.11,2.75,0.63,0.77,0.0,0.0,28.87,5.19,0.1498,0.7798,0.195
1627,2026-08-17 22:45:00,2026-08-17,22:45,22.75,0,0,227.31,2.97,0.6751,0.44,0.0,0.0,26.59,6.51,0.1731,0.8482,0.212
1628,2026-08-17 23:00:00,2026-08-17,23:00,23.0,0,0,228.96,2.9,0.664,0.17,0.0,0.0,31.64,8.56,0.2708,0.9348,0.2337
1629,2026-08-17 23:15:00,2026-08-17,23:15,23.25,0,0,231.48,3.93,0.9097,0.75,0.0,0.0,22.82,4.59,0.1047,1.0144,0.2536
1630,2026-08-17 23:30:00,2026-08-17,23:30,23.5,0,0,226.86,3.12,0.7078,0.51,0.0,0.0,19.74,1.79,0.0353,0.7431,0.1858
1631,2026-08-17 23:45:00,2026-08-17,23:45,23.75,0,0,226.93,3.2,0.7262,0.55,0.0,0.0,28.86,4.73,0.1365,0.8627,0.2157
1632,2026-08-18 00:00:00,2026-08-18,00:00,0.0,1,0,233.25,2.74,0.6391,0.04,0.0,0.0,17.43,0.88,0.0153,0.6544,0.1636
1633,2026-08-18 00:15:00,2026-08-18,00:15,0.25,1,0,229.72,2.96,0.68,0.41,0.0,0.0,19.09,2.31,0.0441,0.7241,0.181
1634,2026-08-18 00:30:00,2026-08-18,00:30,0.5,1,0,231.21,3.8,0.8786,0.25,0.0,0.0,16.04,1.4,0.0225,0.9011,0.2253
1635,2026-08-18 00:45:00,2026-08-18,00:45,0.75,1,0,228.16,2.37,0.5407,0.43,0.0,0.0,32.87,7.7,0.2531,0.7938,0.1984
1636,2026-08-18 01:00:00,2026-08-18,01:00,1.0,1,0,232.16,3.79,0.8799,0.21,0.0,0.0,28.76,5.53,0.159,1.0389,0.2597
1637,2026-08-18 01:15:00,2026-08-18,01:15,1.25,1,0,231.95,3.44,0.7979,0.28,0.0,0.0,19.46,1.96,0.0381,0.836,0.209
1638,2026-08-18 01:30:00,2026-08-18,01:30,1.5,1,0,228.9,4.32,0.9889,0.68,0.0,0.0,30.27,5.97,0.1807,1.1696,0.2924
1639,2026-08-18 01:45:00,2026-08-18,01:45,1.75,1,0,232.16,4.19,0.9728,0.37,0.0,0.0,31.25,7.08,0.2213,1.1941,0.2985
1640,2026-08-18 02:00:00,2026-08-18,02:00,2.0,1,0,231.4,4.48,1.0367,0.61,0.0,0.0,32.51,6.07,0.1973,1.234,0.3085
1641,2026-08-18 02:15:00,2026-08-18,02:15,2.25,1,0,230.5,3.53,0.8137,0.5,0.0,0.0,35.05,9.64,0.3379,1.1516,0.2879
1642,2026-08-18 02:30:00,2026-08-18,02:30,2.5,1,0,231.98,3.56,0.8258,0.38,0.0,0.0,31.61,8.51,0.269,1.0948,0.2737
1643,2026-08-18 02:45:00,2026-08-18,02:45,2.75,1,0,229.53,5.12,1.1752,0.15,0.0,0.0,38.71,11.63,0.4502,1.6254,0.4063
1644,2026-08-18 03:00:00,2026-08-18,03:00,3.0,1,0,232.99,4.27,0.9949,0.55,0.0,0.0,41.61,13.13,0.5463,1.5412,0.3853
1645,2026-08-18 03:15:00,2026-08-18,03:15,3.25,1,0,230.96,4.05,0.9354,0.09,0.0,0.0,35.84,10.09,0.3616,1.297,0.3242
1646,2026-08-18 03:30:00,2026-08-18,03:30,3.5,1,0,227.98,5.0,1.1399,0.77,0.0,0.0,45.19,14.68,0.6634,1.8033,0.4508
1647,2026-08-18 03:45:00,2026-08-18,03:45,3.75,1,0,234.5,5.66,1.3273,0.73,0.0,0.0,39.5,12.5,0.4938,1.8211,0.4553
1648,2026-08-18 04:00:00,2026-08-18,04:00,4.0,1,0,232.17,5.32,1.2351,0.46,0.0,0.0,42.77,13.22,0.5654,1.8005,0.4501
1649,2026-08-18 04:15:00,2026-08-18,04:15,4.25,1,0,235.22,5.53,1.3008,0.02,0.0,0.0,42.56,12.72,0.5414,1.8422,0.4606
1650,2026-08-18 04:30:00,2026-08-18,04:30,4.5,1,0,234.29,5.52,1.2933,0.46,0.0,0.0,46.13,14.6,0.6735,1.9668,0.4917
1651,2026-08-18 04:45:00,2026-08-18,04:45,4.75,1,0,230.3,4.84,1.1147,0.2,0.0,0.0,38.56,10.11,0.3898,1.5045,0.3761
1652,2026-08-18 05:00:00,2026-08-18,05:00,5.0,1,0,231.95,5.82,1.3499,0.69,0.0,0.0,40.03,12.9,0.5164,1.8663,0.4666
1653,2026-08-18 05:15:00,2026-08-18,05:15,5.25,1,0,233.9,4.24,0.9917,0.68,0.0,0.0,34.79,9.13,0.3176,1.3093,0.3273
1654,2026-08-18 05:30:00,2026-08-18,05:30,5.5,1,0,236.57,4.1,0.9699,0.3,0.0,0.0,44.94,15.2,0.6831,1.653,0.4133
1655,2026-08-18 05:45:00,2026-08-18,05:45,5.75,1,0,231.38,5.3,1.2263,0.27,0.0,0.0,40.43,13.69,0.5535,1.7798,0.445
1656,2026-08-18 06:00:00,2026-08-18,06:00,6.0,1,0,230.69,5.91,1.3634,31.9,0.11,0.0035,33.21,9.1,0.3022,1.6691,0.4173
1657,2026-08-18 06:15:00,2026-08-18,06:15,6.25,1,0,233.02,4.23,0.9857,33.76,1.0,0.0338,37.39,9.27,0.3466,1.3661,0.3415
1658,2026-08-18 06:30:00,2026-08-18,06:30,6.5,1,0,230.76,2.93,0.6761,33.48,0.93,0.0311,29.37,7.7,0.2262,0.9334,0.2334
1659,2026-08-18 06:45:00,2026-08-18,06:45,6.75,1,0,234.61,3.63,0.8516,33.19,2.72,0.0903,34.68,9.79,0.3395,1.2814,0.3204
1660,2026-08-18 07:00:00,2026-08-18,07:00,7.0,1,0,235.89,3.82,0.9011,35.38,3.41,0.1207,36.7,10.49,0.385,1.4068,0.3517
1661,2026-08-18 07:15:00,2026-08-18,07:15,7.25,1,0,232.86,2.69,0.6264,36.12,4.5,0.1625,28.67,6.7,0.1921,0.981,0.2452
1662,2026-08-18 07:30:00,2026-08-18,07:30,7.5,1,0,236.07,2.24,0.5288,35.48,6.04,0.2143,20.12,2.62,0.0527,0.7958,0.1989
1663,2026-08-18 07:45:00,2026-08-18,07:45,7.75,1,0,233.87,3.21,0.7507,37.84,7.32,0.277,33.0,9.43,0.3112,1.3389,0.3347
1664,2026-08-18 08:00:00,2026-08-18,08:00,8.0,1,0,234.9,11.49,2.699,37.53,6.79,0.2548,22.95,3.19,0.0732,3.027,0.7568
1665,2026-08-18 08:15:00,2026-08-18,08:15,8.25,1,0,235.8,11.21,2.6433,38.01,7.33,0.2786,23.23,4.26,0.099,3.0209,0.7552
1666,2026-08-18 08:30:00,2026-08-18,08:30,8.5,1,0,236.36,10.51,2.4841,38.78,6.51,0.2525,21.84,2.67,0.0583,2.7949,0.6987
1667,2026-08-18 08:45:00,2026-08-18,08:45,8.75,1,0,232.14,11.49,2.6673,39.67,8.2,0.3253,17.11,1.18,0.0202,3.0128,0.7532
1668,2026-08-18 09:00:00,2026-08-18,09:00,9.0,1,0,230.4,11.71,2.698,38.9,7.79,0.303,22.28,3.11,0.0693,3.0703,0.7676
1669,2026-08-18 09:15:00,2026-08-18,09:15,9.25,1,0,229.48,13.29,3.0498,39.13,7.37,0.2884,34.16,7.45,0.2545,3.5927,0.8982
1670,2026-08-18 09:30:00,2026-08-18,09:30,9.5,1,0,232.64,13.83,3.2174,40.19,8.52,0.3424,33.65,9.36,0.315,3.8748,0.9687
1671,2026-08-18 09:45:00,2026-08-18,09:45,9.75,1,0,233.87,14.7,3.4379,39.96,9.66,0.386,31.68,7.31,0.2316,4.0555,1.0139
1672,2026-08-18 10:00:00,2026-08-18,10:00,10.0,1,0,230.81,14.94,3.4483,40.39,10.19,0.4116,38.52,10.26,0.3952,4.2551,1.0638
1673,2026-08-18 10:15:00,2026-08-18,10:15,10.25,1,0,230.63,12.71,2.9313,41.13,10.26,0.422,22.56,4.58,0.1033,3.4566,0.8641
1674,2026-08-18 10:30:00,2026-08-18,10:30,10.5,1,0,229.83,14.52,3.3371,42.74,10.63,0.4543,30.52,5.83,0.1779,3.9693,0.9923
1675,2026-08-18 10:45:00,2026-08-18,10:45,10.75,1,0,231.72,13.89,3.2186,43.93,11.88,0.5219,32.34,8.06,0.2607,4.0012,1.0003
1676,2026-08-18 11:00:00,2026-08-18,11:00,11.0,1,0,232.57,14.19,3.3002,44.25,11.97,0.5297,36.2,9.36,0.3388,4.1687,1.0422
1677,2026-08-18 11:15:00,2026-08-18,11:15,11.25,1,0,227.86,13.62,3.1034,44.25,13.96,0.6177,36.21,11.97,0.4334,4.1545,1.0386
1678,2026-08-18 11:30:00,2026-08-18,11:30,11.5,1,0,229.96,13.77,3.1665,45.24,14.88,0.6732,39.39,11.72,0.4617,4.3014,1.0754
1679,2026-08-18 11:45:00,2026-08-18,11:45,11.75,1,0,229.15,14.77,3.3846,44.95,14.44,0.6491,44.23,13.46,0.5953,4.629,1.1572
1680,2026-08-18 12:00:00,2026-08-18,12:00,12.0,1,0,227.98,15.19,3.463,46.0,15.37,0.707,36.97,11.16,0.4126,4.5826,1.1457
1681,2026-08-18 12:15:00,2026-08-18,12:15,12.25,1,0,229.12,15.26,3.4964,47.2,15.01,0.7085,43.28,14.07,0.6089,4.8138,1.2034
1682,2026-08-18 12:30:00,2026-08-18,12:30,12.5,1,0,229.57,14.42,3.3104,45.75,15.15,0.6931,47.08,14.23,0.67,4.6735,1.1684
1683,2026-08-18 12:45:00,2026-08-18,12:45,12.75,1,0,227.49,14.44,3.285,45.44,13.68,0.6216,45.45,15.08,0.6854,4.592,1.148
1684,2026-08-18 13:00:00,2026-08-18,13:00,13.0,1,0,228.27,14.95,3.4126,44.76,13.93,0.6235,39.9,12.68,0.5059,4.542,1.1355
1685,2026-08-18 13:15:00,2026-08-18,13:15,13.25,1,0,229.61,15.19,3.4878,43.5,13.44,0.5846,46.32,14.93,0.6916,4.764,1.191
1686,2026-08-18 13:30:00,2026-08-18,13:30,13.5,1,0,228.25,15.45,3.5265,44.83,12.45,0.5581,37.82,11.73,0.4436,4.5282,1.1321
1687,2026-08-18 13:45:00,2026-08-18,13:45,13.75,1,0,226.59,15.13,3.4283,42.58,10.84,0.4616,46.83,13.98,0.6547,4.5446,1.1361
1688,2026-08-18 14:00:00,2026-08-18,14:00,14.0,1,0,229.01,15.2,3.4809,42.7,10.6,0.4526,45.85,14.64,0.6712,4.6047,1.1512
1689,2026-08-18 14:15:00,2026-08-18,14:15,14.25,1,0,226.2,14.27,3.2279,40.48,9.86,0.3991,39.2,10.52,0.4124,4.0394,1.0098
1690,2026-08-18 14:30:00,2026-08-18,14:30,14.5,1,0,226.23,14.25,3.2238,42.43,9.03,0.3831,38.06,11.86,0.4514,4.0583,1.0146
1691,2026-08-18 14:45:00,2026-08-18,14:45,14.75,1,0,224.67,14.74,3.3116,38.92,7.42,0.2888,34.08,8.2,0.2795,3.8799,0.97
1692,2026-08-18 15:00:00,2026-08-18,15:00,15.0,1,0,228.1,14.76,3.3668,39.75,8.88,0.353,32.85,7.01,0.2303,3.9501,0.9875
1693,2026-08-18 15:15:00,2026-08-18,15:15,15.25,1,0,227.37,14.39,3.2718,38.67,8.19,0.3167,32.02,5.42,0.1736,3.7621,0.9405
1694,2026-08-18 15:30:00,2026-08-18,15:30,15.5,1,0,227.44,14.47,3.2911,39.21,7.53,0.2953,32.85,6.68,0.2194,3.8058,0.9515
1695,2026-08-18 15:45:00,2026-08-18,15:45,15.75,1,0,225.34,13.57,3.0579,38.39,7.79,0.2991,33.31,8.27,0.2755,3.6325,0.9081
1696,2026-08-18 16:00:00,2026-08-18,16:00,16.0,1,0,227.83,13.16,2.9982,40.26,7.3,0.2939,30.62,7.88,0.2413,3.5334,0.8833
1697,2026-08-18 16:15:00,2026-08-18,16:15,16.25,1,0,228.09,13.99,3.191,38.19,7.77,0.2967,21.41,3.07,0.0657,3.5534,0.8883
1698,2026-08-18 16:30:00,2026-08-18,16:30,16.5,1,0,229.96,13.47,3.0976,38.18,6.49,0.2478,26.88,5.67,0.1524,3.4978,0.8744
1699,2026-08-18 16:45:00,2026-08-18,16:45,16.75,1,0,227.35,13.25,3.0124,38.54,6.22,0.2397,28.28,6.56,0.1855,3.4376,0.8594
1700,2026-08-18 17:00:00,2026-08-18,17:00,17.0,1,0,225.16,13.01,2.9293,37.59,6.08,0.2286,25.21,4.22,0.1064,3.2643,0.8161
1701,2026-08-18 17:15:00,2026-08-18,17:15,17.25,1,0,225.24,13.57,3.0565,36.12,4.8,0.1734,18.48,1.87,0.0346,3.2645,0.8161
1702,2026-08-18 17:30:00,2026-08-18,17:30,17.5,1,0,226.79,13.39,3.0367,35.83,3.86,0.1383,17.44,0.94,0.0164,3.1914,0.7978
1703,2026-08-18 17:45:00,2026-08-18,17:45,17.75,1,0,223.19,11.5,2.5667,35.59,2.84,0.1011,24.75,3.4,0.0842,2.752,0.688
1704,2026-08-18 18:00:00,2026-08-18,18:00,18.0,1,0,224.3,13.54,3.037,33.36,1.71,0.057,20.07,3.11,0.0624,3.1564,0.7891
1705,2026-08-18 18:15:00,2026-08-18,18:15,18.25,1,0,223.89,11.92,2.6688,33.03,1.74,0.0575,18.29,1.39,0.0254,2.7517,0.6879
1706,2026-08-18 18:30:00,2026-08-18,18:30,18.5,1,0,229.43,12.09,2.7738,30.85,0.05,0.0015,32.33,8.0,0.2586,3.0339,0.7585
1707,2026-08-18 18:45:00,2026-08-18,18:45,18.75,1,0,228.39,12.04,2.7498,0.27,0.0,0.0,20.63,2.21,0.0456,2.7954,0.6988
1708,2026-08-18 19:00:00,2026-08-18,19:00,19.0,1,0,227.61,11.8,2.6858,0.01,0.0,0.0,25.31,4.05,0.1025,2.7883,0.6971
1709,2026-08-18 19:15:00,2026-08-18,19:15,19.25,1,0,228.33,5.34,1.2193,0.34,0.0,0.0,28.42,6.64,0.1887,1.408,0.352
1710,2026-08-18 19:30:00,2026-08-18,19:30,19.5,1,0,230.11,4.29,0.9872,0.06,0.0,0.0,31.73,9.05,0.2872,1.2744,0.3186
1711,2026-08-18 19:45:00,2026-08-18,19:45,19.75,1,0,227.22,4.56,1.0361,0.48,0.0,0.0,36.63,9.95,0.3645,1.4006,0.3502
1712,2026-08-18 20:00:00,2026-08-18,20:00,20.0,1,0,228.68,4.16,0.9513,0.21,0.0,0.0,35.58,9.33,0.332,1.2833,0.3208
1713,2026-08-18 20:15:00,2026-08-18,20:15,20.25,1,0,224.7,4.95,1.1123,0.28,0.0,0.0,32.19,7.04,0.2266,1.3389,0.3347
1714,2026-08-18 20:30:00,2026-08-18,20:30,20.5,1,0,226.39,4.93,1.1161,0.46,0.0,0.0,35.68,9.53,0.34,1.4561,0.364
1715,2026-08-18 20:45:00,2026-08-18,20:45,20.75,1,0,222.3,4.82,1.0715,0.06,0.0,0.0,33.94,8.54,0.2898,1.3613,0.3403
1716,2026-08-18 21:00:00,2026-08-18,21:00,21.0,1,0,224.57,5.58,1.2531,0.54,0.0,0.0,34.61,8.9,0.308,1.5611,0.3903
1717,2026-08-18 21:15:00,2026-08-18,21:15,21.25,1,0,228.75,4.15,0.9493,0.79,0.0,0.0,41.51,15.29,0.6347,1.584,0.396
1718,2026-08-18 21:30:00,2026-08-18,21:30,21.5,1,0,227.36,4.53,1.0299,0.77,0.0,0.0,44.0,14.31,0.6296,1.6595,0.4149
1719,2026-08-18 21:45:00,2026-08-18,21:45,21.75,1,0,223.79,3.84,0.8594,0.75,0.0,0.0,37.03,9.56,0.354,1.2134,0.3034
1720,2026-08-18 22:00:00,2026-08-18,22:00,22.0,1,0,224.57,4.24,0.9522,0.26,0.0,0.0,35.71,9.2,0.3285,1.2807,0.3202
1721,2026-08-18 22:15:00,2026-08-18,22:15,22.25,1,0,225.25,5.09,1.1465,0.23,0.0,0.0,38.88,11.04,0.4292,1.5757,0.3939
1722,2026-08-18 22:30:00,2026-08-18,22:30,22.5,1,0,225.96,4.16,0.94,0.34,0.0,0.0,43.12,12.56,0.5416,1.4816,0.3704
1723,2026-08-18 22:45:00,2026-08-18,22:45,22.75,1,0,227.24,3.05,0.6931,0.24,0.0,0.0,41.21,13.44,0.5539,1.247,0.3118
1724,2026-08-18 23:00:00,2026-08-18,23:00,23.0,1,0,223.24,3.81,0.8505,0.65,0.0,0.0,32.74,6.96,0.2279,1.0784,0.2696
1725,2026-08-18 23:15:00,2026-08-18,23:15,23.25,1,0,226.66,2.59,0.587,0.05,0.0,0.0,29.02,8.0,0.2322,0.8192,0.2048
1726,2026-08-18 23:30:00,2026-08-18,23:30,23.5,1,0,223.63,4.18,0.9348,0.54,0.0,0.0,38.76,10.77,0.4174,1.3522,0.3381
1727,2026-08-18 23:45:00,2026-08-18,23:45,23.75,1,0,224.58,2.02,0.4536,0.37,0.0,0.0,23.8,5.13,0.1221,0.5757,0.1439
1728,2026-08-19 00:00:00,2026-08-19,00:00,0.0,2,0,225.27,3.08,0.6938,0.55,0.0,0.0,25.89,4.57,0.1183,0.8121,0.203
1729,2026-08-19 00:15:00,2026-08-19,00:15,0.25,2,0,229.32,4.15,0.9517,0.51,0.0,0.0,16.36,1.51,0.0247,0.9764,0.2441
1730,2026-08-19 00:30:00,2026-08-19,00:30,0.5,2,0,225.83,3.42,0.7723,0.51,0.0,0.0,29.74,6.5,0.1933,0.9656,0.2414
1731,2026-08-19 00:45:00,2026-08-19,00:45,0.75,2,0,224.85,4.36,0.9804,0.01,0.0,0.0,28.83,6.65,0.1917,1.1721,0.293
1732,2026-08-19 01:00:00,2026-08-19,01:00,1.0,2,0,220.01,3.47,0.7634,0.25,0.0,0.0,26.12,5.64,0.1473,0.9107,0.2277
1733,2026-08-19 01:15:00,2026-08-19,01:15,1.25,2,0,224.96,3.66,0.8234,0.47,0.0,0.0,28.35,6.02,0.1707,0.9941,0.2485
1734,2026-08-19 01:30:00,2026-08-19,01:30,1.5,2,0,225.68,3.62,0.817,0.7,0.0,0.0,25.32,4.89,0.1238,0.9408,0.2352
1735,2026-08-19 01:45:00,2026-08-19,01:45,1.75,2,0,222.08,3.35,0.744,0.05,0.0,0.0,33.18,7.64,0.2535,0.9975,0.2494
1736,2026-08-19 02:00:00,2026-08-19,02:00,2.0,2,0,227.14,3.86,0.8768,0.58,0.0,0.0,20.97,1.14,0.0239,0.9007,0.2252
1737,2026-08-19 02:15:00,2026-08-19,02:15,2.25,2,0,227.13,4.72,1.072,0.51,0.0,0.0,26.58,4.49,0.1193,1.1913,0.2978
1738,2026-08-19 02:30:00,2026-08-19,02:30,2.5,2,0,227.66,4.19,0.9539,0.31,0.0,0.0,20.6,3.8,0.0783,1.0322,0.2581
1739,2026-08-19 02:45:00,2026-08-19,02:45,2.75,2,0,226.41,4.51,1.0211,0.41,0.0,0.0,28.45,5.43,0.1545,1.1756,0.2939
1740,2026-08-19 03:00:00,2026-08-19,03:00,3.0,2,0,226.24,4.6,1.0407,0.0,0.0,0.0,21.63,2.44,0.0528,1.0935,0.2734
1741,2026-08-19 03:15:00,2026-08-19,03:15,3.25,2,0,223.65,4.97,1.1115,0.71,0.0,0.0,23.63,4.57,0.108,1.2195,0.3049
1742,2026-08-19 03:30:00,2026-08-19,03:30,3.5,2,0,226.32,4.84,1.0954,0.03,0.0,0.0,27.23,4.59,0.125,1.2204,0.3051
1743,2026-08-19 03:45:00,2026-08-19,03:45,3.75,2,0,229.18,4.99,1.1436,0.73,0.0,0.0,30.88,7.16,0.2211,1.3647,0.3412
1744,2026-08-19 04:00:00,2026-08-19,04:00,4.0,2,0,229.46,4.52,1.0372,0.38,0.0,0.0,33.57,8.21,0.2756,1.3128,0.3282
1745,2026-08-19 04:15:00,2026-08-19,04:15,4.25,2,0,223.89,3.83,0.8575,0.29,0.0,0.0,30.22,7.0,0.2115,1.069,0.2672
1746,2026-08-19 04:30:00,2026-08-19,04:30,4.5,2,0,227.45,3.7,0.8416,0.64,0.0,0.0,37.85,11.53,0.4364,1.278,0.3195
1747,2026-08-19 04:45:00,2026-08-19,04:45,4.75,2,0,229.53,4.21,0.9663,0.55,0.0,0.0,42.66,14.05,0.5994,1.5657,0.3914
1748,2026-08-19 05:00:00,2026-08-19,05:00,5.0,2,0,229.13,5.11,1.1708,0.65,0.0,0.0,36.71,9.84,0.3612,1.532,0.383
1749,2026-08-19 05:15:00,2026-08-19,05:15,5.25,2,0,228.9,4.03,0.9225,0.15,0.0,0.0,41.85,11.29,0.4725,1.395,0.3488
1750,2026-08-19 05:30:00,2026-08-19,05:30,5.5,2,0,227.65,4.17,0.9493,0.16,0.0,0.0,35.48,11.03,0.3913,1.3406,0.3352
1751,2026-08-19 05:45:00,2026-08-19,05:45,5.75,2,0,226.37,5.35,1.2111,0.58,0.0,0.0,40.48,12.48,0.5052,1.7163,0.4291
1752,2026-08-19 06:00:00,2026-08-19,06:00,6.0,2,0,225.39,3.35,0.7551,31.36,0.0,0.0,39.31,11.9,0.4678,1.2229,0.3057
1753,2026-08-19 06:15:00,2026-08-19,06:15,6.25,2,0,228.83,3.59,0.8215,30.9,0.18,0.0056,38.92,10.78,0.4196,1.2467,0.3117
1754,2026-08-19 06:30:00,2026-08-19,06:30,6.5,2,0,228.07,3.18,0.7253,33.17,0.8,0.0265,36.51,10.8,0.3943,1.1461,0.2865
1755,2026-08-19 06:45:00,2026-08-19,06:45,6.75,2,0,227.59,4.48,1.0196,34.24,1.98,0.0678,38.52,11.3,0.4353,1.5227,0.3807
1756,2026-08-19 07:00:00,2026-08-19,07:00,7.0,2,0,229.6,4.83,1.109,34.98,3.2,0.1119,42.07,11.98,0.504,1.7249,0.4312
1757,2026-08-19 07:15:00,2026-08-19,07:15,7.25,2,0,228.72,3.8,0.8691,35.66,3.8,0.1355,42.57,13.37,0.5692,1.5738,0.3935
1758,2026-08-19 07:30:00,2026-08-19,07:30,7.5,2,0,230.16,2.9,0.6675,38.94,4.7,0.183,37.91,10.82,0.4102,1.2607,0.3152
1759,2026-08-19 07:45:00,2026-08-19,07:45,7.75,2,0,230.0,3.34,0.7682,36.8,5.28,0.1943,44.5,13.39,0.5959,1.5584,0.3896
1760,2026-08-19 08:00:00,2026-08-19,08:00,8.0,2,0,227.73,11.88,2.7054,39.4,7.14,0.2813,40.67,11.36,0.462,3.4487,0.8622
1761,2026-08-19 08:15:00,2026-08-19,08:15,8.25,2,0,231.47,11.27,2.6087,39.41,8.19,0.3228,31.15,8.04,0.2505,3.182,0.7955
1762,2026-08-19 08:30:00,2026-08-19,08:30,8.5,2,0,230.13,12.45,2.8651,39.81,9.43,0.3754,29.3,5.36,0.1571,3.3976,0.8494
1763,2026-08-19 08:45:00,2026-08-19,08:45,8.75,2,0,227.5,12.41,2.8233,40.9,8.98,0.3673,24.6,4.83,0.1188,3.3094,0.8274
1764,2026-08-19 09:00:00,2026-08-19,09:00,9.0,2,0,228.49,12.53,2.863,42.29,10.37,0.4385,22.23,3.79,0.0843,3.3858,0.8465
1765,2026-08-19 09:15:00,2026-08-19,09:15,9.25,2,0,227.34,13.32,3.0282,43.16,11.37,0.4907,25.11,5.56,0.1396,3.6585,0.9146
1766,2026-08-19 09:30:00,2026-08-19,09:30,9.5,2,0,228.76,11.28,2.5804,42.34,11.2,0.4742,25.85,5.31,0.1373,3.1919,0.798
1767,2026-08-19 09:45:00,2026-08-19,09:45,9.75,2,0,227.62,13.07,2.975,42.7,11.49,0.4906,21.43,2.8,0.06,3.5256,0.8814
1768,2026-08-19 10:00:00,2026-08-19,10:00,10.0,2,0,226.8,14.46,3.2795,43.08,12.65,0.545,19.12,2.98,0.057,3.8815,0.9704
1769,2026-08-19 10:15:00,2026-08-19,10:15,10.25,2,0,228.81,13.62,3.1164,42.72,11.76,0.5024,20.84,3.07,0.064,3.6828,0.9207
1770,2026-08-19 10:30:00,2026-08-19,10:30,10.5,2,0,228.87,14.22,3.2545,42.83,11.37,0.487,17.79,0.0,0.0,3.7415,0.9354
1771,2026-08-19 10:45:00,2026-08-19,10:45,10.75,2,0,227.65,13.92,3.1689,43.18,11.11,0.4797,20.88,3.66,0.0764,3.725,0.9313
1772,2026-08-19 11:00:00,2026-08-19,11:00,11.0,2,0,225.85,13.3,3.0038,42.29,11.58,0.4897,23.56,3.71,0.0874,3.5809,0.8952
1773,2026-08-19 11:15:00,2026-08-19,11:15,11.25,2,0,227.75,13.92,3.1703,42.54,10.0,0.4254,24.11,4.73,0.114,3.7097,0.9274
1774,2026-08-19 11:30:00,2026-08-19,11:30,11.5,2,0,230.91,13.27,3.0642,41.6,10.12,0.421,16.26,2.2,0.0358,3.521,0.8802
1775,2026-08-19 11:45:00,2026-08-19,11:45,11.75,2,0,230.43,15.91,3.6661,42.73,10.19,0.4354,22.96,3.35,0.0769,4.1784,1.0446
1776,2026-08-19 12:00:00,2026-08-19,12:00,12.0,2,0,228.43,13.63,3.1135,44.86,10.65,0.4778,23.55,3.51,0.0827,3.674,0.9185
1777,2026-08-19 12:15:00,2026-08-19,12:15,12.25,2,0,229.82,15.68,3.6036,42.43,10.46,0.4438,24.56,5.35,0.1314,4.1788,1.0447
1778,2026-08-19 12:30:00,2026-08-19,12:30,12.5,2,0,231.83,14.93,3.4612,41.93,10.87,0.4558,27.41,5.2,0.1425,4.0595,1.0149
1779,2026-08-19 12:45:00,2026-08-19,12:45,12.75,2,0,228.97,14.51,3.3223,43.43,10.81,0.4695,23.65,4.87,0.1152,3.907,0.9768
1780,2026-08-19 13:00:00,2026-08-19,13:00,13.0,2,0,228.48,15.09,3.4478,44.14,13.18,0.5818,34.01,8.63,0.2935,4.3231,1.0808
1781,2026-08-19 13:15:00,2026-08-19,13:15,13.25,2,0,228.84,14.82,3.3914,44.07,13.29,0.5857,33.19,8.89,0.2951,4.2722,1.068
1782,2026-08-19 13:30:00,2026-08-19,13:30,13.5,2,0,233.48,15.09,3.5232,45.65,13.21,0.603,37.7,10.68,0.4026,4.5288,1.1322
1783,2026-08-19 13:45:00,2026-08-19,13:45,13.75,2,0,230.38,14.52,3.3451,43.84,13.56,0.5945,38.42,11.72,0.4503,4.3899,1.0975
1784,2026-08-19 14:00:00,2026-08-19,14:00,14.0,2,0,231.8,14.77,3.4237,45.98,12.1,0.5564,29.34,6.63,0.1945,4.1746,1.0436
1785,2026-08-19 14:15:00,2026-08-19,14:15,14.25,2,0,230.94,15.12,3.4918,45.0,13.6,0.612,30.81,8.27,0.2548,4.3586,1.0897
1786,2026-08-19 14:30:00,2026-08-19,14:30,14.5,2,0,229.26,13.76,3.1546,45.0,13.51,0.6079,41.61,12.9,0.5368,4.2993,1.0748
1787,2026-08-19 14:45:00,2026-08-19,14:45,14.75,2,0,232.9,14.33,3.3375,44.44,12.24,0.544,39.88,12.45,0.4965,4.378,1.0945
1788,2026-08-19 15:00:00,2026-08-19,15:00,15.0,2,0,230.87,13.64,3.1491,43.87,10.76,0.472,40.85,13.02,0.5319,4.153,1.0382
1789,2026-08-19 15:15:00,2026-08-19,15:15,15.25,2,0,232.53,14.87,3.4577,42.17,10.44,0.4402,30.31,6.32,0.1916,4.0895,1.0224
1790,2026-08-19 15:30:00,2026-08-19,15:30,15.5,2,0,230.81,13.64,3.1482,39.8,9.98,0.3972,39.95,11.93,0.4766,4.022,1.0055
1791,2026-08-19 15:45:00,2026-08-19,15:45,15.75,2,0,230.05,14.7,3.3817,39.19,8.61,0.3374,34.62,9.45,0.3272,4.0463,1.0116
1792,2026-08-19 16:00:00,2026-08-19,16:00,16.0,2,0,229.43,14.38,3.2992,38.33,7.32,0.2806,38.21,11.31,0.4322,4.012,1.003
1793,2026-08-19 16:15:00,2026-08-19,16:15,16.25,2,0,231.3,13.67,3.1619,38.24,6.43,0.2459,36.95,10.13,0.3743,3.7821,0.9455
1794,2026-08-19 16:30:00,2026-08-19,16:30,16.5,2,0,229.89,13.11,3.0139,37.51,4.73,0.1774,42.02,12.08,0.5076,3.6989,0.9247
1795,2026-08-19 16:45:00,2026-08-19,16:45,16.75,2,0,231.97,12.45,2.888,38.38,4.27,0.1639,29.27,7.94,0.2324,3.2843,0.8211
1796,2026-08-19 17:00:00,2026-08-19,17:00,17.0,2,0,228.37,13.46,3.0739,35.3,3.38,0.1193,28.32,5.18,0.1467,3.3399,0.835
1797,2026-08-19 17:15:00,2026-08-19,17:15,17.25,2,0,228.96,13.64,3.123,37.25,3.56,0.1326,25.9,5.12,0.1326,3.3882,0.847
1798,2026-08-19 17:30:00,2026-08-19,17:30,17.5,2,0,229.61,13.59,3.1204,34.8,3.2,0.1114,28.39,5.23,0.1485,3.3803,0.8451
1799,2026-08-19 17:45:00,2026-08-19,17:45,17.75,2,0,228.41,14.25,3.2548,32.6,1.79,0.0583,27.52,5.28,0.1453,3.4584,0.8646
1800,2026-08-19 18:00:00,2026-08-19,18:00,18.0,2,0,232.77,12.25,2.8514,35.39,1.7,0.0602,28.25,5.91,0.167,3.0786,0.7696
1801,2026-08-19 18:15:00,2026-08-19,18:15,18.25,2,0,233.03,12.1,2.8197,33.25,0.99,0.0329,25.67,2.1,0.0539,2.9065,0.7266
1802,2026-08-19 18:30:00,2026-08-19,18:30,18.5,2,0,234.3,12.5,2.9287,32.92,0.0,0.0,24.72,4.61,0.114,3.0427,0.7607
1803,2026-08-19 18:45:00,2026-08-19,18:45,18.75,2,0,232.73,11.94,2.7788,0.07,0.0,0.0,26.84,5.86,0.1573,2.9361,0.734
1804,2026-08-19 19:00:00,2026-08-19,19:00,19.0,2,0,235.6,10.5,2.4738,0.54,0.0,0.0,22.37,2.88,0.0644,2.5382,0.6345
1805,2026-08-19 19:15:00,2026-08-19,19:15,19.25,2,0,231.96,5.77,1.3384,0.77,0.0,0.0,17.05,1.85,0.0315,1.3699,0.3425
1806,2026-08-19 19:30:00,2026-08-19,19:30,19.5,2,0,233.8,5.38,1.2578,0.78,0.0,0.0,18.41,1.22,0.0225,1.2803,0.3201
1807,2026-08-19 19:45:00,2026-08-19,19:45,19.75,2,0,232.76,3.77,0.8775,0.36,0.0,0.0,24.03,5.36,0.1288,1.0063,0.2516
1808,2026-08-19 20:00:00,2026-08-19,20:00,20.0,2,0,231.28,3.62,0.8372,0.11,0.0,0.0,26.31,5.75,0.1513,0.9885,0.2471
1809,2026-08-19 20:15:00,2026-08-19,20:15,20.25,2,0,233.35,5.43,1.2671,0.65,0.0,0.0,19.58,0.37,0.0072,1.2743,0.3186
1810,2026-08-19 20:30:00,2026-08-19,20:30,20.5,2,0,228.76,3.52,0.8052,0.61,0.0,0.0,19.18,1.79,0.0343,0.8395,0.2099
1811,2026-08-19 20:45:00,2026-08-19,20:45,20.75,2,0,229.89,4.85,1.115,0.64,0.0,0.0,17.87,1.99,0.0356,1.1506,0.2877
1812,2026-08-19 21:00:00,2026-08-19,21:00,21.0,2,0,231.99,4.58,1.0625,0.32,0.0,0.0,25.49,3.78,0.0963,1.1588,0.2897
1813,2026-08-19 21:15:00,2026-08-19,21:15,21.25,2,0,232.88,5.19,1.2087,0.4,0.0,0.0,24.85,4.91,0.122,1.3307,0.3327
1814,2026-08-19 21:30:00,2026-08-19,21:30,21.5,2,0,230.7,4.85,1.1189,0.46,0.0,0.0,25.13,4.43,0.1113,1.2302,0.3075
1815,2026-08-19 21:45:00,2026-08-19,21:45,21.75,2,0,234.53,4.04,0.9475,0.16,0.0,0.0,21.29,2.89,0.0615,1.009,0.2522
1816,2026-08-19 22:00:00,2026-08-19,22:00,22.0,2,0,232.74,4.6,1.0706,0.49,0.0,0.0,26.32,4.16,0.1095,1.1801,0.295
1817,2026-08-19 22:15:00,2026-08-19,22:15,22.25,2,0,235.42,4.61,1.0853,0.35,0.0,0.0,27.61,5.91,0.1632,1.2485,0.3121
1818,2026-08-19 22:30:00,2026-08-19,22:30,22.5,2,0,229.2,3.77,0.8641,0.63,0.0,0.0,25.76,4.72,0.1216,0.9857,0.2464
1819,2026-08-19 22:45:00,2026-08-19,22:45,22.75,2,0,230.41,3.6,0.8295,0.06,0.0,0.0,29.78,5.86,0.1745,1.004,0.251
1820,2026-08-19 23:00:00,2026-08-19,23:00,23.0,2,0,230.05,4.48,1.0306,0.41,0.0,0.0,28.53,7.55,0.2154,1.246,0.3115
1821,2026-08-19 23:15:00,2026-08-19,23:15,23.25,2,0,232.88,2.74,0.6381,0.62,0.0,0.0,31.18,6.22,0.1939,0.832,0.208
1822,2026-08-19 23:30:00,2026-08-19,23:30,23.5,2,0,233.11,3.3,0.7693,0.73,0.0,0.0,31.52,6.13,0.1932,0.9625,0.2406
1823,2026-08-19 23:45:00,2026-08-19,23:45,23.75,2,0,229.98,3.04,0.6991,0.1,0.0,0.0,30.83,7.82,0.2411,0.9402,0.2351
1824,2026-08-20 00:00:00,2026-08-20,00:00,0.0,3,0,234.84,3.28,0.7703,0.27,0.0,0.0,40.43,12.56,0.5078,1.2781,0.3195
1825,2026-08-20 00:15:00,2026-08-20,00:15,0.25,3,0,228.23,2.35,0.5363,0.1,0.0,0.0,36.24,10.28,0.3725,0.9088,0.2272
1826,2026-08-20 00:30:00,2026-08-20,00:30,0.5,3,0,226.11,2.01,0.4545,0.24,0.0,0.0,33.39,8.05,0.2688,0.7233,0.1808
1827,2026-08-20 00:45:00,2026-08-20,00:45,0.75,3,0,231.04,4.77,1.1021,0.71,0.0,0.0,38.92,11.77,0.4581,1.5602,0.3901
1828,2026-08-20 01:00:00,2026-08-20,01:00,1.0,3,0,228.97,2.07,0.474,0.61,0.0,0.0,38.96,10.53,0.4103,0.8843,0.2211
1829,2026-08-20 01:15:00,2026-08-20,01:15,1.25,3,0,227.28,5.13,1.166,0.8,0.0,0.0,27.28,6.41,0.1749,1.3409,0.3352
1830,2026-08-20 01:30:00,2026-08-20,01:30,1.5,3,0,231.47,5.59,1.2939,0.16,0.0,0.0,37.28,9.5,0.3542,1.6481,0.412
1831,2026-08-20 01:45:00,2026-08-20,01:45,1.75,3,0,226.03,3.97,0.8973,0.63,0.0,0.0,37.28,10.76,0.4011,1.2984,0.3246
1832,2026-08-20 02:00:00,2026-08-20,02:00,2.0,3,0,225.44,4.59,1.0348,0.32,0.0,0.0,33.66,7.31,0.2461,1.2809,0.3202
1833,2026-08-20 02:15:00,2026-08-20,02:15,2.25,3,0,229.41,5.55,1.2732,0.45,0.0,0.0,27.5,5.6,0.154,1.4272,0.3568
1834,2026-08-20 02:30:00,2026-08-20,02:30,2.5,3,0,228.07,6.45,1.471,0.16,0.0,0.0,27.28,6.49,0.1771,1.6481,0.412
1835,2026-08-20 02:45:00,2026-08-20,02:45,2.75,3,0,227.79,4.96,1.1298,0.22,0.0,0.0,22.14,3.32,0.0735,1.2033,0.3008
1836,2026-08-20 03:00:00,2026-08-20,03:00,3.0,3,0,226.8,5.09,1.1544,0.52,0.0,0.0,17.24,1.02,0.0176,1.172,0.293
1837,2026-08-20 03:15:00,2026-08-20,03:15,3.25,3,0,227.57,5.51,1.2539,0.31,0.0,0.0,25.98,4.22,0.1096,1.3635,0.3409
1838,2026-08-20 03:30:00,2026-08-20,03:30,3.5,3,0,228.91,2.99,0.6844,0.02,0.0,0.0,22.49,4.18,0.094,0.7784,0.1946
1839,2026-08-20 03:45:00,2026-08-20,03:45,3.75,3,0,229.96,4.58,1.0532,0.28,0.0,0.0,19.58,1.11,0.0217,1.0749,0.2687
1840,2026-08-20 04:00:00,2026-08-20,04:00,4.0,3,0,226.76,4.73,1.0726,0.71,0.0,0.0,26.12,5.35,0.1397,1.2123,0.3031
1841,2026-08-20 04:15:00,2026-08-20,04:15,4.25,3,0,225.21,4.44,0.9999,0.01,0.0,0.0,17.07,0.6,0.0102,1.0101,0.2525
1842,2026-08-20 04:30:00,2026-08-20,04:30,4.5,3,0,224.84,4.89,1.0995,0.76,0.0,0.0,20.13,2.01,0.0405,1.14,0.285
1843,2026-08-20 04:45:00,2026-08-20,04:45,4.75,3,0,227.91,4.54,1.0347,0.06,0.0,0.0,22.14,1.46,0.0323,1.067,0.2667
1844,2026-08-20 05:00:00,2026-08-20,05:00,5.0,3,0,222.28,4.14,0.9202,0.1,0.0,0.0,20.23,2.03,0.0411,0.9613,0.2403
1845,2026-08-20 05:15:00,2026-08-20,05:15,5.25,3,0,226.86,3.3,0.7486,0.18,0.0,0.0,24.48,5.84,0.143,0.8916,0.2229
1846,2026-08-20 05:30:00,2026-08-20,05:30,5.5,3,0,229.08,3.24,0.7422,0.39,0.0,0.0,22.41,3.82,0.0856,0.8278,0.2069
1847,2026-08-20 05:45:00,2026-08-20,05:45,5.75,3,0,226.12,4.5,1.0175,0.69,0.0,0.0,22.25,1.04,0.0231,1.0406,0.2601
1848,2026-08-20 06:00:00,2026-08-20,06:00,6.0,3,0,226.92,3.82,0.8668,32.33,0.13,0.0042,27.49,5.92,0.1627,1.0337,0.2584
1849,2026-08-20 06:15:00,2026-08-20,06:15,6.25,3,0,229.62,4.11,0.9437,31.93,0.0,0.0,28.12,4.68,0.1316,1.0753,0.2688
1850,2026-08-20 06:30:00,2026-08-20,06:30,6.5,3,0,228.12,3.9,0.8897,31.71,0.32,0.0102,23.25,4.46,0.1037,1.0036,0.2509
1851,2026-08-20 06:45:00,2026-08-20,06:45,6.75,3,0,227.59,5.03,1.1448,32.48,1.26,0.0409,26.23,4.15,0.1088,1.2945,0.3236
1852,2026-08-20 07:00:00,2026-08-20,07:00,7.0,3,0,223.99,4.26,0.9542,32.14,1.69,0.0543,24.8,3.96,0.0982,1.1067,0.2767
1853,2026-08-20 07:15:00,2026-08-20,07:15,7.25,3,0,228.64,2.23,0.5099,33.52,1.82,0.061,25.64,5.37,0.1377,0.7086,0.1772
1854,2026-08-20 07:30:00,2026-08-20,07:30,7.5,3,0,226.53,3.09,0.7,33.96,1.81,0.0615,29.42,6.04,0.1777,0.9392,0.2348
1855,2026-08-20 07:45:00,2026-08-20,07:45,7.75,3,0,222.7,3.63,0.8084,33.45,1.89,0.0632,30.2,8.56,0.2585,1.1301,0.2825
1856,2026-08-20 08:00:00,2026-08-20,08:00,8.0,3,0,223.34,11.54,2.5773,34.4,2.21,0.076,30.61,6.95,0.2127,2.866,0.7165
1857,2026-08-20 08:15:00,2026-08-20,08:15,8.25,3,0,224.58,12.56,2.8207,33.89,3.41,0.1156,30.28,9.16,0.2774,3.2137,0.8034
1858,2026-08-20 08:30:00,2026-08-20,08:30,8.5,3,0,226.0,11.03,2.4928,35.44,2.3,0.0815,30.98,7.85,0.2432,2.8175,0.7044
1859,2026-08-20 08:45:00,2026-08-20,08:45,8.75,3,0,226.35,12.27,2.7773,34.03,3.28,0.1116,31.72,7.68,0.2436,3.1325,0.7831
1860,2026-08-20 09:00:00,2026-08-20,09:00,9.0,3,0,224.56,12.3,2.7621,35.64,2.72,0.0969,33.37,7.88,0.263,3.122,0.7805
1861,2026-08-20 09:15:00,2026-08-20,09:15,9.25,3,0,222.62,11.19,2.4911,34.5,2.46,0.0849,33.79,11.26,0.3805,2.9565,0.7391
1862,2026-08-20 09:30:00,2026-08-20,09:30,9.5,3,0,223.78,12.59,2.8174,36.06,3.26,0.1176,26.92,5.76,0.1551,3.0901,0.7725
1863,2026-08-20 09:45:00,2026-08-20,09:45,9.75,3,0,225.24,13.53,3.0475,35.35,4.65,0.1644,32.44,8.68,0.2816,3.4935,0.8734
1864,2026-08-20 10:00:00,2026-08-20,10:00,10.0,3,0,226.97,13.01,2.9529,35.44,4.07,0.1442,26.05,3.64,0.0948,3.1919,0.798
1865,2026-08-20 10:15:00,2026-08-20,10:15,10.25,3,0,225.42,13.13,2.9598,37.63,3.48,0.1309,25.04,6.04,0.1512,3.2419,0.8105
1866,2026-08-20 10:30:00,2026-08-20,10:30,10.5,3,0,226.27,12.15,2.7492,37.6,5.67,0.2132,27.86,5.81,0.1619,3.1243,0.7811
1867,2026-08-20 10:45:00,2026-08-20,10:45,10.75,3,0,224.94,13.21,2.9715,38.18,5.57,0.2127,26.37,4.02,0.106,3.2902,0.8226
1868,2026-08-20 11:00:00,2026-08-20,11:00,11.0,3,0,220.7,14.06,3.103,38.69,5.13,0.1985,23.82,3.77,0.0898,3.3913,0.8478
1869,2026-08-20 11:15:00,2026-08-20,11:15,11.25,3,0,224.54,14.83,3.3299,36.99,6.58,0.2434,23.91,4.25,0.1016,3.6749,0.9187
1870,2026-08-20 11:30:00,2026-08-20,11:30,11.5,3,0,227.45,14.97,3.4049,37.12,5.94,0.2205,23.42,3.41,0.0799,3.7053,0.9263
1871,2026-08-20 11:45:00,2026-08-20,11:45,11.75,3,0,227.34,14.41,3.276,36.25,6.02,0.2182,18.76,1.83,0.0343,3.5285,0.8821
1872,2026-08-20 12:00:00,2026-08-20,12:00,12.0,3,0,223.44,15.48,3.4588,36.32,5.95,0.2161,25.11,4.48,0.1125,3.7874,0.9468
1873,2026-08-20 12:15:00,2026-08-20,12:15,12.25,3,0,225.54,15.14,3.4147,38.44,5.48,0.2107,22.43,2.55,0.0572,3.6826,0.9206
1874,2026-08-20 12:30:00,2026-08-20,12:30,12.5,3,0,224.21,14.85,3.3295,36.06,5.1,0.1839,23.91,2.94,0.0703,3.5837,0.8959
1875,2026-08-20 12:45:00,2026-08-20,12:45,12.75,3,0,224.56,15.6,3.5031,37.11,5.39,0.2,20.68,2.08,0.043,3.7461,0.9365
1876,2026-08-20 13:00:00,2026-08-20,13:00,13.0,3,0,222.62,15.45,3.4395,36.29,3.86,0.1401,19.18,0.0,0.0,3.5796,0.8949
1877,2026-08-20 13:15:00,2026-08-20,13:15,13.25,3,0,223.1,15.09,3.3666,37.32,4.9,0.1829,22.28,2.85,0.0635,3.613,0.9032
1878,2026-08-20 13:30:00,2026-08-20,13:30,13.5,3,0,226.65,14.37,3.257,35.19,3.58,0.126,20.33,3.23,0.0657,3.4487,0.8622
1879,2026-08-20 13:45:00,2026-08-20,13:45,13.75,3,0,225.59,15.76,3.5553,34.91,3.66,0.1278,19.86,0.66,0.0131,3.6962,0.9241
1880,2026-08-20 14:00:00,2026-08-20,14:00,14.0,3,0,223.05,14.19,3.1651,34.85,4.19,0.146,20.7,3.43,0.071,3.3821,0.8455
1881,2026-08-20 14:15:00,2026-08-20,14:15,14.25,3,0,227.83,15.48,3.5268,34.42,3.82,0.1315,20.36,3.42,0.0696,3.7279,0.932
1882,2026-08-20 14:30:00,2026-08-20,14:30,14.5,3,0,226.0,14.0,3.164,34.8,4.91,0.1709,17.62,1.67,0.0294,3.3643,0.8411
1883,2026-08-20 14:45:00,2026-08-20,14:45,14.75,3,0,222.82,15.42,3.4359,34.03,3.07,0.1045,22.71,2.61,0.0593,3.5997,0.8999
1884,2026-08-20 15:00:00,2026-08-20,15:00,15.0,3,0,224.05,14.81,3.3182,35.23,4.35,0.1532,22.69,4.09,0.0928,3.5642,0.8911
1885,2026-08-20 15:15:00,2026-08-20,15:15,15.25,3,0,227.0,15.53,3.5253,36.19,4.05,0.1466,24.64,3.79,0.0934,3.7653,0.9413
1886,2026-08-20 15:30:00,2026-08-20,15:30,15.5,3,0,227.07,14.2,3.2244,36.04,3.76,0.1355,22.19,4.07,0.0903,3.4502,0.8626
1887,2026-08-20 15:45:00,2026-08-20,15:45,15.75,3,0,224.59,14.98,3.3644,36.23,3.8,0.1377,23.67,3.56,0.0843,3.5864,0.8966
1888,2026-08-20 16:00:00,2026-08-20,16:00,16.0,3,0,227.08,15.53,3.5266,35.49,2.79,0.099,19.56,2.38,0.0465,3.6721,0.918
1889,2026-08-20 16:15:00,2026-08-20,16:15,16.25,3,0,229.58,13.26,3.0442,36.22,3.32,0.1202,25.43,4.74,0.1205,3.2849,0.8212
1890,2026-08-20 16:30:00,2026-08-20,16:30,16.5,3,0,226.76,12.16,2.7574,34.32,2.48,0.0851,25.09,4.19,0.1051,2.9476,0.7369
1891,2026-08-20 16:45:00,2026-08-20,16:45,16.75,3,0,230.85,13.15,3.0357,32.68,2.64,0.0863,26.51,4.8,0.1273,3.2493,0.8123
1892,2026-08-20 17:00:00,2026-08-20,17:00,17.0,3,0,228.31,14.68,3.3516,33.39,2.21,0.0738,25.72,4.49,0.1155,3.5409,0.8852
1893,2026-08-20 17:15:00,2026-08-20,17:15,17.25,3,0,227.3,12.98,2.9503,34.13,2.02,0.0689,25.33,6.57,0.1664,3.1856,0.7964
1894,2026-08-20 17:30:00,2026-08-20,17:30,17.5,3,0,227.88,12.89,2.9374,34.0,1.81,0.0615,27.33,4.75,0.1298,3.1287,0.7822
1895,2026-08-20 17:45:00,2026-08-20,17:45,17.75,3,0,230.92,12.28,2.8357,32.7,0.9,0.0294,23.29,4.1,0.0955,2.9606,0.7401
1896,2026-08-20 18:00:00,2026-08-20,18:00,18.0,3,0,229.77,12.06,2.771,32.04,0.2,0.0064,21.7,3.21,0.0697,2.8471,0.7118
1897,2026-08-20 18:15:00,2026-08-20,18:15,18.25,3,0,231.44,12.98,3.0041,32.18,0.8,0.0257,22.68,3.32,0.0753,3.1051,0.7763
1898,2026-08-20 18:30:00,2026-08-20,18:30,18.5,3,0,230.33,13.68,3.1509,32.89,0.3,0.0099,20.47,1.89,0.0387,3.1995,0.7999
1899,2026-08-20 18:45:00,2026-08-20,18:45,18.75,3,0,232.81,11.1,2.5842,0.32,0.0,0.0,22.55,3.53,0.0796,2.6638,0.666
1900,2026-08-20 19:00:00,2026-08-20,19:00,19.0,3,0,234.49,12.39,2.9053,0.09,0.0,0.0,20.13,2.56,0.0515,2.9568,0.7392
1901,2026-08-20 19:15:00,2026-08-20,19:15,19.25,3,0,234.07,4.27,0.9995,0.77,0.0,0.0,21.17,2.03,0.043,1.0425,0.2606
1902,2026-08-20 19:30:00,2026-08-20,19:30,19.5,3,0,231.5,4.22,0.9769,0.63,0.0,0.0,22.71,3.86,0.0877,1.0646,0.2661
1903,2026-08-20 19:45:00,2026-08-20,19:45,19.75,3,0,236.22,4.07,0.9614,0.28,0.0,0.0,20.06,2.68,0.0538,1.0152,0.2538
1904,2026-08-20 20:00:00,2026-08-20,20:00,20.0,3,0,236.55,4.98,1.178,0.8,0.0,0.0,15.44,0.97,0.015,1.193,0.2983
1905,2026-08-20 20:15:00,2026-08-20,20:15,20.25,3,0,234.16,4.46,1.0443,0.26,0.0,0.0,21.31,2.22,0.0473,1.0916,0.2729
1906,2026-08-20 20:30:00,2026-08-20,20:30,20.5,3,0,231.32,2.91,0.6731,0.78,0.0,0.0,19.53,0.77,0.015,0.6881,0.172
1907,2026-08-20 20:45:00,2026-08-20,20:45,20.75,3,0,232.82,4.38,1.0197,0.34,0.0,0.0,18.83,1.92,0.0362,1.0559,0.264
1908,2026-08-20 21:00:00,2026-08-20,21:00,21.0,3,0,234.54,4.81,1.1281,0.16,0.0,0.0,17.31,1.56,0.027,1.1551,0.2888
1909,2026-08-20 21:15:00,2026-08-20,21:15,21.25,3,0,232.1,3.97,0.9214,0.79,0.0,0.0,16.71,0.0,0.0,0.9214,0.2303
1910,2026-08-20 21:30:00,2026-08-20,21:30,21.5,3,0,232.63,4.07,0.9468,0.39,0.0,0.0,17.16,1.23,0.0211,0.9679,0.242
1911,2026-08-20 21:45:00,2026-08-20,21:45,21.75,3,0,236.23,4.26,1.0063,0.04,0.0,0.0,19.35,1.32,0.0255,1.0318,0.258
1912,2026-08-20 22:00:00,2026-08-20,22:00,22.0,3,0,234.84,3.73,0.876,0.73,0.0,0.0,18.62,1.22,0.0227,0.8987,0.2247
1913,2026-08-20 22:15:00,2026-08-20,22:15,22.25,3,0,234.24,4.63,1.0845,0.01,0.0,0.0,18.39,1.14,0.021,1.1055,0.2764
1914,2026-08-20 22:30:00,2026-08-20,22:30,22.5,3,0,234.5,3.68,0.863,0.14,0.0,0.0,19.86,0.6,0.0119,0.8749,0.2187
1915,2026-08-20 22:45:00,2026-08-20,22:45,22.75,3,0,233.18,4.5,1.0493,0.57,0.0,0.0,17.41,2.16,0.0376,1.0869,0.2717
1916,2026-08-20 23:00:00,2026-08-20,23:00,23.0,3,0,232.77,3.28,0.7635,0.33,0.0,0.0,15.59,0.8,0.0125,0.776,0.194
1917,2026-08-20 23:15:00,2026-08-20,23:15,23.25,3,0,233.04,2.83,0.6595,0.75,0.0,0.0,19.1,0.27,0.0052,0.6647,0.1662
1918,2026-08-20 23:30:00,2026-08-20,23:30,23.5,3,0,232.73,3.13,0.7284,0.61,0.0,0.0,16.72,0.31,0.0052,0.7336,0.1834
1919,2026-08-20 23:45:00,2026-08-20,23:45,23.75,3,0,236.69,3.57,0.845,0.63,0.0,0.0,17.26,1.15,0.0199,0.8649,0.2162
1920,2026-08-21 00:00:00,2026-08-21,00:00,0.0,4,0,229.84,3.27,0.7516,0.21,0.0,0.0,23.54,1.86,0.0438,0.7954,0.1988
1921,2026-08-21 00:15:00,2026-08-21,00:15,0.25,4,0,231.32,3.67,0.8489,0.53,0.0,0.0,26.38,4.13,0.109,0.9579,0.2395
1922,2026-08-21 00:30:00,2026-08-21,00:30,0.5,4,0,232.87,3.62,0.843,0.08,0.0,0.0,23.97,3.93,0.0942,0.9372,0.2343
1923,2026-08-21 00:45:00,2026-08-21,00:45,0.75,4,0,235.45,4.18,0.9842,0.67,0.0,0.0,23.34,4.87,0.1137,1.0979,0.2745
1924,2026-08-21 01:00:00,2026-08-21,01:00,1.0,4,0,233.14,3.36,0.7833,0.44,0.0,0.0,25.03,5.69,0.1424,0.9257,0.2314
1925,2026-08-21 01:15:00,2026-08-21,01:15,1.25,4,0,237.5,3.43,0.8146,0.08,0.0,0.0,23.96,3.62,0.0867,0.9013,0.2253
1926,2026-08-21 01:30:00,2026-08-21,01:30,1.5,4,0,233.96,4.52,1.0575,0.03,0.0,0.0,25.17,5.0,0.1258,1.1833,0.2958
1927,2026-08-21 01:45:00,2026-08-21,01:45,1.75,4,0,231.29,3.06,0.7077,0.27,0.0,0.0,25.79,4.58,0.1181,0.8258,0.2064
1928,2026-08-21 02:00:00,2026-08-21,02:00,2.0,4,0,232.99,5.26,1.2255,0.16,0.0,0.0,25.77,4.26,0.1098,1.3353,0.3338
1929,2026-08-21 02:15:00,2026-08-21,02:15,2.25,4,0,231.04,4.36,1.0073,0.22,0.0,0.0,22.28,5.32,0.1185,1.1258,0.2814
1930,2026-08-21 02:30:00,2026-08-21,02:30,2.5,4,0,231.37,4.35,1.0065,0.11,0.0,0.0,24.46,4.42,0.1081,1.1146,0.2787
1931,2026-08-21 02:45:00,2026-08-21,02:45,2.75,4,0,231.96,3.94,0.9139,0.54,0.0,0.0,27.49,5.57,0.1531,1.067,0.2667
1932,2026-08-21 03:00:00,2026-08-21,03:00,3.0,4,0,233.47,5.56,1.2981,0.07,0.0,0.0,21.87,2.55,0.0558,1.3539,0.3385
1933,2026-08-21 03:15:00,2026-08-21,03:15,3.25,4,0,233.43,4.76,1.1111,0.24,0.0,0.0,22.19,3.6,0.0799,1.191,0.2978
1934,2026-08-21 03:30:00,2026-08-21,03:30,3.5,4,0,233.07,5.63,1.3122,0.72,0.0,0.0,24.2,4.16,0.1007,1.4129,0.3532
1935,2026-08-21 03:45:00,2026-08-21,03:45,3.75,4,0,234.06,4.56,1.0673,0.29,0.0,0.0,23.33,3.23,0.0754,1.1427,0.2857
1936,2026-08-21 04:00:00,2026-08-21,04:00,4.0,4,0,233.88,5.22,1.2208,0.12,0.0,0.0,19.96,1.51,0.0301,1.2509,0.3127
1937,2026-08-21 04:15:00,2026-08-21,04:15,4.25,4,0,232.87,4.56,1.0619,0.23,0.0,0.0,21.38,3.44,0.0735,1.1354,0.2838
1938,2026-08-21 04:30:00,2026-08-21,04:30,4.5,4,0,231.87,4.35,1.0086,0.07,0.0,0.0,20.86,2.51,0.0524,1.061,0.2652
1939,2026-08-21 04:45:00,2026-08-21,04:45,4.75,4,0,228.82,3.72,0.8512,0.03,0.0,0.0,19.11,2.51,0.048,0.8992,0.2248
1940,2026-08-21 05:00:00,2026-08-21,05:00,5.0,4,0,233.12,4.5,1.049,0.13,0.0,0.0,17.54,1.08,0.0189,1.0679,0.267
1941,2026-08-21 05:15:00,2026-08-21,05:15,5.25,4,0,230.04,4.94,1.1364,0.28,0.0,0.0,18.63,0.87,0.0162,1.1526,0.2882
1942,2026-08-21 05:30:00,2026-08-21,05:30,5.5,4,0,231.14,4.02,0.9292,0.68,0.0,0.0,18.25,1.72,0.0314,0.9606,0.2402
1943,2026-08-21 05:45:00,2026-08-21,05:45,5.75,4,0,229.28,4.17,0.9561,0.19,0.0,0.0,16.52,0.33,0.0054,0.9615,0.2404
1944,2026-08-21 06:00:00,2026-08-21,06:00,6.0,4,0,230.17,4.03,0.9276,31.48,0.0,0.0,17.8,0.6,0.0107,0.9383,0.2346
1945,2026-08-21 06:15:00,2026-08-21,06:15,6.25,4,0,232.64,4.45,1.0353,31.4,0.97,0.0305,17.71,0.21,0.0037,1.0695,0.2674
1946,2026-08-21 06:30:00,2026-08-21,06:30,6.5,4,0,230.37,3.97,0.9146,32.51,0.75,0.0244,17.22,0.49,0.0084,0.9474,0.2369
1947,2026-08-21 06:45:00,2026-08-21,06:45,6.75,4,0,230.01,3.07,0.7061,33.87,2.59,0.0877,15.49,0.46,0.0071,0.8009,0.2002
1948,2026-08-21 07:00:00,2026-08-21,07:00,7.0,4,0,228.03,3.89,0.887,35.35,2.42,0.0856,16.87,2.02,0.0341,1.0067,0.2517
1949,2026-08-21 07:15:00,2026-08-21,07:15,7.25,4,0,229.67,2.69,0.6178,35.13,4.42,0.1553,17.38,1.71,0.0297,0.8028,0.2007
1950,2026-08-21 07:30:00,2026-08-21,07:30,7.5,4,0,228.3,3.45,0.7876,38.17,5.41,0.2065,18.11,0.04,0.0007,0.9948,0.2487
1951,2026-08-21 07:45:00,2026-08-21,07:45,7.75,4,0,231.89,2.69,0.6238,40.38,7.03,0.2839,17.52,1.19,0.0209,0.9286,0.2321
1952,2026-08-21 08:00:00,2026-08-21,08:00,8.0,4,0,230.57,11.81,2.723,39.94,7.21,0.288,17.37,1.4,0.0243,3.0353,0.7588
1953,2026-08-21 08:15:00,2026-08-21,08:15,8.25,4,0,229.63,11.95,2.7441,40.41,7.12,0.2877,18.67,2.19,0.0409,3.0727,0.7682
1954,2026-08-21 08:30:00,2026-08-21,08:30,8.5,4,0,226.03,13.09,2.9587,40.53,9.12,0.3696,20.07,1.92,0.0385,3.3668,0.8417
1955,2026-08-21 08:45:00,2026-08-21,08:45,8.75,4,0,229.02,11.91,2.7276,40.98,9.08,0.3721,15.62,1.45,0.0226,3.1223,0.7806
1956,2026-08-21 09:00:00,2026-08-21,09:00,9.0,4,0,224.68,12.25,2.7523,41.55,9.11,0.3785,19.48,1.69,0.0329,3.1637,0.7909
1957,2026-08-21 09:15:00,2026-08-21,09:15,9.25,4,0,222.98,12.74,2.8408,42.68,10.55,0.4503,19.67,1.27,0.025,3.3161,0.829
1958,2026-08-21 09:30:00,2026-08-21,09:30,9.5,4,0,221.93,12.81,2.8429,41.44,10.62,0.4401,20.65,2.06,0.0425,3.3255,0.8314
1959,2026-08-21 09:45:00,2026-08-21,09:45,9.75,4,0,223.55,11.92,2.6647,42.69,10.73,0.4581,19.71,1.17,0.0231,3.1459,0.7865
1960,2026-08-21 10:00:00,2026-08-21,10:00,10.0,4,0,224.5,14.52,3.2597,42.57,10.27,0.4372,19.35,1.05,0.0203,3.7172,0.9293
1961,2026-08-21 10:15:00,2026-08-21,10:15,10.25,4,0,223.95,12.97,2.9046,41.14,9.67,0.3978,18.21,0.81,0.0147,3.3171,0.8293
1962,2026-08-21 10:30:00,2026-08-21,10:30,10.5,4,0,224.79,12.66,2.8458,41.29,9.9,0.4088,17.79,0.03,0.0005,3.2551,0.8138
1963,2026-08-21 10:45:00,2026-08-21,10:45,10.75,4,0,224.38,14.43,3.2378,41.85,10.44,0.4369,18.52,1.06,0.0196,3.6943,0.9236
1964,2026-08-21 11:00:00,2026-08-21,11:00,11.0,4,0,224.84,13.04,2.9319,40.96,10.94,0.4481,17.33,1.44,0.025,3.405,0.8512
1965,2026-08-21 11:15:00,2026-08-21,11:15,11.25,4,0,223.3,14.02,3.1307,42.15,10.35,0.4363,16.68,1.41,0.0235,3.5905,0.8976
1966,2026-08-21 11:30:00,2026-08-21,11:30,11.5,4,0,225.9,14.35,3.2417,41.44,10.79,0.4471,18.11,0.14,0.0025,3.6913,0.9228
1967,2026-08-21 11:45:00,2026-08-21,11:45,11.75,4,0,221.84,14.93,3.3121,43.91,11.38,0.4997,21.44,1.21,0.0259,3.8377,0.9594
1968,2026-08-21 12:00:00,2026-08-21,12:00,12.0,4,0,222.63,15.29,3.404,43.73,12.83,0.5611,17.61,0.67,0.0118,3.9769,0.9942
1969,2026-08-21 12:15:00,2026-08-21,12:15,12.25,4,0,220.4,16.0,3.5264,43.75,12.42,0.5434,16.35,0.71,0.0116,4.0814,1.0204
1970,2026-08-21 12:30:00,2026-08-21,12:30,12.5,4,0,224.15,15.55,3.4855,45.76,13.59,0.6219,17.99,0.0,0.0,4.1074,1.0269
1971,2026-08-21 12:45:00,2026-08-21,12:45,12.75,4,0,223.86,13.9,3.1117,47.22,14.04,0.663,16.58,0.36,0.006,3.7807,0.9452
1972,2026-08-21 13:00:00,2026-08-21,13:00,13.0,4,0,226.85,15.62,3.5434,44.64,15.3,0.683,17.16,0.92,0.0158,4.2422,1.0606
1973,2026-08-21 13:15:00,2026-08-21,13:15,13.25,4,0,222.66,16.0,3.5626,45.32,14.7,0.6662,15.78,2.05,0.0324,4.2612,1.0653
1974,2026-08-21 13:30:00,2026-08-21,13:30,13.5,4,0,220.51,15.15,3.3407,44.4,14.26,0.6331,16.51,1.09,0.018,3.9918,0.998
1975,2026-08-21 13:45:00,2026-08-21,13:45,13.75,4,0,222.1,15.8,3.5092,46.47,13.74,0.6385,17.72,1.11,0.0197,4.1674,1.0418
1976,2026-08-21 14:00:00,2026-08-21,14:00,14.0,4,0,222.58,15.1,3.361,44.57,13.44,0.599,18.28,1.16,0.0212,3.9812,0.9953
1977,2026-08-21 14:15:00,2026-08-21,14:15,14.25,4,0,223.83,14.81,3.3149,44.23,12.01,0.5312,14.16,0.69,0.0098,3.8559,0.964
1978,2026-08-21 14:30:00,2026-08-21,14:30,14.5,4,0,224.56,13.9,3.1214,43.37,11.25,0.4879,18.64,0.86,0.016,3.6253,0.9063
1979,2026-08-21 14:45:00,2026-08-21,14:45,14.75,4,0,218.84,14.1,3.0856,42.86,10.79,0.4625,19.52,0.53,0.0103,3.5584,0.8896
1980,2026-08-21 15:00:00,2026-08-21,15:00,15.0,4,0,227.01,14.7,3.3371,40.33,9.22,0.3718,19.43,1.7,0.033,3.7419,0.9355
1981,2026-08-21 15:15:00,2026-08-21,15:15,15.25,4,0,220.69,14.41,3.1801,40.25,8.09,0.3256,17.25,0.55,0.0095,3.5152,0.8788
1982,2026-08-21 15:30:00,2026-08-21,15:30,15.5,4,0,221.84,14.6,3.2389,40.47,7.53,0.3047,18.37,1.07,0.0197,3.5633,0.8908
1983,2026-08-21 15:45:00,2026-08-21,15:45,15.75,4,0,221.47,14.37,3.1825,39.04,6.35,0.2479,19.22,0.31,0.006,3.4364,0.8591
1984,2026-08-21 16:00:00,2026-08-21,16:00,16.0,4,0,222.96,14.59,3.253,37.54,6.51,0.2444,15.74,1.02,0.0161,3.5135,0.8784
1985,2026-08-21 16:15:00,2026-08-21,16:15,16.25,4,0,220.69,14.63,3.2287,36.92,5.64,0.2082,18.5,0.29,0.0054,3.4423,0.8606
1986,2026-08-21 16:30:00,2026-08-21,16:30,16.5,4,0,220.9,13.37,2.9534,37.32,5.42,0.2023,16.1,0.91,0.0146,3.1703,0.7926
1987,2026-08-21 16:45:00,2026-08-21,16:45,16.75,4,0,222.47,15.11,3.3615,36.61,5.71,0.209,15.61,0.07,0.0011,3.5716,0.8929
1988,2026-08-21 17:00:00,2026-08-21,17:00,17.0,4,0,225.02,14.62,3.2898,35.53,4.12,0.1464,15.33,1.17,0.0179,3.4541,0.8635
1989,2026-08-21 17:15:00,2026-08-21,17:15,17.25,4,0,223.37,13.18,2.944,34.55,4.67,0.1613,18.8,0.19,0.0036,3.1089,0.7772
1990,2026-08-21 17:30:00,2026-08-21,17:30,17.5,4,0,222.73,13.16,2.9311,35.38,3.35,0.1185,17.93,1.74,0.0312,3.0808,0.7702
1991,2026-08-21 17:45:00,2026-08-21,17:45,17.75,4,0,223.38,12.89,2.8794,34.53,1.95,0.0673,15.76,1.68,0.0265,2.9732,0.7433
1992,2026-08-21 18:00:00,2026-08-21,18:00,18.0,4,0,224.78,13.08,2.9401,33.97,0.74,0.0251,19.28,1.6,0.0309,2.9961,0.749
1993,2026-08-21 18:15:00,2026-08-21,18:15,18.25,4,0,226.51,12.5,2.8314,32.9,0.99,0.0326,21.02,1.64,0.0345,2.8985,0.7246
1994,2026-08-21 18:30:00,2026-08-21,18:30,18.5,4,0,224.65,11.46,2.5745,31.72,0.5,0.0159,20.58,1.62,0.0333,2.6237,0.6559
1995,2026-08-21 18:45:00,2026-08-21,18:45,18.75,4,0,228.6,11.29,2.5809,0.47,0.0,0.0,20.6,3.46,0.0713,2.6522,0.6631
1996,2026-08-21 19:00:00,2026-08-21,19:00,19.0,4,0,225.85,11.39,2.5724,0.16,0.0,0.0,20.19,3.17,0.064,2.6364,0.6591
1997,2026-08-21 19:15:00,2026-08-21,19:15,19.25,4,0,227.56,4.8,1.0923,0.42,0.0,0.0,22.67,2.68,0.0608,1.1531,0.2883
1998,2026-08-21 19:30:00,2026-08-21,19:30,19.5,4,0,225.53,5.61,1.2652,0.01,0.0,0.0,20.22,2.04,0.0413,1.3065,0.3266
1999,2026-08-21 19:45:00,2026-08-21,19:45,19.75,4,0,228.53,4.33,0.9895,0.37,0.0,0.0,20.02,2.27,0.0455,1.035,0.2587
2000,2026-08-21 20:00:00,2026-08-21,20:00,20.0,4,0,227.39,5.65,1.2848,0.36,0.0,0.0,21.2,3.5,0.0742,1.359,0.3397
2001,2026-08-21 20:15:00,2026-08-21,20:15,20.25,4,0,228.13,5.45,1.2433,0.57,0.0,0.0,21.7,3.49,0.0757,1.319,0.3297
2002,2026-08-21 20:30:00,2026-08-21,20:30,20.5,4,0,229.09,4.55,1.0424,0.49,0.0,0.0,23.28,2.12,0.0493,1.0917,0.2729
2003,2026-08-21 20:45:00,2026-08-21,20:45,20.75,4,0,230.01,5.13,1.18,0.42,0.0,0.0,20.1,3.24,0.0651,1.2451,0.3113
2004,2026-08-21 21:00:00,2026-08-21,21:00,21.0,4,0,226.54,5.96,1.3502,0.48,0.0,0.0,22.47,3.41,0.0766,1.4268,0.3567
2005,2026-08-21 21:15:00,2026-08-21,21:15,21.25,4,0,230.31,5.12,1.1792,0.56,0.0,0.0,21.78,2.93,0.0638,1.243,0.3108
2006,2026-08-21 21:30:00,2026-08-21,21:30,21.5,4,0,226.32,3.21,0.7265,0.2,0.0,0.0,21.39,3.32,0.071,0.7975,0.1994
2007,2026-08-21 21:45:00,2026-08-21,21:45,21.75,4,0,229.71,4.06,0.9326,0.68,0.0,0.0,21.52,3.7,0.0796,1.0122,0.253
2008,2026-08-21 22:00:00,2026-08-21,22:00,22.0,4,0,228.97,4.15,0.9502,0.67,0.0,0.0,20.63,2.04,0.0421,0.9923,0.2481
2009,2026-08-21 22:15:00,2026-08-21,22:15,22.25,4,0,229.55,3.32,0.7621,0.27,0.0,0.0,19.59,3.1,0.0607,0.8228,0.2057
2010,2026-08-21 22:30:00,2026-08-21,22:30,22.5,4,0,231.97,3.5,0.8119,0.14,0.0,0.0,19.04,2.63,0.0501,0.862,0.2155
2011,2026-08-21 22:45:00,2026-08-21,22:45,22.75,4,0,225.93,4.54,1.0257,0.03,0.0,0.0,16.52,0.74,0.0122,1.0379,0.2595
2012,2026-08-21 23:00:00,2026-08-21,23:00,23.0,4,0,230.79,3.6,0.8308,0.41,0.0,0.0,16.4,0.65,0.0107,0.8415,0.2104
2013,2026-08-21 23:15:00,2026-08-21,23:15,23.25,4,0,228.88,2.82,0.6454,0.24,0.0,0.0,18.09,1.63,0.0295,0.6749,0.1687
2014,2026-08-21 23:30:00,2026-08-21,23:30,23.5,4,0,232.1,4.3,0.998,0.34,0.0,0.0,16.22,0.0,0.0,0.998,0.2495
2015,2026-08-21 23:45:00,2026-08-21,23:45,23.75,4,0,232.8,2.85,0.6635,0.7,0.0,0.0,20.78,0.56,0.0116,0.6751,0.1688
2016,2026-08-22 00:00:00,2026-08-22,00:00,0.0,5,1,233.01,3.18,0.741,0.44,0.0,0.0,17.46,0.39,0.0068,0.7478,0.187
2017,2026-08-22 00:15:00,2026-08-22,00:15,0.25,5,1,231.85,3.71,0.8602,0.67,0.0,0.0,20.08,1.81,0.0363,0.8965,0.2241
2018,2026-08-22 00:30:00,2026-08-22,00:30,0.5,5,1,229.77,4.91,1.1282,0.54,0.0,0.0,19.11,0.2,0.0038,1.132,0.283
2019,2026-08-22 00:45:00,2026-08-22,00:45,0.75,5,1,230.75,4.86,1.1215,0.51,0.0,0.0,19.26,0.0,0.0,1.1215,0.2804
2020,2026-08-22 01:00:00,2026-08-22,01:00,1.0,5,1,234.64,3.57,0.8377,0.44,0.0,0.0,20.1,0.2,0.004,0.8417,0.2104
2021,2026-08-22 01:15:00,2026-08-22,01:15,1.25,5,1,231.95,3.66,0.8489,0.12,0.0,0.0,18.93,0.0,0.0,0.8489,0.2122
2022,2026-08-22 01:30:00,2026-08-22,01:30,1.5,5,1,234.57,4.15,0.9735,0.5,0.0,0.0,19.51,2.18,0.0425,1.016,0.254
2023,2026-08-22 01:45:00,2026-08-22,01:45,1.75,5,1,233.28,3.47,0.8095,0.72,0.0,0.0,16.94,0.91,0.0154,0.8249,0.2062
2024,2026-08-22 02:00:00,2026-08-22,02:00,2.0,5,1,235.94,4.31,1.0169,0.43,0.0,0.0,18.61,1.59,0.0296,1.0465,0.2616
2025,2026-08-22 02:15:00,2026-08-22,02:15,2.25,5,1,231.97,4.02,0.9325,0.03,0.0,0.0,15.94,0.0,0.0,0.9325,0.2331
2026,2026-08-22 02:30:00,2026-08-22,02:30,2.5,5,1,233.78,5.23,1.2227,0.35,0.0,0.0,18.2,1.27,0.0231,1.2458,0.3115
2027,2026-08-22 02:45:00,2026-08-22,02:45,2.75,5,1,230.88,5.4,1.2468,0.32,0.0,0.0,20.08,2.14,0.043,1.2898,0.3225
2028,2026-08-22 03:00:00,2026-08-22,03:00,3.0,5,1,236.96,5.37,1.2725,0.8,0.0,0.0,17.36,1.73,0.03,1.3025,0.3256
2029,2026-08-22 03:15:00,2026-08-22,03:15,3.25,5,1,229.35,3.35,0.7683,0.15,0.0,0.0,19.48,1.84,0.0358,0.8041,0.201
2030,2026-08-22 03:30:00,2026-08-22,03:30,3.5,5,1,233.49,5.09,1.1885,0.65,0.0,0.0,20.13,3.74,0.0753,1.2638,0.316
2031,2026-08-22 03:45:00,2026-08-22,03:45,3.75,5,1,232.32,5.92,1.3753,0.45,0.0,0.0,19.26,1.75,0.0337,1.409,0.3523
2032,2026-08-22 04:00:00,2026-08-22,04:00,4.0,5,1,233.05,6.43,1.4985,0.08,0.0,0.0,17.74,2.95,0.0523,1.5508,0.3877
2033,2026-08-22 04:15:00,2026-08-22,04:15,4.25,5,1,232.71,3.76,0.875,0.68,0.0,0.0,20.25,0.27,0.0055,0.8805,0.2201
2034,2026-08-22 04:30:00,2026-08-22,04:30,4.5,5,1,231.98,4.4,1.0207,0.26,0.0,0.0,21.26,2.7,0.0574,1.0781,0.2695
2035,2026-08-22 04:45:00,2026-08-22,04:45,4.75,5,1,235.72,4.54,1.0702,0.17,0.0,0.0,19.64,2.92,0.0573,1.1275,0.2819
2036,2026-08-22 05:00:00,2026-08-22,05:00,5.0,5,1,234.52,3.83,0.8982,0.72,0.0,0.0,22.0,1.17,0.0257,0.9239,0.231
2037,2026-08-22 05:15:00,2026-08-22,05:15,5.25,5,1,235.29,3.61,0.8494,0.49,0.0,0.0,22.74,3.38,0.0769,0.9263,0.2316
2038,2026-08-22 05:30:00,2026-08-22,05:30,5.5,5,1,235.13,4.3,1.0111,0.5,0.0,0.0,19.35,2.52,0.0488,1.0599,0.265
2039,2026-08-22 05:45:00,2026-08-22,05:45,5.75,5,1,230.88,3.91,0.9027,0.57,0.0,0.0,25.26,3.53,0.0892,0.9919,0.248
2040,2026-08-22 06:00:00,2026-08-22,06:00,6.0,5,1,234.89,3.8,0.8926,33.01,0.56,0.0185,22.67,4.37,0.0991,1.0102,0.2525
2041,2026-08-22 06:15:00,2026-08-22,06:15,6.25,5,1,234.91,4.15,0.9749,33.09,1.7,0.0563,20.38,0.97,0.0198,1.051,0.2627
2042,2026-08-22 06:30:00,2026-08-22,06:30,6.5,5,1,233.74,4.16,0.9724,32.94,1.12,0.0369,17.63,2.0,0.0353,1.0446,0.2611
2043,2026-08-22 06:45:00,2026-08-22,06:45,6.75,5,1,231.33,4.39,1.0155,34.9,3.53,0.1232,22.31,2.77,0.0618,1.2005,0.3001
2044,2026-08-22 07:00:00,2026-08-22,07:00,7.0,5,1,233.98,4.3,1.0061,35.76,2.98,0.1066,24.62,2.59,0.0638,1.1765,0.2941
2045,2026-08-22 07:15:00,2026-08-22,07:15,7.25,5,1,234.13,3.49,0.8171,35.39,4.06,0.1437,19.67,1.55,0.0305,0.9913,0.2478
2046,2026-08-22 07:30:00,2026-08-22,07:30,7.5,5,1,234.8,3.06,0.7185,34.81,4.2,0.1462,21.1,2.06,0.0435,0.9082,0.2271
2047,2026-08-22 07:45:00,2026-08-22,07:45,7.75,5,1,237.33,3.29,0.7808,37.08,4.17,0.1546,20.44,1.44,0.0294,0.9648,0.2412
2048,2026-08-22 08:00:00,2026-08-22,08:00,8.0,5,1,234.08,2.07,0.4846,37.54,4.76,0.1787,20.22,2.14,0.0433,0.7066,0.1767
2049,2026-08-22 08:15:00,2026-08-22,08:15,8.25,5,1,235.15,3.23,0.7595,38.97,6.64,0.2588,17.3,1.24,0.0215,1.0398,0.26
2050,2026-08-22 08:30:00,2026-08-22,08:30,8.5,5,1,231.99,1.72,0.399,37.76,6.62,0.25,16.16,0.0,0.0,0.649,0.1623
2051,2026-08-22 08:45:00,2026-08-22,08:45,8.75,5,1,235.67,3.33,0.7848,39.47,7.65,0.3019,17.91,2.28,0.0408,1.1275,0.2819
2052,2026-08-22 09:00:00,2026-08-22,09:00,9.0,5,1,233.68,3.18,0.7431,40.91,8.87,0.3629,19.22,1.41,0.0271,1.1331,0.2833
2053,2026-08-22 09:15:00,2026-08-22,09:15,9.25,5,1,234.28,2.55,0.5974,40.83,9.97,0.4071,20.6,0.46,0.0095,1.014,0.2535
2054,2026-08-22 09:30:00,2026-08-22,09:30,9.5,5,1,233.37,1.77,0.4131,41.81,11.0,0.4599,17.66,0.76,0.0134,0.8864,0.2216
2055,2026-08-22 09:45:00,2026-08-22,09:45,9.75,5,1,231.3,2.28,0.5274,42.56,12.81,0.5452,21.51,2.42,0.052,1.1246,0.2812
2056,2026-08-22 10:00:00,2026-08-22,10:00,10.0,5,1,233.97,2.6,0.6083,44.2,12.07,0.5335,19.91,2.06,0.041,1.1828,0.2957
2057,2026-08-22 10:15:00,2026-08-22,10:15,10.25,5,1,233.5,2.48,0.5791,45.73,13.78,0.6302,20.27,3.56,0.0722,1.2815,0.3204
2058,2026-08-22 10:30:00,2026-08-22,10:30,10.5,5,1,234.27,1.71,0.4006,45.14,13.78,0.622,18.76,1.73,0.0324,1.055,0.2637
2059,2026-08-22 10:45:00,2026-08-22,10:45,10.75,5,1,231.01,1.0,0.231,44.45,14.55,0.6468,22.04,3.14,0.0692,0.947,0.2367
2060,2026-08-22 11:00:00,2026-08-22,11:00,11.0,5,1,234.7,2.62,0.6149,45.39,14.57,0.6613,22.2,2.04,0.0453,1.3215,0.3304
2061,2026-08-22 11:15:00,2026-08-22,11:15,11.25,5,1,231.68,1.75,0.4054,43.77,14.05,0.615,26.66,6.06,0.1616,1.182,0.2955
2062,2026-08-22 11:30:00,2026-08-22,11:30,11.5,5,1,232.92,1.66,0.3866,43.44,13.54,0.5882,24.35,4.78,0.1164,1.0912,0.2728
2063,2026-08-22 11:45:00,2026-08-22,11:45,11.75,5,1,232.02,2.07,0.4803,44.9,12.54,0.563,26.86,4.91,0.1319,1.1752,0.2938
2064,2026-08-22 12:00:00,2026-08-22,12:00,12.0,5,1,231.06,2.2,0.5083,43.5,11.61,0.505,27.81,6.41,0.1783,1.1916,0.2979
2065,2026-08-22 12:15:00,2026-08-22,12:15,12.25,5,1,232.22,2.04,0.4737,43.22,10.15,0.4387,26.28,4.83,0.1269,1.0393,0.2598
2066,2026-08-22 12:30:00,2026-08-22,12:30,12.5,5,1,232.38,2.48,0.5763,43.0,10.74,0.4618,28.76,5.22,0.1501,1.1882,0.297
2067,2026-08-22 12:45:00,2026-08-22,12:45,12.75,5,1,231.1,2.17,0.5015,43.2,10.25,0.4428,25.4,5.41,0.1374,1.0817,0.2704
2068,2026-08-22 13:00:00,2026-08-22,13:00,13.0,5,1,232.1,1.62,0.376,43.38,10.51,0.4559,27.99,5.31,0.1486,0.9805,0.2451
2069,2026-08-22 13:15:00,2026-08-22,13:15,13.25,5,1,230.72,2.2,0.5076,41.79,10.48,0.438,25.93,5.57,0.1444,1.09,0.2725
2070,2026-08-22 13:30:00,2026-08-22,13:30,13.5,5,1,231.08,1.92,0.4437,42.11,10.81,0.4552,31.41,7.7,0.2419,1.1408,0.2852
2071,2026-08-22 13:45:00,2026-08-22,13:45,13.75,5,1,231.38,2.39,0.553,43.66,10.98,0.4794,24.65,5.22,0.1287,1.1611,0.2903
2072,2026-08-22 14:00:00,2026-08-22,14:00,14.0,5,1,231.41,2.92,0.6757,41.32,11.19,0.4624,31.5,7.53,0.2372,1.3753,0.3438
2073,2026-08-22 14:15:00,2026-08-22,14:15,14.25,5,1,229.85,2.05,0.4712,43.17,11.34,0.4895,30.26,4.62,0.1398,1.1005,0.2751
2074,2026-08-22 14:30:00,2026-08-22,14:30,14.5,5,1,229.47,1.96,0.4498,43.01,10.25,0.4409,31.33,7.13,0.2234,1.1141,0.2785
2075,2026-08-22 14:45:00,2026-08-22,14:45,14.75,5,1,229.13,3.14,0.7195,43.02,11.76,0.5059,26.18,5.78,0.1513,1.3767,0.3442
2076,2026-08-22 15:00:00,2026-08-22,15:00,15.0,5,1,230.63,2.66,0.6135,42.95,11.26,0.4836,28.49,5.2,0.1482,1.2453,0.3113
2077,2026-08-22 15:15:00,2026-08-22,15:15,15.25,5,1,228.13,3.12,0.7118,41.94,10.42,0.437,27.03,4.49,0.1214,1.2702,0.3175
2078,2026-08-22 15:30:00,2026-08-22,15:30,15.5,5,1,230.62,2.77,0.6388,42.36,10.91,0.4621,22.26,3.11,0.0692,1.1701,0.2925
2079,2026-08-22 15:45:00,2026-08-22,15:45,15.75,5,1,227.69,3.19,0.7263,42.2,9.83,0.4148,27.79,6.77,0.1881,1.3292,0.3323
2080,2026-08-22 16:00:00,2026-08-22,16:00,16.0,5,1,227.91,3.54,0.8068,41.83,9.74,0.4074,23.79,3.46,0.0823,1.2965,0.3241
2081,2026-08-22 16:15:00,2026-08-22,16:15,16.25,5,1,226.59,3.53,0.7999,39.1,7.83,0.3061,20.03,2.08,0.0417,1.1477,0.2869
2082,2026-08-22 16:30:00,2026-08-22,16:30,16.5,5,1,229.61,3.88,0.8909,39.82,7.92,0.3154,21.45,3.39,0.0727,1.279,0.3197
2083,2026-08-22 16:45:00,2026-08-22,16:45,16.75,5,1,229.95,4.31,0.9911,36.04,5.49,0.1979,21.43,1.42,0.0304,1.2194,0.3049
2084,2026-08-22 17:00:00,2026-08-22,17:00,17.0,5,1,227.83,4.53,1.0321,35.9,4.88,0.1752,21.87,2.77,0.0606,1.2679,0.317
2085,2026-08-22 17:15:00,2026-08-22,17:15,17.25,5,1,228.95,4.21,0.9639,34.25,3.84,0.1315,21.34,1.93,0.0412,1.1366,0.2842
2086,2026-08-22 17:30:00,2026-08-22,17:30,17.5,5,1,227.73,4.24,0.9656,34.18,2.31,0.079,22.49,2.23,0.0502,1.0948,0.2737
2087,2026-08-22 17:45:00,2026-08-22,17:45,17.75,5,1,227.1,4.87,1.106,34.73,2.2,0.0764,22.23,3.18,0.0707,1.2531,0.3133
2088,2026-08-22 18:00:00,2026-08-22,18:00,18.0,5,1,225.41,5.73,1.2916,33.51,1.72,0.0576,18.69,1.66,0.031,1.3802,0.3451
2089,2026-08-22 18:15:00,2026-08-22,18:15,18.25,5,1,223.95,3.84,0.86,32.06,0.03,0.001,21.72,3.72,0.0808,0.9418,0.2354
2090,2026-08-22 18:30:00,2026-08-22,18:30,18.5,5,1,225.04,4.71,1.0599,31.3,0.0,0.0,24.69,4.22,0.1042,1.1641,0.291
2091,2026-08-22 18:45:00,2026-08-22,18:45,18.75,5,1,224.55,4.67,1.0487,0.56,0.0,0.0,25.64,4.9,0.1256,1.1743,0.2936
2092,2026-08-22 19:00:00,2026-08-22,19:00,19.0,5,1,229.88,5.5,1.2643,0.68,0.0,0.0,28.68,5.36,0.1537,1.418,0.3545
2093,2026-08-22 19:15:00,2026-08-22,19:15,19.25,5,1,224.33,4.7,1.0543,0.36,0.0,0.0,21.46,3.74,0.0803,1.1346,0.2837
2094,2026-08-22 19:30:00,2026-08-22,19:30,19.5,5,1,227.28,5.48,1.2455,0.56,0.0,0.0,25.82,6.62,0.1709,1.4164,0.3541
2095,2026-08-22 19:45:00,2026-08-22,19:45,19.75,5,1,229.67,4.71,1.0817,0.78,0.0,0.0,27.55,6.46,0.178,1.2597,0.3149
2096,2026-08-22 20:00:00,2026-08-22,20:00,20.0,5,1,223.68,4.39,0.982,0.0,0.0,0.0,29.77,6.46,0.1923,1.1743,0.2936
2097,2026-08-22 20:15:00,2026-08-22,20:15,20.25,5,1,224.91,4.25,0.9559,0.24,0.0,0.0,36.03,9.89,0.3563,1.3122,0.3281
2098,2026-08-22 20:30:00,2026-08-22,20:30,20.5,5,1,227.31,4.01,0.9115,0.28,0.0,0.0,28.26,5.6,0.1583,1.0698,0.2675
2099,2026-08-22 20:45:00,2026-08-22,20:45,20.75,5,1,225.79,3.91,0.8828,0.63,0.0,0.0,35.14,8.75,0.3075,1.1903,0.2976
2100,2026-08-22 21:00:00,2026-08-22,21:00,21.0,5,1,222.81,3.6,0.8021,0.08,0.0,0.0,42.58,12.41,0.5284,1.3305,0.3326
2101,2026-08-22 21:15:00,2026-08-22,21:15,21.25,5,1,225.67,4.76,1.0742,0.12,0.0,0.0,35.79,10.3,0.3686,1.4428,0.3607
2102,2026-08-22 21:30:00,2026-08-22,21:30,21.5,5,1,224.38,5.36,1.2027,0.11,0.0,0.0,37.27,9.75,0.3634,1.5661,0.3915
2103,2026-08-22 21:45:00,2026-08-22,21:45,21.75,5,1,225.88,4.76,1.0752,0.48,0.0,0.0,37.29,9.88,0.3684,1.4436,0.3609
2104,2026-08-22 22:00:00,2026-08-22,22:00,22.0,5,1,224.4,4.12,0.9245,0.47,0.0,0.0,40.95,12.34,0.5053,1.4298,0.3574
2105,2026-08-22 22:15:00,2026-08-22,22:15,22.25,5,1,227.33,3.16,0.7184,0.32,0.0,0.0,37.47,10.06,0.377,1.0954,0.2738
2106,2026-08-22 22:30:00,2026-08-22,22:30,22.5,5,1,224.11,3.31,0.7418,0.4,0.0,0.0,37.53,9.43,0.3539,1.0957,0.2739
2107,2026-08-22 22:45:00,2026-08-22,22:45,22.75,5,1,229.42,4.2,0.9636,0.63,0.0,0.0,29.1,6.55,0.1906,1.1542,0.2885
2108,2026-08-22 23:00:00,2026-08-22,23:00,23.0,5,1,224.98,4.51,1.0147,0.6,0.0,0.0,35.97,9.66,0.3475,1.3622,0.3406
2109,2026-08-22 23:15:00,2026-08-22,23:15,23.25,5,1,224.53,2.05,0.4603,0.34,0.0,0.0,35.75,9.04,0.3232,0.7835,0.1959
2110,2026-08-22 23:30:00,2026-08-22,23:30,23.5,5,1,222.12,3.5,0.7774,0.2,0.0,0.0,29.86,8.03,0.2398,1.0172,0.2543
2111,2026-08-22 23:45:00,2026-08-22,23:45,23.75,5,1,226.81,2.69,0.6101,0.29,0.0,0.0,27.57,4.66,0.1285,0.7386,0.1847
2112,2026-08-23 00:00:00,2026-08-23,00:00,0.0,6,1,226.29,1.77,0.4005,0.5,0.0,0.0,24.56,3.52,0.0864,0.4869,0.1217
2113,2026-08-23 00:15:00,2026-08-23,00:15,0.25,6,1,229.66,2.93,0.6729,0.71,0.0,0.0,27.33,5.06,0.1383,0.8112,0.2028
2114,2026-08-23 00:30:00,2026-08-23,00:30,0.5,6,1,226.72,3.64,0.8253,0.48,0.0,0.0,23.62,2.42,0.0572,0.8825,0.2206
2115,2026-08-23 00:45:00,2026-08-23,00:45,0.75,6,1,226.64,4.08,0.9247,0.48,0.0,0.0,18.45,2.11,0.0389,0.9636,0.2409
2116,2026-08-23 01:00:00,2026-08-23,01:00,1.0,6,1,229.81,3.84,0.8825,0.4,0.0,0.0,23.42,2.53,0.0592,0.9417,0.2354
2117,2026-08-23 01:15:00,2026-08-23,01:15,1.25,6,1,224.15,3.92,0.8787,0.64,0.0,0.0,17.61,2.02,0.0356,0.9143,0.2286
2118,2026-08-23 01:30:00,2026-08-23,01:30,1.5,6,1,225.58,4.65,1.049,0.59,0.0,0.0,18.2,0.37,0.0067,1.0557,0.2639
2119,2026-08-23 01:45:00,2026-08-23,01:45,1.75,6,1,225.8,4.86,1.0974,0.21,0.0,0.0,23.89,2.32,0.0554,1.1528,0.2882
2120,2026-08-23 02:00:00,2026-08-23,02:00,2.0,6,1,230.33,3.89,0.896,0.51,0.0,0.0,20.07,2.76,0.0554,0.9514,0.2379
2121,2026-08-23 02:15:00,2026-08-23,02:15,2.25,6,1,229.54,4.04,0.9273,0.31,0.0,0.0,17.15,0.66,0.0113,0.9386,0.2346
2122,2026-08-23 02:30:00,2026-08-23,02:30,2.5,6,1,228.32,5.27,1.2032,0.45,0.0,0.0,20.2,2.41,0.0487,1.2519,0.313
2123,2026-08-23 02:45:00,2026-08-23,02:45,2.75,6,1,226.5,4.08,0.9241,0.26,0.0,0.0,20.02,1.16,0.0232,0.9473,0.2368
2124,2026-08-23 03:00:00,2026-08-23,03:00,3.0,6,1,227.13,3.04,0.6905,0.77,0.0,0.0,21.98,3.04,0.0668,0.7573,0.1893
2125,2026-08-23 03:15:00,2026-08-23,03:15,3.25,6,1,229.15,3.11,0.7127,0.62,0.0,0.0,21.36,4.3,0.0919,0.8046,0.2011
2126,2026-08-23 03:30:00,2026-08-23,03:30,3.5,6,1,226.77,5.2,1.1792,0.6,0.0,0.0,23.29,2.76,0.0643,1.2435,0.3109
2127,2026-08-23 03:45:00,2026-08-23,03:45,3.75,6,1,228.5,3.97,0.9072,0.78,0.0,0.0,26.08,4.86,0.1268,1.034,0.2585
2128,2026-08-23 04:00:00,2026-08-23,04:00,4.0,6,1,229.65,5.48,1.2585,0.23,0.0,0.0,22.3,2.15,0.0479,1.3064,0.3266
2129,2026-08-23 04:15:00,2026-08-23,04:15,4.25,6,1,228.25,3.98,0.9084,0.18,0.0,0.0,22.06,4.82,0.1063,1.0147,0.2537
2130,2026-08-23 04:30:00,2026-08-23,04:30,4.5,6,1,232.76,5.09,1.1847,0.74,0.0,0.0,24.77,4.81,0.1191,1.3038,0.326
2131,2026-08-23 04:45:00,2026-08-23,04:45,4.75,6,1,229.37,4.88,1.1193,0.8,0.0,0.0,27.5,5.97,0.1642,1.2835,0.3209
2132,2026-08-23 05:00:00,2026-08-23,05:00,5.0,6,1,229.08,3.98,0.9117,0.32,0.0,0.0,28.99,5.23,0.1516,1.0633,0.2658
2133,2026-08-23 05:15:00,2026-08-23,05:15,5.25,6,1,230.68,4.94,1.1396,0.12,0.0,0.0,31.24,7.58,0.2368,1.3764,0.3441
2134,2026-08-23 05:30:00,2026-08-23,05:30,5.5,6,1,229.62,3.61,0.8289,0.26,0.0,0.0,32.59,8.3,0.2705,1.0994,0.2748
2135,2026-08-23 05:45:00,2026-08-23,05:45,5.75,6,1,227.57,4.11,0.9353,0.42,0.0,0.0,30.71,7.68,0.2359,1.1712,0.2928
2136,2026-08-23 06:00:00,2026-08-23,06:00,6.0,6,1,229.65,3.77,0.8658,31.67,0.0,0.0,31.8,9.08,0.2887,1.1545,0.2886
2137,2026-08-23 06:15:00,2026-08-23,06:15,6.25,6,1,228.8,3.88,0.8877,32.76,0.5,0.0164,34.16,10.04,0.343,1.2471,0.3118
2138,2026-08-23 06:30:00,2026-08-23,06:30,6.5,6,1,231.82,3.77,0.874,33.02,1.98,0.0654,37.04,9.77,0.3619,1.3013,0.3253
2139,2026-08-23 06:45:00,2026-08-23,06:45,6.75,6,1,231.36,3.56,0.8236,35.2,3.47,0.1221,26.84,4.24,0.1138,1.0595,0.2649
2140,2026-08-23 07:00:00,2026-08-23,07:00,7.0,6,1,235.13,3.37,0.7924,36.15,3.7,0.1338,30.66,8.73,0.2677,1.1939,0.2985
2141,2026-08-23 07:15:00,2026-08-23,07:15,7.25,6,1,232.66,4.92,1.1447,36.52,4.83,0.1764,32.63,7.75,0.2529,1.574,0.3935
2142,2026-08-23 07:30:00,2026-08-23,07:30,7.5,6,1,231.28,2.86,0.6615,37.68,5.67,0.2137,36.07,8.89,0.3207,1.1959,0.299
2143,2026-08-23 07:45:00,2026-08-23,07:45,7.75,6,1,232.68,4.7,1.0936,39.13,6.95,0.2719,31.8,6.87,0.2185,1.584,0.396
2144,2026-08-23 08:00:00,2026-08-23,08:00,8.0,6,1,232.4,3.3,0.7669,38.73,7.55,0.2924,29.83,6.39,0.1906,1.2499,0.3125
2145,2026-08-23 08:15:00,2026-08-23,08:15,8.25,6,1,231.56,2.86,0.6623,39.57,8.3,0.3284,30.98,7.32,0.2268,1.2175,0.3044
2146,2026-08-23 08:30:00,2026-08-23,08:30,8.5,6,1,235.08,2.56,0.6018,39.51,8.63,0.341,31.18,6.27,0.1955,1.1383,0.2846
2147,2026-08-23 08:45:00,2026-08-23,08:45,8.75,6,1,231.67,3.71,0.8595,39.21,8.05,0.3156,27.78,6.15,0.1709,1.346,0.3365
2148,2026-08-23 09:00:00,2026-08-23,09:00,9.0,6,1,232.41,2.57,0.5973,40.92,9.05,0.3703,24.4,4.48,0.1093,1.0769,0.2692
2149,2026-08-23 09:15:00,2026-08-23,09:15,9.25,6,1,235.1,2.91,0.6841,40.23,8.71,0.3504,26.82,6.0,0.1609,1.1954,0.2989
2150,2026-08-23 09:30:00,2026-08-23,09:30,9.5,6,1,235.16,2.14,0.5032,40.21,8.38,0.337,17.52,0.92,0.0161,0.8563,0.2141
2151,2026-08-23 09:45:00,2026-08-23,09:45,9.75,6,1,231.76,1.36,0.3152,39.58,9.07,0.359,31.73,6.14,0.1948,0.869,0.2172
2152,2026-08-23 10:00:00,2026-08-23,10:00,10.0,6,1,234.37,1.6,0.375,40.1,8.75,0.3509,26.32,4.46,0.1174,0.8433,0.2108
2153,2026-08-23 10:15:00,2026-08-23,10:15,10.25,6,1,232.82,2.3,0.5355,41.44,10.0,0.4144,18.03,0.35,0.0063,0.9562,0.2391
2154,2026-08-23 10:30:00,2026-08-23,10:30,10.5,6,1,233.01,1.73,0.4031,41.49,9.59,0.3979,14.99,0.66,0.0099,0.8109,0.2027
2155,2026-08-23 10:45:00,2026-08-23,10:45,10.75,6,1,232.44,1.35,0.3138,43.26,10.27,0.4443,28.25,3.91,0.1105,0.8686,0.2172
2156,2026-08-23 11:00:00,2026-08-23,11:00,11.0,6,1,233.5,1.49,0.3479,40.65,10.79,0.4386,26.65,4.6,0.1226,0.9091,0.2273
2157,2026-08-23 11:15:00,2026-08-23,11:15,11.25,6,1,234.02,1.72,0.4025,45.14,13.44,0.6067,17.54,0.69,0.0121,1.0213,0.2553
2158,2026-08-23 11:30:00,2026-08-23,11:30,11.5,6,1,235.92,1.68,0.3964,44.74,12.31,0.5507,19.56,2.06,0.0403,0.9874,0.2469
2159,2026-08-23 11:45:00,2026-08-23,11:45,11.75,6,1,232.91,1.0,0.2329,44.69,14.57,0.6511,24.84,3.46,0.0859,0.9699,0.2425
2160,2026-08-23 12:00:00,2026-08-23,12:00,12.0,6,1,228.39,1.34,0.306,45.21,14.75,0.6669,36.46,11.33,0.4131,1.386,0.3465
2161,2026-08-23 12:15:00,2026-08-23,12:15,12.25,6,1,234.8,1.29,0.3029,46.57,15.87,0.7391,31.16,7.97,0.2483,1.2903,0.3226
2162,2026-08-23 12:30:00,2026-08-23,12:30,12.5,6,1,231.27,2.34,0.5412,47.69,15.17,0.7235,24.94,4.45,0.111,1.3757,0.3439
2163,2026-08-23 12:45:00,2026-08-23,12:45,12.75,6,1,234.04,1.94,0.454,46.22,15.55,0.7187,29.74,6.76,0.201,1.3737,0.3434
2164,2026-08-23 13:00:00,2026-08-23,13:00,13.0,6,1,233.47,2.39,0.558,46.14,14.38,0.6635,30.42,7.84,0.2385,1.46,0.365
2165,2026-08-23 13:15:00,2026-08-23,13:15,13.25,6,1,234.56,1.73,0.4058,45.65,14.77,0.6743,29.92,6.59,0.1972,1.2773,0.3193
2166,2026-08-23 13:30:00,2026-08-23,13:30,13.5,6,1,234.75,1.58,0.3709,44.82,13.9,0.623,28.07,5.97,0.1676,1.1615,0.2904
2167,2026-08-23 13:45:00,2026-08-23,13:45,13.75,6,1,231.89,2.56,0.5936,42.76,12.31,0.5264,37.27,10.01,0.3731,1.4931,0.3733
2168,2026-08-23 14:00:00,2026-08-23,14:00,14.0,6,1,234.34,2.33,0.546,42.8,11.4,0.4879,45.02,15.32,0.6897,1.7236,0.4309
2169,2026-08-23 14:15:00,2026-08-23,14:15,14.25,6,1,233.1,2.31,0.5385,41.01,10.16,0.4167,43.47,15.01,0.6525,1.6077,0.4019
2170,2026-08-23 14:30:00,2026-08-23,14:30,14.5,6,1,231.74,1.77,0.4102,40.96,9.65,0.3953,42.09,12.36,0.5202,1.3257,0.3314
2171,2026-08-23 14:45:00,2026-08-23,14:45,14.75,6,1,233.71,2.42,0.5656,39.77,8.47,0.3369,40.55,14.17,0.5746,1.4771,0.3693
2172,2026-08-23 15:00:00,2026-08-23,15:00,15.0,6,1,233.29,2.24,0.5226,40.48,9.01,0.3647,44.24,14.28,0.6318,1.5191,0.3798
2173,2026-08-23 15:15:00,2026-08-23,15:15,15.25,6,1,230.77,2.56,0.5908,38.67,8.37,0.3237,39.3,11.32,0.4449,1.3594,0.3398
2174,2026-08-23 15:30:00,2026-08-23,15:30,15.5,6,1,232.25,2.66,0.6178,40.06,6.97,0.2792,39.23,11.73,0.4602,1.3572,0.3393
2175,2026-08-23 15:45:00,2026-08-23,15:45,15.75,6,1,233.65,2.68,0.6262,37.96,7.2,0.2733,35.21,9.39,0.3306,1.2301,0.3075
2176,2026-08-23 16:00:00,2026-08-23,16:00,16.0,6,1,233.52,4.04,0.9434,39.67,6.42,0.2547,44.79,15.45,0.692,1.8901,0.4725
2177,2026-08-23 16:15:00,2026-08-23,16:15,16.25,6,1,232.28,2.91,0.6759,37.61,6.48,0.2437,40.98,11.36,0.4655,1.3851,0.3463
2178,2026-08-23 16:30:00,2026-08-23,16:30,16.5,6,1,231.7,3.03,0.702,37.79,6.06,0.229,33.55,9.86,0.3308,1.2618,0.3155
2179,2026-08-23 16:45:00,2026-08-23,16:45,16.75,6,1,232.47,3.5,0.8136,37.92,5.46,0.207,37.35,12.06,0.4504,1.471,0.3678
2180,2026-08-23 17:00:00,2026-08-23,17:00,17.0,6,1,233.89,3.51,0.821,36.48,4.94,0.1802,38.02,11.21,0.4262,1.4274,0.3569
2181,2026-08-23 17:15:00,2026-08-23,17:15,17.25,6,1,232.14,4.06,0.9425,36.1,3.78,0.1365,31.02,7.09,0.2199,1.2989,0.3247
2182,2026-08-23 17:30:00,2026-08-23,17:30,17.5,6,1,234.26,4.83,1.1315,35.5,3.85,0.1367,22.15,3.89,0.0862,1.3544,0.3386
2183,2026-08-23 17:45:00,2026-08-23,17:45,17.75,6,1,232.12,3.78,0.8774,36.54,3.75,0.137,32.78,6.27,0.2055,1.2199,0.305
2184,2026-08-23 18:00:00,2026-08-23,18:00,18.0,6,1,231.33,4.06,0.9392,33.62,1.66,0.0558,18.43,1.3,0.024,1.019,0.2547
2185,2026-08-23 18:15:00,2026-08-23,18:15,18.25,6,1,235.48,3.92,0.9231,32.2,0.0,0.0,26.57,4.32,0.1148,1.0379,0.2595
2186,2026-08-23 18:30:00,2026-08-23,18:30,18.5,6,1,236.3,4.37,1.0326,32.12,0.0,0.0,24.19,5.63,0.1362,1.1688,0.2922
2187,2026-08-23 18:45:00,2026-08-23,18:45,18.75,6,1,233.58,5.56,1.2987,0.75,0.0,0.0,19.06,2.33,0.0444,1.3431,0.3358
2188,2026-08-23 19:00:00,2026-08-23,19:00,19.0,6,1,230.88,4.87,1.1244,0.7,0.0,0.0,17.92,0.65,0.0117,1.1361,0.284
2189,2026-08-23 19:15:00,2026-08-23,19:15,19.25,6,1,230.92,5.22,1.2054,0.32,0.0,0.0,25.06,2.37,0.0594,1.2648,0.3162
2190,2026-08-23 19:30:00,2026-08-23,19:30,19.5,6,1,229.48,4.6,1.0556,0.01,0.0,0.0,25.95,4.69,0.1217,1.1773,0.2943
2191,2026-08-23 19:45:00,2026-08-23,19:45,19.75,6,1,231.13,5.52,1.2758,0.22,0.0,0.0,20.96,2.8,0.0587,1.3345,0.3336
2192,2026-08-23 20:00:00,2026-08-23,20:00,20.0,6,1,229.23,5.69,1.3043,0.63,0.0,0.0,27.17,5.76,0.1565,1.4608,0.3652
2193,2026-08-23 20:15:00,2026-08-23,20:15,20.25,6,1,234.15,3.92,0.9179,0.67,0.0,0.0,25.47,4.99,0.1271,1.045,0.2612
2194,2026-08-23 20:30:00,2026-08-23,20:30,20.5,6,1,231.97,4.58,1.0624,0.7,0.0,0.0,21.25,2.45,0.0521,1.1145,0.2786
2195,2026-08-23 20:45:00,2026-08-23,20:45,20.75,6,1,234.24,3.44,0.8058,0.33,0.0,0.0,20.34,4.26,0.0867,0.8925,0.2231
2196,2026-08-23 21:00:00,2026-08-23,21:00,21.0,6,1,232.2,3.93,0.9125,0.43,0.0,0.0,25.96,5.46,0.1417,1.0542,0.2636
2197,2026-08-23 21:15:00,2026-08-23,21:15,21.25,6,1,231.27,4.71,1.0893,0.06,0.0,0.0,28.28,5.96,0.1686,1.2579,0.3145
2198,2026-08-23 21:30:00,2026-08-23,21:30,21.5,6,1,231.29,2.81,0.6499,0.64,0.0,0.0,30.77,5.95,0.1831,0.833,0.2082
2199,2026-08-23 21:45:00,2026-08-23,21:45,21.75,6,1,229.62,4.29,0.9851,0.05,0.0,0.0,31.07,8.29,0.2576,1.2427,0.3107
2200,2026-08-23 22:00:00,2026-08-23,22:00,22.0,6,1,230.15,3.1,0.7135,0.15,0.0,0.0,39.83,11.22,0.4469,1.1604,0.2901
2201,2026-08-23 22:15:00,2026-08-23,22:15,22.25,6,1,229.39,3.37,0.773,0.59,0.0,0.0,35.36,10.44,0.3692,1.1422,0.2856
2202,2026-08-23 22:30:00,2026-08-23,22:30,22.5,6,1,230.25,4.36,1.0039,0.03,0.0,0.0,40.4,12.29,0.4965,1.5004,0.3751
2203,2026-08-23 22:45:00,2026-08-23,22:45,22.75,6,1,228.58,4.22,0.9646,0.61,0.0,0.0,46.57,15.19,0.7074,1.672,0.418
2204,2026-08-23 23:00:00,2026-08-23,23:00,23.0,6,1,229.91,4.29,0.9863,0.32,0.0,0.0,45.72,14.58,0.6666,1.6529,0.4132
2205,2026-08-23 23:15:00,2026-08-23,23:15,23.25,6,1,229.94,3.77,0.8669,0.46,0.0,0.0,41.53,11.68,0.4851,1.352,0.338
2206,2026-08-23 23:30:00,2026-08-23,23:30,23.5,6,1,227.22,3.71,0.843,0.7,0.0,0.0,46.08,14.52,0.6691,1.5121,0.378
2207,2026-08-23 23:45:00,2026-08-23,23:45,23.75,6,1,228.14,1.87,0.4266,0.57,0.0,0.0,42.39,13.08,0.5545,0.9811,0.2453
2208,2026-08-24 00:00:00,2026-08-24,00:00,0.0,0,0,228.06,3.89,0.8871,0.62,0.0,0.0,41.46,13.5,0.5597,1.4468,0.3617
2209,2026-08-24 00:15:00,2026-08-24,00:15,0.25,0,0,228.36,2.62,0.5983,0.65,0.0,0.0,41.73,13.1,0.5467,1.145,0.2863
2210,2026-08-24 00:30:00,2026-08-24,00:30,0.5,0,0,229.82,4.12,0.9469,0.53,0.0,0.0,42.27,12.46,0.5267,1.4736,0.3684
2211,2026-08-24 00:45:00,2026-08-24,00:45,0.75,0,0,227.61,3.96,0.9013,0.68,0.0,0.0,41.74,12.69,0.5297,1.431,0.3578
2212,2026-08-24 01:00:00,2026-08-24,01:00,1.0,0,0,226.32,4.06,0.9189,0.53,0.0,0.0,37.5,9.21,0.3454,1.2643,0.3161
2213,2026-08-24 01:15:00,2026-08-24,01:15,1.25,0,0,223.67,4.97,1.1116,0.16,0.0,0.0,39.32,11.6,0.4561,1.5677,0.3919
2214,2026-08-24 01:30:00,2026-08-24,01:30,1.5,0,0,227.9,4.81,1.0962,0.3,0.0,0.0,34.89,9.33,0.3255,1.4217,0.3554
2215,2026-08-24 01:45:00,2026-08-24,01:45,1.75,0,0,223.52,4.58,1.0237,0.66,0.0,0.0,31.8,8.5,0.2703,1.294,0.3235
2216,2026-08-24 02:00:00,2026-08-24,02:00,2.0,0,0,225.84,3.35,0.7566,0.09,0.0,0.0,32.73,7.79,0.255,1.0116,0.2529
2217,2026-08-24 02:15:00,2026-08-24,02:15,2.25,0,0,225.3,5.56,1.2527,0.03,0.0,0.0,38.32,11.78,0.4514,1.7041,0.426
2218,2026-08-24 02:30:00,2026-08-24,02:30,2.5,0,0,226.55,4.15,0.9402,0.5,0.0,0.0,26.85,5.07,0.1361,1.0763,0.2691
2219,2026-08-24 02:45:00,2026-08-24,02:45,2.75,0,0,226.14,3.93,0.8887,0.04,0.0,0.0,25.6,5.79,0.1482,1.0369,0.2592
2220,2026-08-24 03:00:00,2026-08-24,03:00,3.0,0,0,226.25,3.99,0.9027,0.73,0.0,0.0,30.06,6.93,0.2083,1.111,0.2777
2221,2026-08-24 03:15:00,2026-08-24,03:15,3.25,0,0,228.94,3.86,0.8837,0.55,0.0,0.0,23.16,3.65,0.0845,0.9682,0.242
2222,2026-08-24 03:30:00,2026-08-24,03:30,3.5,0,0,226.29,5.93,1.3419,0.35,0.0,0.0,21.41,5.02,0.1075,1.4494,0.3624
2223,2026-08-24 03:45:00,2026-08-24,03:45,3.75,0,0,225.0,4.93,1.1093,0.27,0.0,0.0,23.72,2.59,0.0614,1.1707,0.2927
2224,2026-08-24 04:00:00,2026-08-24,04:00,4.0,0,0,225.69,4.61,1.0404,0.3,0.0,0.0,20.55,2.42,0.0497,1.0901,0.2725
2225,2026-08-24 04:15:00,2026-08-24,04:15,4.25,0,0,228.28,5.03,1.1482,0.35,0.0,0.0,23.12,3.26,0.0754,1.2236,0.3059
2226,2026-08-24 04:30:00,2026-08-24,04:30,4.5,0,0,229.17,4.28,0.9808,0.01,0.0,0.0,26.02,6.07,0.1579,1.1387,0.2847
2227,2026-08-24 04:45:00,2026-08-24,04:45,4.75,0,0,227.65,5.01,1.1405,0.55,0.0,0.0,25.88,4.66,0.1206,1.2611,0.3153
2228,2026-08-24 05:00:00,2026-08-24,05:00,5.0,0,0,223.57,4.79,1.0709,0.23,0.0,0.0,25.91,4.28,0.1109,1.1818,0.2954
2229,2026-08-24 05:15:00,2026-08-24,05:15,5.25,0,0,223.42,3.61,0.8065,0.7,0.0,0.0,28.68,6.1,0.1749,0.9814,0.2454
2230,2026-08-24 05:30:00,2026-08-24,05:30,5.5,0,0,224.82,4.76,1.0701,0.73,0.0,0.0,30.38,7.32,0.2224,1.2925,0.3231
2231,2026-08-24 05:45:00,2026-08-24,05:45,5.75,0,0,224.62,5.45,1.2242,0.61,0.0,0.0,36.27,10.24,0.3714,1.5956,0.3989
2232,2026-08-24 06:00:00,2026-08-24,06:00,6.0,0,0,227.75,4.12,0.9383,32.58,0.0,0.0,32.55,6.72,0.2187,1.157,0.2893
2233,2026-08-24 06:15:00,2026-08-24,06:15,6.25,0,0,227.68,5.34,1.2158,33.23,1.23,0.0409,23.05,4.89,0.1127,1.3694,0.3423
2234,2026-08-24 06:30:00,2026-08-24,06:30,6.5,0,0,227.79,4.32,0.984,33.1,1.52,0.0503,39.32,11.99,0.4714,1.5057,0.3764
2235,2026-08-24 06:45:00,2026-08-24,06:45,6.75,0,0,227.31,3.37,0.766,33.44,2.77,0.0926,35.64,9.9,0.3528,1.2114,0.3029
2236,2026-08-24 07:00:00,2026-08-24,07:00,7.0,0,0,224.37,4.45,0.9985,34.32,2.53,0.0868,37.3,11.48,0.4282,1.5135,0.3784
2237,2026-08-24 07:15:00,2026-08-24,07:15,7.25,0,0,226.19,3.36,0.76,34.74,2.98,0.1035,37.44,11.27,0.4219,1.2854,0.3214
2238,2026-08-24 07:30:00,2026-08-24,07:30,7.5,0,0,225.28,3.07,0.6916,36.07,3.85,0.1389,44.06,14.56,0.6415,1.472,0.368
2239,2026-08-24 07:45:00,2026-08-24,07:45,7.75,0,0,224.98,2.71,0.6097,35.39,4.71,0.1667,39.38,11.91,0.469,1.2454,0.3114
2240,2026-08-24 08:00:00,2026-08-24,08:00,8.0,0,0,227.56,12.29,2.7967,36.92,5.91,0.2182,37.62,11.51,0.433,3.4479,0.862
2241,2026-08-24 08:15:00,2026-08-24,08:15,8.25,0,0,224.38,12.23,2.7442,39.44,6.48,0.2556,43.48,13.7,0.5957,3.5955,0.8989
2242,2026-08-24 08:30:00,2026-08-24,08:30,8.5,0,0,225.93,11.84,2.675,40.55,7.95,0.3224,40.11,10.58,0.4244,3.4218,0.8555
2243,2026-08-24 08:45:00,2026-08-24,08:45,8.75,0,0,225.28,13.12,2.9557,40.52,8.82,0.3574,44.34,14.34,0.6358,3.9489,0.9872
2244,2026-08-24 09:00:00,2026-08-24,09:00,9.0,0,0,222.56,12.19,2.713,41.42,10.58,0.4382,45.41,13.13,0.5962,3.7474,0.9368
2245,2026-08-24 09:15:00,2026-08-24,09:15,9.25,0,0,226.68,12.1,2.7428,41.35,10.92,0.4515,45.43,14.43,0.6555,3.8498,0.9625
2246,2026-08-24 09:30:00,2026-08-24,09:30,9.5,0,0,225.48,13.45,3.0327,42.53,11.28,0.4797,42.89,14.88,0.6382,4.1506,1.0376
2247,2026-08-24 09:45:00,2026-08-24,09:45,9.75,0,0,225.03,11.58,2.6058,43.7,11.26,0.4921,34.52,8.67,0.2993,3.3972,0.8493
2248,2026-08-24 10:00:00,2026-08-24,10:00,10.0,0,0,227.92,14.0,3.1909,45.09,12.5,0.5636,41.01,11.66,0.4782,4.2327,1.0582
2249,2026-08-24 10:15:00,2026-08-24,10:15,10.25,0,0,225.19,12.96,2.9185,43.36,12.8,0.555,37.9,11.61,0.44,3.9135,0.9784
2250,2026-08-24 10:30:00,2026-08-24,10:30,10.5,0,0,222.05,13.8,3.0643,42.84,13.24,0.5672,33.68,8.45,0.2846,3.9161,0.979
2251,2026-08-24 10:45:00,2026-08-24,10:45,10.75,0,0,222.18,14.28,3.1727,44.55,12.77,0.5689,42.25,12.49,0.5277,4.2693,1.0673
2252,2026-08-24 11:00:00,2026-08-24,11:00,11.0,0,0,223.69,14.26,3.1898,41.59,12.27,0.5103,34.91,7.94,0.2772,3.9773,0.9943
2253,2026-08-24 11:15:00,2026-08-24,11:15,11.25,0,0,225.7,13.6,3.0695,42.92,10.72,0.4601,37.75,9.82,0.3707,3.9003,0.9751
2254,2026-08-24 11:30:00,2026-08-24,11:30,11.5,0,0,225.42,14.47,3.2618,42.15,11.21,0.4725,28.18,5.3,0.1493,3.8836,0.9709
2255,2026-08-24 11:45:00,2026-08-24,11:45,11.75,0,0,229.44,14.52,3.3315,42.44,11.11,0.4715,31.14,7.73,0.2407,4.0437,1.0109
2256,2026-08-24 12:00:00,2026-08-24,12:00,12.0,0,0,225.66,14.14,3.1908,41.34,11.02,0.4556,30.72,7.37,0.2264,3.8728,0.9682
2257,2026-08-24 12:15:00,2026-08-24,12:15,12.25,0,0,222.92,15.32,3.4151,42.85,10.16,0.4354,34.12,10.03,0.3422,4.1927,1.0482
2258,2026-08-24 12:30:00,2026-08-24,12:30,12.5,0,0,227.17,14.19,3.2235,41.96,10.35,0.4343,17.9,0.37,0.0066,3.6644,0.9161
2259,2026-08-24 12:45:00,2026-08-24,12:45,12.75,0,0,225.6,16.0,3.6096,43.12,10.79,0.4653,20.27,3.59,0.0728,4.1477,1.0369
2260,2026-08-24 13:00:00,2026-08-24,13:00,13.0,0,0,224.15,14.96,3.3533,43.3,12.06,0.5222,20.72,3.07,0.0636,3.9391,0.9848
2261,2026-08-24 13:15:00,2026-08-24,13:15,13.25,0,0,228.68,14.8,3.3845,42.68,11.95,0.51,17.24,1.45,0.025,3.9195,0.9799
2262,2026-08-24 13:30:00,2026-08-24,13:30,13.5,0,0,228.09,14.9,3.3985,45.08,13.28,0.5987,25.06,4.21,0.1055,4.1027,1.0257
2263,2026-08-24 13:45:00,2026-08-24,13:45,13.75,0,0,229.2,15.16,3.4747,45.4,12.0,0.5448,25.17,3.48,0.0876,4.1071,1.0268
2264,2026-08-24 14:00:00,2026-08-24,14:00,14.0,0,0,228.74,14.88,3.4037,44.31,12.29,0.5446,29.45,5.57,0.164,4.1123,1.0281
2265,2026-08-24 14:15:00,2026-08-24,14:15,14.25,0,0,225.68,15.9,3.5883,43.7,13.77,0.6018,21.69,3.56,0.0772,4.2673,1.0668
2266,2026-08-24 14:30:00,2026-08-24,14:30,14.5,0,0,225.74,14.92,3.368,45.05,11.59,0.5221,32.56,9.09,0.296,4.1861,1.0465
2267,2026-08-24 14:45:00,2026-08-24,14:45,14.75,0,0,226.01,13.81,3.1212,43.29,12.01,0.5199,28.78,5.38,0.1548,3.7959,0.949
2268,2026-08-24 15:00:00,2026-08-24,15:00,15.0,0,0,227.52,14.85,3.3787,42.97,11.8,0.5071,30.8,7.94,0.2446,4.1304,1.0326
2269,2026-08-24 15:15:00,2026-08-24,15:15,15.25,0,0,228.09,14.41,3.2868,41.15,11.45,0.4712,28.14,6.75,0.1899,3.9479,0.987
2270,2026-08-24 15:30:00,2026-08-24,15:30,15.5,0,0,227.5,14.87,3.3829,42.12,10.24,0.4313,36.5,8.85,0.323,4.1372,1.0343
2271,2026-08-24 15:45:00,2026-08-24,15:45,15.75,0,0,230.22,14.02,3.2277,42.0,9.4,0.3948,36.81,10.96,0.4034,4.0259,1.0065
2272,2026-08-24 16:00:00,2026-08-24,16:00,16.0,0,0,224.36,14.03,3.1478,40.77,8.18,0.3335,36.0,9.09,0.3272,3.8085,0.9521
2273,2026-08-24 16:15:00,2026-08-24,16:15,16.25,0,0,227.99,14.21,3.2397,38.81,7.08,0.2748,44.57,14.81,0.6601,4.1746,1.0436
2274,2026-08-24 16:30:00,2026-08-24,16:30,16.5,0,0,227.24,13.51,3.07,36.86,5.97,0.2201,47.33,14.14,0.6693,3.9594,0.9899
2275,2026-08-24 16:45:00,2026-08-24,16:45,16.75,0,0,228.71,12.8,2.9275,35.67,4.49,0.1602,45.38,14.58,0.6616,3.7493,0.9373
2276,2026-08-24 17:00:00,2026-08-24,17:00,17.0,0,0,230.15,12.8,2.9459,36.78,4.42,0.1626,41.65,12.48,0.5198,3.6283,0.9071
2277,2026-08-24 17:15:00,2026-08-24,17:15,17.25,0,0,226.91,13.64,3.0951,35.81,2.84,0.1017,37.7,11.33,0.4271,3.6239,0.906
2278,2026-08-24 17:30:00,2026-08-24,17:30,17.5,0,0,226.89,13.74,3.1175,35.38,2.86,0.1012,46.07,15.08,0.6947,3.9134,0.9784
2279,2026-08-24 17:45:00,2026-08-24,17:45,17.75,0,0,227.17,13.7,3.1122,33.54,1.96,0.0657,45.74,15.24,0.6971,3.875,0.9688
2280,2026-08-24 18:00:00,2026-08-24,18:00,18.0,0,0,230.57,11.55,2.6631,32.54,2.42,0.0788,45.98,14.48,0.6658,3.4077,0.8519
2281,2026-08-24 18:15:00,2026-08-24,18:15,18.25,0,0,233.84,12.53,2.93,32.88,1.27,0.0418,37.54,11.84,0.4445,3.4163,0.8541
2282,2026-08-24 18:30:00,2026-08-24,18:30,18.5,0,0,237.17,12.59,2.986,33.04,0.0,0.0,42.94,13.11,0.5629,3.5489,0.8872
2283,2026-08-24 18:45:00,2026-08-24,18:45,18.75,0,0,236.02,12.53,2.9573,0.39,0.0,0.0,38.26,9.97,0.3815,3.3388,0.8347
2284,2026-08-24 19:00:00,2026-08-24,19:00,19.0,0,0,234.34,10.94,2.5637,0.27,0.0,0.0,42.23,13.19,0.557,3.1207,0.7802
2285,2026-08-24 19:15:00,2026-08-24,19:15,19.25,0,0,234.36,5.07,1.1882,0.77,0.0,0.0,43.88,11.89,0.5217,1.7099,0.4275
2286,2026-08-24 19:30:00,2026-08-24,19:30,19.5,0,0,233.93,3.97,0.9287,0.49,0.0,0.0,34.65,9.03,0.3129,1.2416,0.3104
2287,2026-08-24 19:45:00,2026-08-24,19:45,19.75,0,0,234.22,4.42,1.0353,0.4,0.0,0.0,36.28,9.78,0.3548,1.3901,0.3475
2288,2026-08-24 20:00:00,2026-08-24,20:00,20.0,0,0,234.86,4.11,0.9653,0.49,0.0,0.0,31.75,8.04,0.2553,1.2206,0.3051
2289,2026-08-24 20:15:00,2026-08-24,20:15,20.25,0,0,231.85,5.16,1.1963,0.57,0.0,0.0,20.16,3.15,0.0635,1.2598,0.315
2290,2026-08-24 20:30:00,2026-08-24,20:30,20.5,0,0,229.74,4.04,0.9282,0.69,0.0,0.0,21.26,2.64,0.0561,0.9843,0.2461
2291,2026-08-24 20:45:00,2026-08-24,20:45,20.75,0,0,236.34,4.24,1.0021,0.56,0.0,0.0,30.15,6.76,0.2038,1.2059,0.3015
2292,2026-08-24 21:00:00,2026-08-24,21:00,21.0,0,0,235.89,4.12,0.9719,0.77,0.0,0.0,30.71,7.53,0.2313,1.2032,0.3008
2293,2026-08-24 21:15:00,2026-08-24,21:15,21.25,0,0,237.25,4.31,1.0225,0.4,0.0,0.0,24.2,3.76,0.091,1.1135,0.2784
2294,2026-08-24 21:30:00,2026-08-24,21:30,21.5,0,0,235.8,4.3,1.0139,0.36,0.0,0.0,25.31,4.77,0.1207,1.1346,0.2837
2295,2026-08-24 21:45:00,2026-08-24,21:45,21.75,0,0,229.59,5.03,1.1548,0.8,0.0,0.0,18.47,0.52,0.0096,1.1644,0.2911
2296,2026-08-24 22:00:00,2026-08-24,22:00,22.0,0,0,234.1,3.64,0.8521,0.24,0.0,0.0,24.64,4.14,0.102,0.9541,0.2385
2297,2026-08-24 22:15:00,2026-08-24,22:15,22.25,0,0,232.69,4.38,1.0192,0.53,0.0,0.0,15.27,0.28,0.0043,1.0235,0.2559
2298,2026-08-24 22:30:00,2026-08-24,22:30,22.5,0,0,234.33,4.04,0.9467,0.5,0.0,0.0,29.28,7.34,0.2149,1.1616,0.2904
2299,2026-08-24 22:45:00,2026-08-24,22:45,22.75,0,0,235.86,4.17,0.9835,0.46,0.0,0.0,30.79,6.14,0.1891,1.1726,0.2932
2300,2026-08-24 23:00:00,2026-08-24,23:00,23.0,0,0,234.92,3.07,0.7212,0.64,0.0,0.0,28.32,5.6,0.1586,0.8798,0.22
2301,2026-08-24 23:15:00,2026-08-24,23:15,23.25,0,0,234.29,2.73,0.6396,0.75,0.0,0.0,30.5,7.3,0.2227,0.8623,0.2156
2302,2026-08-24 23:30:00,2026-08-24,23:30,23.5,0,0,236.12,3.57,0.843,0.59,0.0,0.0,39.02,10.93,0.4265,1.2695,0.3174
2303,2026-08-24 23:45:00,2026-08-24,23:45,23.75,0,0,234.31,2.9,0.6795,0.34,0.0,0.0,38.56,10.35,0.3991,1.0786,0.2697
2304,2026-08-25 00:00:00,2026-08-25,00:00,0.0,1,0,234.23,3.28,0.7683,0.2,0.0,0.0,32.96,8.71,0.2871,1.0554,0.2638
2305,2026-08-25 00:15:00,2026-08-25,00:15,0.25,1,0,232.68,3.13,0.7283,0.08,0.0,0.0,35.02,8.76,0.3068,1.0351,0.2588
2306,2026-08-25 00:30:00,2026-08-25,00:30,0.5,1,0,235.07,4.57,1.0743,0.56,0.0,0.0,41.58,11.39,0.4736,1.5479,0.387
2307,2026-08-25 00:45:00,2026-08-25,00:45,0.75,1,0,233.61,3.72,0.869,0.72,0.0,0.0,43.76,13.47,0.5895,1.4585,0.3646
2308,2026-08-25 01:00:00,2026-08-25,01:00,1.0,1,0,233.27,4.48,1.0451,0.52,0.0,0.0,42.88,13.03,0.5587,1.6038,0.4009
2309,2026-08-25 01:15:00,2026-08-25,01:15,1.25,1,0,232.87,2.4,0.5589,0.63,0.0,0.0,37.21,9.79,0.3643,0.9232,0.2308
2310,2026-08-25 01:30:00,2026-08-25,01:30,1.5,1,0,233.72,2.91,0.6801,0.05,0.0,0.0,44.36,14.03,0.6224,1.3025,0.3256
2311,2026-08-25 01:45:00,2026-08-25,01:45,1.75,1,0,231.32,3.89,0.8998,0.28,0.0,0.0,42.94,13.77,0.5913,1.4911,0.3728
2312,2026-08-25 02:00:00,2026-08-25,02:00,2.0,1,0,231.48,4.11,0.9514,0.0,0.0,0.0,44.52,15.37,0.6843,1.6357,0.4089
2313,2026-08-25 02:15:00,2026-08-25,02:15,2.25,1,0,231.37,3.74,0.8653,0.59,0.0,0.0,45.57,13.66,0.6225,1.4878,0.372
2314,2026-08-25 02:30:00,2026-08-25,02:30,2.5,1,0,237.71,4.36,1.0364,0.24,0.0,0.0,47.64,14.23,0.6779,1.7143,0.4286
2315,2026-08-25 02:45:00,2026-08-25,02:45,2.75,1,0,232.23,3.0,0.6967,0.39,0.0,0.0,41.74,13.21,0.5514,1.2481,0.312
2316,2026-08-25 03:00:00,2026-08-25,03:00,3.0,1,0,231.64,4.4,1.0192,0.66,0.0,0.0,44.58,13.06,0.5822,1.6014,0.4003
2317,2026-08-25 03:15:00,2026-08-25,03:15,3.25,1,0,228.57,5.6,1.28,0.39,0.0,0.0,47.1,14.38,0.6773,1.9573,0.4893
2318,2026-08-25 03:30:00,2026-08-25,03:30,3.5,1,0,231.7,4.68,1.0844,0.37,0.0,0.0,40.11,12.95,0.5194,1.6038,0.4009
2319,2026-08-25 03:45:00,2026-08-25,03:45,3.75,1,0,229.71,4.36,1.0015,0.49,0.0,0.0,39.03,10.82,0.4223,1.4238,0.3559
2320,2026-08-25 04:00:00,2026-08-25,04:00,4.0,1,0,234.31,4.7,1.1013,0.18,0.0,0.0,41.08,12.96,0.5324,1.6337,0.4084
2321,2026-08-25 04:15:00,2026-08-25,04:15,4.25,1,0,229.75,4.56,1.0477,0.75,0.0,0.0,31.06,7.24,0.2249,1.2726,0.3181
2322,2026-08-25 04:30:00,2026-08-25,04:30,4.5,1,0,230.73,4.52,1.0429,0.46,0.0,0.0,34.84,8.64,0.301,1.3439,0.336
2323,2026-08-25 04:45:00,2026-08-25,04:45,4.75,1,0,231.91,4.51,1.0459,0.65,0.0,0.0,36.07,9.08,0.3275,1.3734,0.3433
2324,2026-08-25 05:00:00,2026-08-25,05:00,5.0,1,0,228.43,4.82,1.101,0.52,0.0,0.0,25.89,5.75,0.1489,1.2499,0.3125
2325,2026-08-25 05:15:00,2026-08-25,05:15,5.25,1,0,227.32,4.7,1.0684,0.2,0.0,0.0,18.87,1.36,0.0257,1.0941,0.2735
2326,2026-08-25 05:30:00,2026-08-25,05:30,5.5,1,0,231.29,4.19,0.9691,0.52,0.0,0.0,22.75,2.68,0.061,1.0301,0.2575
2327,2026-08-25 05:45:00,2026-08-25,05:45,5.75,1,0,229.77,5.36,1.2316,0.52,0.0,0.0,18.71,1.77,0.0331,1.2647,0.3162
2328,2026-08-25 06:00:00,2026-08-25,06:00,6.0,1,0,229.1,4.19,0.9599,32.05,0.47,0.0151,19.8,3.12,0.0618,1.0368,0.2592
2329,2026-08-25 06:15:00,2026-08-25,06:15,6.25,1,0,228.33,3.21,0.7329,32.52,0.78,0.0254,31.78,7.93,0.252,1.0103,0.2526
2330,2026-08-25 06:30:00,2026-08-25,06:30,6.5,1,0,230.44,4.64,1.0692,33.27,1.81,0.0602,18.79,1.91,0.0359,1.1653,0.2913
2331,2026-08-25 06:45:00,2026-08-25,06:45,6.75,1,0,229.02,4.76,1.0901,33.79,3.08,0.1041,18.16,1.45,0.0263,1.2205,0.3051
2332,2026-08-25 07:00:00,2026-08-25,07:00,7.0,1,0,228.2,4.09,0.9333,34.75,2.85,0.099,28.76,4.66,0.134,1.1663,0.2916
2333,2026-08-25 07:15:00,2026-08-25,07:15,7.25,1,0,230.6,3.59,0.8278,35.16,3.87,0.1361,24.56,3.67,0.0901,1.054,0.2635
2334,2026-08-25 07:30:00,2026-08-25,07:30,7.5,1,0,225.17,2.82,0.635,36.99,5.06,0.1872,24.06,4.48,0.1078,0.93,0.2325
2335,2026-08-25 07:45:00,2026-08-25,07:45,7.75,1,0,228.75,3.18,0.7274,38.06,5.09,0.1937,26.18,4.4,0.1152,1.0363,0.2591
2336,2026-08-25 08:00:00,2026-08-25,08:00,8.0,1,0,227.12,10.05,2.2826,39.23,5.51,0.2162,36.16,10.26,0.371,2.8698,0.7175
2337,2026-08-25 08:15:00,2026-08-25,08:15,8.25,1,0,226.83,11.9,2.6993,38.54,6.64,0.2559,33.75,8.69,0.2933,3.2485,0.8121
2338,2026-08-25 08:30:00,2026-08-25,08:30,8.5,1,0,224.67,12.36,2.7769,39.17,7.42,0.2906,32.99,7.82,0.258,3.3255,0.8314
2339,2026-08-25 08:45:00,2026-08-25,08:45,8.75,1,0,229.26,10.99,2.5196,38.33,6.81,0.261,34.14,9.01,0.3076,3.0882,0.7721
2340,2026-08-25 09:00:00,2026-08-25,09:00,9.0,1,0,219.39,12.5,2.7424,37.18,7.67,0.2852,31.18,8.27,0.2579,3.2855,0.8214
2341,2026-08-25 09:15:00,2026-08-25,09:15,9.25,1,0,222.57,13.56,3.0181,39.58,7.95,0.3147,43.18,13.92,0.6011,3.9339,0.9835
2342,2026-08-25 09:30:00,2026-08-25,09:30,9.5,1,0,224.7,12.05,2.7076,41.17,7.67,0.3158,41.92,14.04,0.5886,3.612,0.903
2343,2026-08-25 09:45:00,2026-08-25,09:45,9.75,1,0,226.69,13.03,2.9538,40.48,9.41,0.3809,41.78,11.76,0.4913,3.826,0.9565
2344,2026-08-25 10:00:00,2026-08-25,10:00,10.0,1,0,222.64,13.01,2.8966,40.75,9.64,0.3928,40.12,11.79,0.473,3.7624,0.9406
2345,2026-08-25 10:15:00,2026-08-25,10:15,10.25,1,0,226.89,12.88,2.9223,42.51,11.19,0.4757,45.92,14.65,0.6727,4.0707,1.0177
2346,2026-08-25 10:30:00,2026-08-25,10:30,10.5,1,0,223.82,13.98,3.129,43.11,11.08,0.4777,40.34,12.29,0.4958,4.1025,1.0256
2347,2026-08-25 10:45:00,2026-08-25,10:45,10.75,1,0,222.98,14.23,3.173,45.64,12.54,0.5723,46.37,15.58,0.7224,4.4677,1.1169
2348,2026-08-25 11:00:00,2026-08-25,11:00,11.0,1,0,223.87,13.44,3.0088,43.65,13.81,0.6028,40.52,11.91,0.4826,4.0942,1.0235
2349,2026-08-25 11:15:00,2026-08-25,11:15,11.25,1,0,223.05,15.36,3.4261,45.36,14.65,0.6645,41.65,13.86,0.5773,4.6679,1.167
2350,2026-08-25 11:30:00,2026-08-25,11:30,11.5,1,0,220.72,14.46,3.1916,45.88,15.29,0.7015,38.74,10.48,0.406,4.2991,1.0748
2351,2026-08-25 11:45:00,2026-08-25,11:45,11.75,1,0,221.71,12.03,2.6672,48.0,15.36,0.7373,37.2,10.83,0.4029,3.8074,0.9518
2352,2026-08-25 12:00:00,2026-08-25,12:00,12.0,1,0,223.88,13.36,2.991,46.25,15.95,0.7377,35.77,11.03,0.3945,4.1232,1.0308
2353,2026-08-25 12:15:00,2026-08-25,12:15,12.25,1,0,223.69,14.87,3.3263,46.51,14.59,0.6786,44.41,13.08,0.5809,4.5858,1.1464
2354,2026-08-25 12:30:00,2026-08-25,12:30,12.5,1,0,221.82,14.18,3.1454,45.4,14.16,0.6429,43.6,13.36,0.5825,4.3708,1.0927
2355,2026-08-25 12:45:00,2026-08-25,12:45,12.75,1,0,222.5,14.18,3.1551,43.24,13.67,0.5911,39.06,11.12,0.4344,4.1806,1.0452
2356,2026-08-25 13:00:00,2026-08-25,13:00,13.0,1,0,223.34,14.91,3.33,45.58,13.44,0.6126,38.96,10.1,0.3935,4.3361,1.084
2357,2026-08-25 13:15:00,2026-08-25,13:15,13.25,1,0,223.7,15.25,3.4114,43.92,12.23,0.5371,37.2,8.82,0.3281,4.2766,1.0692
2358,2026-08-25 13:30:00,2026-08-25,13:30,13.5,1,0,224.2,14.67,3.289,43.29,11.64,0.5039,33.77,7.25,0.2448,4.0377,1.0094
2359,2026-08-25 13:45:00,2026-08-25,13:45,13.75,1,0,221.66,15.14,3.3559,42.66,10.52,0.4488,33.27,8.23,0.2738,4.0785,1.0196
2360,2026-08-25 14:00:00,2026-08-25,14:00,14.0,1,0,223.13,14.91,3.3269,41.8,9.8,0.4096,25.38,4.69,0.119,3.8555,0.9639
2361,2026-08-25 14:15:00,2026-08-25,14:15,14.25,1,0,222.07,14.78,3.2822,40.59,9.77,0.3966,29.17,5.26,0.1534,3.8322,0.958
2362,2026-08-25 14:30:00,2026-08-25,14:30,14.5,1,0,221.68,16.0,3.5469,40.93,9.51,0.3892,27.85,5.8,0.1615,4.0976,1.0244
2363,2026-08-25 14:45:00,2026-08-25,14:45,14.75,1,0,220.75,15.04,3.3201,39.34,8.72,0.343,21.07,2.49,0.0525,3.7156,0.9289
2364,2026-08-25 15:00:00,2026-08-25,15:00,15.0,1,0,223.67,14.88,3.3282,39.81,8.56,0.3408,28.53,4.86,0.1387,3.8077,0.9519
2365,2026-08-25 15:15:00,2026-08-25,15:15,15.25,1,0,220.13,14.06,3.095,41.06,9.23,0.379,19.55,2.67,0.0522,3.5262,0.8815
2366,2026-08-25 15:30:00,2026-08-25,15:30,15.5,1,0,223.72,15.44,3.4542,40.94,8.08,0.3308,22.53,3.27,0.0737,3.8587,0.9647
2367,2026-08-25 15:45:00,2026-08-25,15:45,15.75,1,0,224.72,14.59,3.2787,37.65,7.72,0.2907,17.71,0.88,0.0156,3.585,0.8962
2368,2026-08-25 16:00:00,2026-08-25,16:00,16.0,1,0,223.69,13.47,3.0131,40.28,8.47,0.3412,17.47,1.59,0.0278,3.3821,0.8455
2369,2026-08-25 16:15:00,2026-08-25,16:15,16.25,1,0,226.52,15.16,3.434,39.81,7.34,0.2922,28.81,6.13,0.1766,3.9028,0.9757
2370,2026-08-25 16:30:00,2026-08-25,16:30,16.5,1,0,219.56,13.86,3.0431,38.32,7.2,0.2759,17.7,0.0,0.0,3.319,0.8297
2371,2026-08-25 16:45:00,2026-08-25,16:45,16.75,1,0,225.51,13.96,3.1481,37.92,6.72,0.2548,24.3,4.53,0.1101,3.513,0.8782
2372,2026-08-25 17:00:00,2026-08-25,17:00,17.0,1,0,218.12,13.08,2.853,37.32,5.5,0.2053,34.68,9.51,0.3298,3.3881,0.847
2373,2026-08-25 17:15:00,2026-08-25,17:15,17.25,1,0,220.38,14.23,3.136,36.25,4.44,0.1609,32.13,7.79,0.2503,3.5472,0.8868
2374,2026-08-25 17:30:00,2026-08-25,17:30,17.5,1,0,228.75,13.27,3.0355,35.13,3.39,0.1191,29.84,7.74,0.231,3.3856,0.8464
2375,2026-08-25 17:45:00,2026-08-25,17:45,17.75,1,0,225.55,12.29,2.772,33.91,3.43,0.1163,26.54,5.73,0.1521,3.0404,0.7601
2376,2026-08-25 18:00:00,2026-08-25,18:00,18.0,1,0,221.53,12.76,2.8267,33.35,1.61,0.0537,40.45,12.94,0.5234,3.4038,0.8509
2377,2026-08-25 18:15:00,2026-08-25,18:15,18.25,1,0,230.7,11.93,2.7523,33.37,0.7,0.0234,39.87,11.72,0.4673,3.243,0.8107
2378,2026-08-25 18:30:00,2026-08-25,18:30,18.5,1,0,227.45,11.38,2.5884,31.59,0.0,0.0,41.66,12.4,0.5166,3.105,0.7762
2379,2026-08-25 18:45:00,2026-08-25,18:45,18.75,1,0,227.7,11.21,2.5525,0.78,0.0,0.0,36.44,9.26,0.3374,2.8899,0.7225
2380,2026-08-25 19:00:00,2026-08-25,19:00,19.0,1,0,226.96,10.34,2.3468,0.19,0.0,0.0,44.87,14.66,0.6578,3.0046,0.7511
2381,2026-08-25 19:15:00,2026-08-25,19:15,19.25,1,0,226.51,3.74,0.8471,0.29,0.0,0.0,46.47,15.85,0.7365,1.5836,0.3959
2382,2026-08-25 19:30:00,2026-08-25,19:30,19.5,1,0,231.96,5.29,1.2271,0.55,0.0,0.0,42.93,14.14,0.607,1.8341,0.4585
2383,2026-08-25 19:45:00,2026-08-25,19:45,19.75,1,0,230.29,3.44,0.7922,0.59,0.0,0.0,37.71,11.2,0.4224,1.2146,0.3036
2384,2026-08-25 20:00:00,2026-08-25,20:00,20.0,1,0,230.04,4.54,1.0444,0.44,0.0,0.0,39.23,11.58,0.4543,1.4987,0.3747
2385,2026-08-25 20:15:00,2026-08-25,20:15,20.25,1,0,228.85,4.67,1.0687,0.39,0.0,0.0,36.67,11.27,0.4133,1.482,0.3705
2386,2026-08-25 20:30:00,2026-08-25,20:30,20.5,1,0,228.02,4.73,1.0785,0.15,0.0,0.0,36.18,9.05,0.3274,1.4059,0.3515
2387,2026-08-25 20:45:00,2026-08-25,20:45,20.75,1,0,230.72,4.49,1.0359,0.7,0.0,0.0,39.01,10.86,0.4236,1.4595,0.3649
2388,2026-08-25 21:00:00,2026-08-25,21:00,21.0,1,0,233.58,4.45,1.0394,0.06,0.0,0.0,34.92,8.11,0.2832,1.3226,0.3306
2389,2026-08-25 21:15:00,2026-08-25,21:15,21.25,1,0,229.69,4.18,0.9601,0.26,0.0,0.0,33.34,9.22,0.3074,1.2675,0.3169
2390,2026-08-25 21:30:00,2026-08-25,21:30,21.5,1,0,229.74,4.46,1.0246,0.47,0.0,0.0,35.03,9.3,0.3258,1.3504,0.3376
2391,2026-08-25 21:45:00,2026-08-25,21:45,21.75,1,0,232.81,3.74,0.8707,0.45,0.0,0.0,33.72,8.51,0.287,1.1577,0.2894
2392,2026-08-25 22:00:00,2026-08-25,22:00,22.0,1,0,232.21,3.43,0.7965,0.39,0.0,0.0,32.38,7.23,0.2341,1.0306,0.2576
2393,2026-08-25 22:15:00,2026-08-25,22:15,22.25,1,0,230.37,5.03,1.1588,0.6,0.0,0.0,29.72,6.76,0.2009,1.3597,0.3399
2394,2026-08-25 22:30:00,2026-08-25,22:30,22.5,1,0,230.88,3.47,0.8012,0.38,0.0,0.0,31.75,8.22,0.261,1.0622,0.2656
2395,2026-08-25 22:45:00,2026-08-25,22:45,22.75,1,0,232.2,3.5,0.8127,0.55,0.0,0.0,27.97,6.33,0.1771,0.9898,0.2475
2396,2026-08-25 23:00:00,2026-08-25,23:00,23.0,1,0,234.07,3.03,0.7092,0.14,0.0,0.0,19.39,1.57,0.0304,0.7396,0.1849
2397,2026-08-25 23:15:00,2026-08-25,23:15,23.25,1,0,232.86,3.48,0.8104,0.23,0.0,0.0,28.56,6.79,0.1939,1.0043,0.2511
2398,2026-08-25 23:30:00,2026-08-25,23:30,23.5,1,0,230.41,2.83,0.6521,0.54,0.0,0.0,28.35,4.78,0.1355,0.7876,0.1969
2399,2026-08-25 23:45:00,2026-08-25,23:45,23.75,1,0,231.82,3.1,0.7186,0.33,0.0,0.0,24.05,4.96,0.1193,0.8379,0.2095
2400,2026-08-26 00:00:00,2026-08-26,00:00,0.0,2,0,231.85,2.49,0.5773,0.18,0.0,0.0,24.79,3.58,0.0887,0.666,0.1665
2401,2026-08-26 00:15:00,2026-08-26,00:15,0.25,2,0,237.66,3.54,0.8413,0.09,0.0,0.0,24.31,4.64,0.1128,0.9541,0.2385
2402,2026-08-26 00:30:00,2026-08-26,00:30,0.5,2,0,231.83,2.95,0.6839,0.39,0.0,0.0,20.3,2.82,0.0573,0.7412,0.1853
2403,2026-08-26 00:45:00,2026-08-26,00:45,0.75,2,0,233.44,4.42,1.0318,0.7,0.0,0.0,24.69,4.0,0.0988,1.1306,0.2827
2404,2026-08-26 01:00:00,2026-08-26,01:00,1.0,2,0,235.43,2.63,0.6192,0.5,0.0,0.0,21.22,2.78,0.059,0.6782,0.1696
2405,2026-08-26 01:15:00,2026-08-26,01:15,1.25,2,0,232.59,4.19,0.9745,0.53,0.0,0.0,29.19,7.53,0.2198,1.1943,0.2986
2406,2026-08-26 01:30:00,2026-08-26,01:30,1.5,2,0,236.34,3.6,0.8508,0.43,0.0,0.0,27.5,5.69,0.1565,1.0073,0.2518
2407,2026-08-26 01:45:00,2026-08-26,01:45,1.75,2,0,233.64,4.17,0.9743,0.36,0.0,0.0,27.81,4.95,0.1377,1.112,0.278
2408,2026-08-26 02:00:00,2026-08-26,02:00,2.0,2,0,232.31,4.16,0.9664,0.05,0.0,0.0,31.02,7.18,0.2227,1.1891,0.2973
2409,2026-08-26 02:15:00,2026-08-26,02:15,2.25,2,0,234.69,5.33,1.2509,0.2,0.0,0.0,40.32,11.56,0.4661,1.717,0.4293
2410,2026-08-26 02:30:00,2026-08-26,02:30,2.5,2,0,229.9,4.17,0.9587,0.5,0.0,0.0,35.73,9.06,0.3237,1.2824,0.3206
2411,2026-08-26 02:45:00,2026-08-26,02:45,2.75,2,0,229.53,4.61,1.0581,0.26,0.0,0.0,33.7,8.16,0.275,1.3331,0.3333
2412,2026-08-26 03:00:00,2026-08-26,03:00,3.0,2,0,234.1,3.59,0.8404,0.22,0.0,0.0,26.2,5.76,0.1509,0.9913,0.2478
2413,2026-08-26 03:15:00,2026-08-26,03:15,3.25,2,0,231.91,5.15,1.1943,0.4,0.0,0.0,44.42,12.2,0.5419,1.7362,0.434
2414,2026-08-26 03:30:00,2026-08-26,03:30,3.5,2,0,230.21,3.84,0.884,0.4,0.0,0.0,46.34,14.29,0.6622,1.5462,0.3866
2415,2026-08-26 03:45:00,2026-08-26,03:45,3.75,2,0,236.56,3.44,0.8138,0.43,0.0,0.0,37.7,10.06,0.3793,1.1931,0.2983
2416,2026-08-26 04:00:00,2026-08-26,04:00,4.0,2,0,235.06,4.91,1.1541,0.57,0.0,0.0,42.78,13.11,0.5609,1.715,0.4288
2417,2026-08-26 04:15:00,2026-08-26,04:15,4.25,2,0,232.88,4.65,1.0829,0.17,0.0,0.0,46.02,13.71,0.6309,1.7138,0.4284
2418,2026-08-26 04:30:00,2026-08-26,04:30,4.5,2,0,236.05,3.97,0.9371,0.78,0.0,0.0,41.55,11.6,0.482,1.4191,0.3548
2419,2026-08-26 04:45:00,2026-08-26,04:45,4.75,2,0,231.35,4.03,0.9323,0.61,0.0,0.0,41.78,12.02,0.5022,1.4345,0.3586
2420,2026-08-26 05:00:00,2026-08-26,05:00,5.0,2,0,229.67,4.87,1.1185,0.41,0.0,0.0,43.41,14.55,0.6316,1.7501,0.4375
2421,2026-08-26 05:15:00,2026-08-26,05:15,5.25,2,0,232.59,5.99,1.3932,0.34,0.0,0.0,44.65,14.83,0.6622,2.0554,0.5139
2422,2026-08-26 05:30:00,2026-08-26,05:30,5.5,2,0,232.25,7.06,1.6397,0.05,0.0,0.0,44.13,13.16,0.5807,2.2204,0.5551
2423,2026-08-26 05:45:00,2026-08-26,05:45,5.75,2,0,235.09,4.05,0.9521,0.76,0.0,0.0,40.7,11.73,0.4774,1.4295,0.3574
2424,2026-08-26 06:00:00,2026-08-26,06:00,6.0,2,0,231.24,4.61,1.066,32.49,0.65,0.0211,35.45,8.88,0.3148,1.4019,0.3505
2425,2026-08-26 06:15:00,2026-08-26,06:15,6.25,2,0,233.75,4.35,1.0168,31.18,1.21,0.0377,30.7,7.73,0.2373,1.2918,0.323
2426,2026-08-26 06:30:00,2026-08-26,06:30,6.5,2,0,233.75,4.96,1.1594,33.81,1.3,0.044,20.74,1.04,0.0216,1.225,0.3063
2427,2026-08-26 06:45:00,2026-08-26,06:45,6.75,2,0,235.22,4.18,0.9832,33.87,2.61,0.0884,32.79,7.06,0.2315,1.3031,0.3258
2428,2026-08-26 07:00:00,2026-08-26,07:00,7.0,2,0,233.68,2.83,0.6613,33.95,2.79,0.0947,34.9,9.37,0.327,1.083,0.2707
2429,2026-08-26 07:15:00,2026-08-26,07:15,7.25,2,0,234.9,2.95,0.693,34.45,3.01,0.1037,29.19,6.47,0.1889,0.9856,0.2464
2430,2026-08-26 07:30:00,2026-08-26,07:30,7.5,2,0,231.92,4.36,1.0112,38.29,5.19,0.1987,32.61,7.54,0.2459,1.4558,0.3639
2431,2026-08-26 07:45:00,2026-08-26,07:45,7.75,2,0,232.11,2.13,0.4944,37.3,5.81,0.2167,23.55,2.41,0.0568,0.7679,0.192
2432,2026-08-26 08:00:00,2026-08-26,08:00,8.0,2,0,234.59,12.13,2.8456,38.95,6.39,0.2489,25.04,4.73,0.1184,3.2129,0.8032
2433,2026-08-26 08:15:00,2026-08-26,08:15,8.25,2,0,235.85,11.62,2.7406,39.76,7.55,0.3002,27.33,5.31,0.1451,3.1859,0.7965
2434,2026-08-26 08:30:00,2026-08-26,08:30,8.5,2,0,231.03,11.52,2.6615,39.03,8.55,0.3337,25.74,4.66,0.12,3.1152,0.7788
2435,2026-08-26 08:45:00,2026-08-26,08:45,8.75,2,0,235.46,12.46,2.9338,40.78,9.33,0.3805,20.99,3.3,0.0693,3.3836,0.8459
2436,2026-08-26 09:00:00,2026-08-26,09:00,9.0,2,0,229.9,12.26,2.8186,41.59,10.65,0.4429,24.26,5.06,0.1228,3.3843,0.8461
2437,2026-08-26 09:15:00,2026-08-26,09:15,9.25,2,0,229.16,13.11,3.0043,42.31,10.91,0.4616,21.2,3.51,0.0744,3.5403,0.8851
2438,2026-08-26 09:30:00,2026-08-26,09:30,9.5,2,0,230.3,13.41,3.0883,43.09,10.45,0.4503,23.22,3.11,0.0722,3.6108,0.9027
2439,2026-08-26 09:45:00,2026-08-26,09:45,9.75,2,0,228.77,13.0,2.974,43.49,10.1,0.4392,25.77,4.11,0.1059,3.5191,0.8798
2440,2026-08-26 10:00:00,2026-08-26,10:00,10.0,2,0,231.4,11.51,2.6634,42.49,11.16,0.4742,22.56,2.94,0.0663,3.2039,0.801
2441,2026-08-26 10:15:00,2026-08-26,10:15,10.25,2,0,230.1,16.0,3.6816,42.49,11.02,0.4682,23.8,3.5,0.0833,4.2331,1.0583
2442,2026-08-26 10:30:00,2026-08-26,10:30,10.5,2,0,229.54,12.79,2.9358,41.17,11.1,0.457,30.93,6.8,0.2103,3.6031,0.9008
2443,2026-08-26 10:45:00,2026-08-26,10:45,10.75,2,0,228.87,13.76,3.1492,41.71,10.82,0.4513,30.91,6.59,0.2037,3.8042,0.951
2444,2026-08-26 11:00:00,2026-08-26,11:00,11.0,2,0,225.64,13.26,2.992,41.65,10.72,0.4465,29.91,6.49,0.1941,3.6326,0.9082
2445,2026-08-26 11:15:00,2026-08-26,11:15,11.25,2,0,228.67,14.1,3.2243,41.98,10.78,0.4525,32.18,7.2,0.2317,3.9085,0.9771
2446,2026-08-26 11:30:00,2026-08-26,11:30,11.5,2,0,228.36,13.9,3.1742,41.61,9.98,0.4153,35.87,8.77,0.3146,3.9041,0.976
2447,2026-08-26 11:45:00,2026-08-26,11:45,11.75,2,0,226.03,14.25,3.2209,41.22,10.31,0.425,31.05,7.53,0.2338,3.8797,0.9699
2448,2026-08-26 12:00:00,2026-08-26,12:00,12.0,2,0,227.13,14.94,3.3933,42.24,10.8,0.4562,30.79,8.22,0.2531,4.1026,1.0256
2449,2026-08-26 12:15:00,2026-08-26,12:15,12.25,2,0,230.41,14.05,3.2373,43.14,12.07,0.5207,36.55,9.6,0.3509,4.1089,1.0272
2450,2026-08-26 12:30:00,2026-08-26,12:30,12.5,2,0,225.36,14.73,3.3196,44.27,13.23,0.5857,38.71,11.85,0.4587,4.364,1.091
2451,2026-08-26 12:45:00,2026-08-26,12:45,12.75,2,0,228.19,14.71,3.3567,44.47,12.98,0.5772,40.95,11.42,0.4676,4.4015,1.1004
2452,2026-08-26 13:00:00,2026-08-26,13:00,13.0,2,0,226.92,16.0,3.6307,46.32,13.46,0.6235,37.87,10.61,0.4018,4.656,1.164
2453,2026-08-26 13:15:00,2026-08-26,13:15,13.25,2,0,226.83,13.79,3.128,44.92,13.5,0.6064,42.21,14.92,0.6298,4.3642,1.0911
2454,2026-08-26 13:30:00,2026-08-26,13:30,13.5,2,0,225.6,14.16,3.1945,46.32,14.5,0.6716,32.92,9.19,0.3025,4.1686,1.0421
2455,2026-08-26 13:45:00,2026-08-26,13:45,13.75,2,0,224.86,16.0,3.5978,44.84,13.28,0.5955,34.97,10.3,0.3602,4.5535,1.1384
2456,2026-08-26 14:00:00,2026-08-26,14:00,14.0,2,0,225.41,14.43,3.2527,46.61,13.74,0.6404,39.66,12.18,0.4831,4.3762,1.094
2457,2026-08-26 14:15:00,2026-08-26,14:15,14.25,2,0,223.03,13.69,3.0533,45.94,13.46,0.6184,34.75,9.14,0.3176,3.9893,0.9973
2458,2026-08-26 14:30:00,2026-08-26,14:30,14.5,2,0,226.57,13.85,3.138,44.2,12.9,0.5702,35.6,9.71,0.3457,4.0539,1.0135
2459,2026-08-26 14:45:00,2026-08-26,14:45,14.75,2,0,227.15,15.19,3.4504,44.33,10.58,0.469,33.85,9.24,0.3128,4.2322,1.058
2460,2026-08-26 15:00:00,2026-08-26,15:00,15.0,2,0,227.14,13.98,3.1754,43.64,10.98,0.4792,31.15,7.92,0.2467,3.9013,0.9753
2461,2026-08-26 15:15:00,2026-08-26,15:15,15.25,2,0,223.84,13.71,3.0688,41.82,9.17,0.3835,28.17,5.95,0.1676,3.6199,0.905
2462,2026-08-26 15:30:00,2026-08-26,15:30,15.5,2,0,225.27,14.01,3.156,40.78,8.05,0.3283,25.79,6.24,0.1609,3.6452,0.9113
2463,2026-08-26 15:45:00,2026-08-26,15:45,15.75,2,0,226.54,14.8,3.3528,39.18,7.37,0.2888,19.44,2.95,0.0573,3.6989,0.9247
2464,2026-08-26 16:00:00,2026-08-26,16:00,16.0,2,0,223.67,13.19,2.9502,37.1,6.84,0.2538,25.73,5.8,0.1492,3.3532,0.8383
2465,2026-08-26 16:15:00,2026-08-26,16:15,16.25,2,0,224.54,13.57,3.047,38.5,5.6,0.2156,18.03,1.94,0.035,3.2976,0.8244
2466,2026-08-26 16:30:00,2026-08-26,16:30,16.5,2,0,223.07,13.06,2.9133,37.39,5.26,0.1967,23.27,2.89,0.0673,3.1773,0.7943
2467,2026-08-26 16:45:00,2026-08-26,16:45,16.75,2,0,222.47,14.11,3.1391,35.58,5.37,0.1911,24.39,5.7,0.139,3.4692,0.8673
2468,2026-08-26 17:00:00,2026-08-26,17:00,17.0,2,0,223.7,14.36,3.2123,35.96,3.95,0.142,17.62,2.8,0.0493,3.4036,0.8509
2469,2026-08-26 17:15:00,2026-08-26,17:15,17.25,2,0,222.03,13.85,3.0751,36.71,3.24,0.1189,20.39,1.29,0.0263,3.2203,0.8051
2470,2026-08-26 17:30:00,2026-08-26,17:30,17.5,2,0,225.55,12.47,2.8126,36.0,2.83,0.1019,23.21,3.28,0.0761,2.9906,0.7477
2471,2026-08-26 17:45:00,2026-08-26,17:45,17.75,2,0,225.0,11.7,2.6325,33.94,2.4,0.0815,20.06,1.12,0.0225,2.7365,0.6841
2472,2026-08-26 18:00:00,2026-08-26,18:00,18.0,2,0,221.6,13.14,2.9118,32.76,1.17,0.0383,24.65,3.57,0.088,3.0381,0.7595
2473,2026-08-26 18:15:00,2026-08-26,18:15,18.25,2,0,223.48,12.72,2.8427,32.36,1.44,0.0466,22.35,2.2,0.0492,2.9385,0.7346
2474,2026-08-26 18:30:00,2026-08-26,18:30,18.5,2,0,225.07,10.66,2.3992,31.47,0.09,0.0028,23.83,4.25,0.1013,2.5033,0.6258
2475,2026-08-26 18:45:00,2026-08-26,18:45,18.75,2,0,226.28,11.8,2.6701,0.74,0.0,0.0,24.81,6.03,0.1496,2.8197,0.7049
2476,2026-08-26 19:00:00,2026-08-26,19:00,19.0,2,0,222.57,11.21,2.495,0.32,0.0,0.0,27.07,4.18,0.1132,2.6082,0.6521
2477,2026-08-26 19:15:00,2026-08-26,19:15,19.25,2,0,224.49,5.34,1.1988,0.02,0.0,0.0,24.71,4.02,0.0993,1.2981,0.3245
2478,2026-08-26 19:30:00,2026-08-26,19:30,19.5,2,0,223.84,5.14,1.1505,0.18,0.0,0.0,23.42,4.87,0.1141,1.2646,0.3161
2479,2026-08-26 19:45:00,2026-08-26,19:45,19.75,2,0,227.12,4.75,1.0788,0.73,0.0,0.0,30.38,7.36,0.2236,1.3024,0.3256
2480,2026-08-26 20:00:00,2026-08-26,20:00,20.0,2,0,226.63,5.96,1.3507,0.68,0.0,0.0,29.82,7.65,0.2281,1.5788,0.3947
2481,2026-08-26 20:15:00,2026-08-26,20:15,20.25,2,0,225.17,4.06,0.9142,0.17,0.0,0.0,34.94,8.68,0.3033,1.2175,0.3044
2482,2026-08-26 20:30:00,2026-08-26,20:30,20.5,2,0,223.93,4.04,0.9047,0.22,0.0,0.0,30.6,6.49,0.1986,1.1033,0.2758
2483,2026-08-26 20:45:00,2026-08-26,20:45,20.75,2,0,226.71,4.58,1.0383,0.4,0.0,0.0,32.48,7.49,0.2433,1.2816,0.3204
2484,2026-08-26 21:00:00,2026-08-26,21:00,21.0,2,0,224.55,3.8,0.8533,0.1,0.0,0.0,34.68,7.56,0.2622,1.1155,0.2789
2485,2026-08-26 21:15:00,2026-08-26,21:15,21.25,2,0,226.97,5.25,1.1916,0.29,0.0,0.0,32.97,9.38,0.3093,1.5009,0.3752
2486,2026-08-26 21:30:00,2026-08-26,21:30,21.5,2,0,226.94,4.34,0.9849,0.78,0.0,0.0,28.73,6.12,0.1758,1.1607,0.2902
2487,2026-08-26 21:45:00,2026-08-26,21:45,21.75,2,0,228.25,2.94,0.671,0.28,0.0,0.0,33.32,7.24,0.2412,0.9122,0.2281
2488,2026-08-26 22:00:00,2026-08-26,22:00,22.0,2,0,228.5,3.97,0.9072,0.34,0.0,0.0,27.54,6.31,0.1738,1.081,0.2702
2489,2026-08-26 22:15:00,2026-08-26,22:15,22.25,2,0,226.26,3.35,0.758,0.33,0.0,0.0,30.13,7.99,0.2407,0.9987,0.2497
2490,2026-08-26 22:30:00,2026-08-26,22:30,22.5,2,0,229.36,2.4,0.5505,0.47,0.0,0.0,30.46,6.81,0.2074,0.7579,0.1895
2491,2026-08-26 22:45:00,2026-08-26,22:45,22.75,2,0,228.7,2.93,0.6701,0.29,0.0,0.0,25.71,5.93,0.1525,0.8226,0.2056
2492,2026-08-26 23:00:00,2026-08-26,23:00,23.0,2,0,226.75,4.08,0.9251,0.74,0.0,0.0,28.12,5.61,0.1578,1.0829,0.2707
2493,2026-08-26 23:15:00,2026-08-26,23:15,23.25,2,0,226.31,4.2,0.9505,0.5,0.0,0.0,26.26,6.32,0.166,1.1165,0.2791
2494,2026-08-26 23:30:00,2026-08-26,23:30,23.5,2,0,226.92,3.41,0.7738,0.34,0.0,0.0,28.51,7.27,0.2073,0.9811,0.2453
2495,2026-08-26 23:45:00,2026-08-26,23:45,23.75,2,0,227.97,2.09,0.4765,0.58,0.0,0.0,24.87,5.84,0.1452,0.6217,0.1554
2496,2026-08-27 00:00:00,2026-08-27,00:00,0.0,3,0,224.72,3.57,0.8023,0.64,0.0,0.0,24.39,5.37,0.131,0.9333,0.2333
2497,2026-08-27 00:15:00,2026-08-27,00:15,0.25,3,0,229.37,3.89,0.8922,0.43,0.0,0.0,27.53,6.05,0.1666,1.0588,0.2647
2498,2026-08-27 00:30:00,2026-08-27,00:30,0.5,3,0,226.92,4.06,0.9213,0.37,0.0,0.0,28.96,4.82,0.1396,1.0609,0.2652
2499,2026-08-27 00:45:00,2026-08-27,00:45,0.75,3,0,228.88,3.41,0.7805,0.04,0.0,0.0,25.58,4.6,0.1177,0.8982,0.2245
2500,2026-08-27 01:00:00,2026-08-27,01:00,1.0,3,0,229.24,2.94,0.674,0.17,0.0,0.0,22.26,2.94,0.0654,0.7394,0.1848
2501,2026-08-27 01:15:00,2026-08-27,01:15,1.25,3,0,225.57,3.97,0.8955,0.54,0.0,0.0,25.53,4.73,0.1208,1.0163,0.2541
2502,2026-08-27 01:30:00,2026-08-27,01:30,1.5,3,0,228.12,3.24,0.7391,0.31,0.0,0.0,22.65,4.66,0.1055,0.8446,0.2112
2503,2026-08-27 01:45:00,2026-08-27,01:45,1.75,3,0,226.42,3.93,0.8898,0.71,0.0,0.0,18.61,1.92,0.0357,0.9255,0.2314
2504,2026-08-27 02:00:00,2026-08-27,02:00,2.0,3,0,226.59,4.09,0.9267,0.16,0.0,0.0,20.38,2.75,0.056,0.9827,0.2457
2505,2026-08-27 02:15:00,2026-08-27,02:15,2.25,3,0,230.72,3.49,0.8052,0.28,0.0,0.0,22.74,4.05,0.0921,0.8973,0.2243
2506,2026-08-27 02:30:00,2026-08-27,02:30,2.5,3,0,227.69,5.1,1.1612,0.27,0.0,0.0,24.87,4.9,0.1219,1.2831,0.3208
2507,2026-08-27 02:45:00,2026-08-27,02:45,2.75,3,0,229.97,4.47,1.028,0.02,0.0,0.0,21.59,4.14,0.0894,1.1174,0.2793
2508,2026-08-27 03:00:00,2026-08-27,03:00,3.0,3,0,228.1,2.65,0.6045,0.05,0.0,0.0,16.88,1.29,0.0218,0.6263,0.1566
2509,2026-08-27 03:15:00,2026-08-27,03:15,3.25,3,0,231.57,4.28,0.9911,0.2,0.0,0.0,22.22,2.14,0.0475,1.0386,0.2596
2510,2026-08-27 03:30:00,2026-08-27,03:30,3.5,3,0,226.73,5.89,1.3354,0.25,0.0,0.0,18.54,0.98,0.0182,1.3536,0.3384
2511,2026-08-27 03:45:00,2026-08-27,03:45,3.75,3,0,230.19,5.16,1.1878,0.1,0.0,0.0,27.0,5.87,0.1585,1.3463,0.3366
2512,2026-08-27 04:00:00,2026-08-27,04:00,4.0,3,0,230.62,3.64,0.8395,0.34,0.0,0.0,23.74,4.3,0.1021,0.9416,0.2354
2513,2026-08-27 04:15:00,2026-08-27,04:15,4.25,3,0,230.32,5.2,1.1977,0.05,0.0,0.0,33.15,7.9,0.2619,1.4596,0.3649
2514,2026-08-27 04:30:00,2026-08-27,04:30,4.5,3,0,228.7,6.59,1.5071,0.04,0.0,0.0,24.38,3.02,0.0736,1.5807,0.3952
2515,2026-08-27 04:45:00,2026-08-27,04:45,4.75,3,0,232.86,4.16,0.9687,0.11,0.0,0.0,32.39,7.36,0.2384,1.2071,0.3018
2516,2026-08-27 05:00:00,2026-08-27,05:00,5.0,3,0,232.87,5.9,1.3739,0.54,0.0,0.0,25.58,6.24,0.1596,1.5335,0.3834
2517,2026-08-27 05:15:00,2026-08-27,05:15,5.25,3,0,228.95,4.93,1.1287,0.49,0.0,0.0,32.82,8.56,0.2809,1.4096,0.3524
2518,2026-08-27 05:30:00,2026-08-27,05:30,5.5,3,0,234.21,4.4,1.0305,0.66,0.0,0.0,29.03,6.95,0.2018,1.2323,0.3081
2519,2026-08-27 05:45:00,2026-08-27,05:45,5.75,3,0,228.43,4.09,0.9343,0.3,0.0,0.0,35.18,10.12,0.356,1.2903,0.3226
2520,2026-08-27 06:00:00,2026-08-27,06:00,6.0,3,0,233.35,4.29,1.0011,33.61,0.0,0.0,29.73,8.03,0.2387,1.2398,0.31
2521,2026-08-27 06:15:00,2026-08-27,06:15,6.25,3,0,233.04,5.19,1.2095,31.69,0.6,0.019,36.22,8.6,0.3115,1.54,0.385
2522,2026-08-27 06:30:00,2026-08-27,06:30,6.5,3,0,232.14,4.51,1.047,31.91,0.58,0.0185,27.01,7.57,0.2045,1.27,0.3175
2523,2026-08-27 06:45:00,2026-08-27,06:45,6.75,3,0,231.86,4.96,1.15,33.65,0.83,0.0279,33.41,8.83,0.295,1.4729,0.3682
2524,2026-08-27 07:00:00,2026-08-27,07:00,7.0,3,0,232.62,4.48,1.0421,32.97,0.77,0.0254,32.54,7.32,0.2382,1.3057,0.3264
2525,2026-08-27 07:15:00,2026-08-27,07:15,7.25,3,0,229.81,3.87,0.8894,33.1,1.41,0.0467,32.67,8.08,0.264,1.2001,0.3
2526,2026-08-27 07:30:00,2026-08-27,07:30,7.5,3,0,230.15,3.04,0.6997,34.29,1.99,0.0682,29.5,6.92,0.2041,0.972,0.243
2527,2026-08-27 07:45:00,2026-08-27,07:45,7.75,3,0,231.6,3.46,0.8013,35.16,1.54,0.0541,27.24,6.23,0.1697,1.0251,0.2563
2528,2026-08-27 08:00:00,2026-08-27,08:00,8.0,3,0,230.08,12.52,2.8806,33.84,1.7,0.0575,25.74,4.28,0.1102,3.0483,0.7621
2529,2026-08-27 08:15:00,2026-08-27,08:15,8.25,3,0,233.14,11.12,2.5925,33.92,2.04,0.0692,26.77,4.79,0.1282,2.7899,0.6975
2530,2026-08-27 08:30:00,2026-08-27,08:30,8.5,3,0,237.88,11.04,2.6262,34.56,1.64,0.0567,21.83,2.93,0.064,2.7469,0.6867
2531,2026-08-27 08:45:00,2026-08-27,08:45,8.75,3,0,235.37,12.52,2.9468,34.57,2.34,0.0809,30.29,5.75,0.1742,3.2019,0.8005
2532,2026-08-27 09:00:00,2026-08-27,09:00,9.0,3,0,229.79,12.59,2.8931,34.73,3.54,0.1229,26.16,4.96,0.1298,3.1458,0.7864
2533,2026-08-27 09:15:00,2026-08-27,09:15,9.25,3,0,232.53,13.38,3.1113,35.43,2.72,0.0964,24.98,2.36,0.059,3.2667,0.8167
2534,2026-08-27 09:30:00,2026-08-27,09:30,9.5,3,0,230.4,12.66,2.9169,35.58,3.48,0.1238,23.68,2.7,0.0639,3.1046,0.7762
2535,2026-08-27 09:45:00,2026-08-27,09:45,9.75,3,0,231.78,12.61,2.9228,36.76,4.35,0.1599,22.34,3.51,0.0784,3.1611,0.7903
2536,2026-08-27 10:00:00,2026-08-27,10:00,10.0,3,0,225.51,12.4,2.7963,36.87,3.73,0.1375,19.53,1.28,0.025,2.9588,0.7397
2537,2026-08-27 10:15:00,2026-08-27,10:15,10.25,3,0,228.96,13.79,3.1574,37.69,4.64,0.1749,18.09,0.01,0.0002,3.3325,0.8331
2538,2026-08-27 10:30:00,2026-08-27,10:30,10.5,3,0,230.53,14.45,3.3312,37.99,4.99,0.1896,17.53,1.24,0.0217,3.5425,0.8856
2539,2026-08-27 10:45:00,2026-08-27,10:45,10.75,3,0,230.62,14.18,3.2702,38.3,5.28,0.2022,21.15,1.45,0.0307,3.5031,0.8758
2540,2026-08-27 11:00:00,2026-08-27,11:00,11.0,3,0,228.11,13.68,3.1205,36.75,5.95,0.2187,18.01,0.39,0.007,3.3462,0.8366
2541,2026-08-27 11:15:00,2026-08-27,11:15,11.25,3,0,226.61,14.52,3.2904,37.65,6.05,0.2278,17.36,1.38,0.024,3.5422,0.8855
2542,2026-08-27 11:30:00,2026-08-27,11:30,11.5,3,0,233.2,14.45,3.3697,37.8,5.56,0.2102,18.66,1.29,0.0241,3.604,0.901
2543,2026-08-27 11:45:00,2026-08-27,11:45,11.75,3,0,231.77,14.44,3.3468,37.79,6.01,0.2271,24.89,3.84,0.0956,3.6695,0.9174
2544,2026-08-27 12:00:00,2026-08-27,12:00,12.0,3,0,228.14,14.79,3.3742,37.3,5.7,0.2126,23.49,5.01,0.1177,3.7045,0.9261
2545,2026-08-27 12:15:00,2026-08-27,12:15,12.25,3,0,227.33,15.07,3.4259,36.21,4.13,0.1496,19.29,2.39,0.0461,3.6216,0.9054
2546,2026-08-27 12:30:00,2026-08-27,12:30,12.5,3,0,230.55,15.64,3.6058,35.38,5.26,0.1861,23.51,2.83,0.0665,3.8584,0.9646
2547,2026-08-27 12:45:00,2026-08-27,12:45,12.75,3,0,228.08,14.07,3.2091,35.31,4.79,0.1691,24.9,5.1,0.127,3.5052,0.8763
2548,2026-08-27 13:00:00,2026-08-27,13:00,13.0,3,0,227.7,15.09,3.436,36.66,3.6,0.132,23.88,1.71,0.0408,3.6088,0.9022
2549,2026-08-27 13:15:00,2026-08-27,13:15,13.25,3,0,232.81,15.24,3.548,36.54,3.95,0.1443,21.5,2.35,0.0505,3.7428,0.9357
2550,2026-08-27 13:30:00,2026-08-27,13:30,13.5,3,0,230.42,15.76,3.6314,36.47,5.01,0.1827,24.1,4.29,0.1034,3.9175,0.9794
2551,2026-08-27 13:45:00,2026-08-27,13:45,13.75,3,0,231.05,15.7,3.6275,34.64,4.01,0.1389,27.75,6.5,0.1804,3.9468,0.9867
2552,2026-08-27 14:00:00,2026-08-27,14:00,14.0,3,0,231.12,15.63,3.6124,35.17,3.6,0.1266,23.79,4.59,0.1092,3.8482,0.962
2553,2026-08-27 14:15:00,2026-08-27,14:15,14.25,3,0,230.61,16.0,3.6898,36.18,4.36,0.1577,26.76,5.78,0.1547,4.0022,1.0006
2554,2026-08-27 14:30:00,2026-08-27,14:30,14.5,3,0,234.44,14.8,3.4697,36.8,4.58,0.1685,24.01,3.86,0.0927,3.7309,0.9327
2555,2026-08-27 14:45:00,2026-08-27,14:45,14.75,3,0,230.57,14.25,3.2856,35.06,3.91,0.1371,27.47,6.05,0.1662,3.5889,0.8972
2556,2026-08-27 15:00:00,2026-08-27,15:00,15.0,3,0,232.39,15.29,3.5532,35.16,3.95,0.1389,25.74,5.53,0.1423,3.8344,0.9586
2557,2026-08-27 15:15:00,2026-08-27,15:15,15.25,3,0,231.06,14.95,3.4543,36.75,3.66,0.1345,26.62,5.09,0.1355,3.7243,0.9311
2558,2026-08-27 15:30:00,2026-08-27,15:30,15.5,3,0,230.6,15.3,3.5282,36.21,4.02,0.1456,26.34,4.34,0.1143,3.7881,0.947
2559,2026-08-27 15:45:00,2026-08-27,15:45,15.75,3,0,227.28,14.25,3.2387,35.71,3.83,0.1368,26.05,5.43,0.1414,3.5169,0.8792
2560,2026-08-27 16:00:00,2026-08-27,16:00,16.0,3,0,229.12,15.42,3.533,35.47,4.74,0.1681,25.06,4.06,0.1017,3.8028,0.9507
2561,2026-08-27 16:15:00,2026-08-27,16:15,16.25,3,0,226.64,13.28,3.0098,34.4,3.45,0.1187,23.69,4.45,0.1054,3.2339,0.8085
2562,2026-08-27 16:30:00,2026-08-27,16:30,16.5,3,0,228.93,15.25,3.4912,33.81,2.8,0.0947,23.96,2.03,0.0486,3.6345,0.9086
2563,2026-08-27 16:45:00,2026-08-27,16:45,16.75,3,0,226.34,13.52,3.0601,35.6,2.59,0.0922,19.63,3.5,0.0687,3.221,0.8053
2564,2026-08-27 17:00:00,2026-08-27,17:00,17.0,3,0,227.66,12.73,2.8981,35.15,2.57,0.0903,22.77,2.99,0.0681,3.0565,0.7641
2565,2026-08-27 17:15:00,2026-08-27,17:15,17.25,3,0,228.85,13.41,3.0689,33.87,2.39,0.081,20.3,0.96,0.0195,3.1694,0.7923
2566,2026-08-27 17:30:00,2026-08-27,17:30,17.5,3,0,229.98,12.62,2.9023,32.55,0.96,0.0312,19.07,1.02,0.0194,2.9529,0.7382
2567,2026-08-27 17:45:00,2026-08-27,17:45,17.75,3,0,229.67,13.17,3.0248,34.21,1.08,0.037,22.51,2.0,0.045,3.1068,0.7767
2568,2026-08-27 18:00:00,2026-08-27,18:00,18.0,3,0,225.4,12.63,2.8468,31.41,1.8,0.0565,23.92,2.66,0.0636,2.9669,0.7417
2569,2026-08-27 18:15:00,2026-08-27,18:15,18.25,3,0,232.38,11.92,2.77,32.97,0.0,0.0,16.55,0.0,0.0,2.77,0.6925
2570,2026-08-27 18:30:00,2026-08-27,18:30,18.5,3,0,233.86,13.27,3.1033,30.88,0.65,0.0201,17.79,1.58,0.0281,3.1515,0.7879
2571,2026-08-27 18:45:00,2026-08-27,18:45,18.75,3,0,229.97,12.27,2.8217,0.05,0.0,0.0,18.5,0.66,0.0122,2.8339,0.7085
2572,2026-08-27 19:00:00,2026-08-27,19:00,19.0,3,0,229.62,12.19,2.7991,0.74,0.0,0.0,17.24,1.96,0.0338,2.8329,0.7082
2573,2026-08-27 19:15:00,2026-08-27,19:15,19.25,3,0,229.87,3.95,0.908,0.16,0.0,0.0,19.37,1.11,0.0215,0.9295,0.2324
2574,2026-08-27 19:30:00,2026-08-27,19:30,19.5,3,0,230.36,4.21,0.9698,0.51,0.0,0.0,17.69,1.78,0.0315,1.0013,0.2503
2575,2026-08-27 19:45:00,2026-08-27,19:45,19.75,3,0,227.2,4.89,1.111,0.13,0.0,0.0,20.54,1.77,0.0364,1.1474,0.2868
2576,2026-08-27 20:00:00,2026-08-27,20:00,20.0,3,0,229.57,3.89,0.893,0.64,0.0,0.0,16.59,0.28,0.0047,0.8977,0.2244
2577,2026-08-27 20:15:00,2026-08-27,20:15,20.25,3,0,228.95,5.66,1.2959,0.67,0.0,0.0,17.18,1.41,0.0242,1.3201,0.33
2578,2026-08-27 20:30:00,2026-08-27,20:30,20.5,3,0,228.51,5.05,1.154,0.59,0.0,0.0,18.42,1.14,0.021,1.175,0.2938
2579,2026-08-27 20:45:00,2026-08-27,20:45,20.75,3,0,230.41,4.61,1.0622,0.13,0.0,0.0,20.43,1.89,0.0386,1.1008,0.2752
2580,2026-08-27 21:00:00,2026-08-27,21:00,21.0,3,0,227.59,5.6,1.2745,0.62,0.0,0.0,18.61,1.85,0.0344,1.3089,0.3272
2581,2026-08-27 21:15:00,2026-08-27,21:15,21.25,3,0,231.12,4.53,1.047,0.45,0.0,0.0,17.69,0.57,0.0101,1.0571,0.2643
2582,2026-08-27 21:30:00,2026-08-27,21:30,21.5,3,0,229.43,3.62,0.8305,0.26,0.0,0.0,17.23,0.89,0.0153,0.8458,0.2114
2583,2026-08-27 21:45:00,2026-08-27,21:45,21.75,3,0,230.52,4.27,0.9843,0.1,0.0,0.0,18.06,2.43,0.0439,1.0282,0.2571
2584,2026-08-27 22:00:00,2026-08-27,22:00,22.0,3,0,226.94,3.75,0.851,0.67,0.0,0.0,18.13,0.73,0.0132,0.8642,0.216
2585,2026-08-27 22:15:00,2026-08-27,22:15,22.25,3,0,227.39,3.74,0.8504,0.24,0.0,0.0,18.46,1.58,0.0292,0.8796,0.2199
2586,2026-08-27 22:30:00,2026-08-27,22:30,22.5,3,0,227.34,2.28,0.5183,0.45,0.0,0.0,19.05,1.41,0.0269,0.5452,0.1363
2587,2026-08-27 22:45:00,2026-08-27,22:45,22.75,3,0,228.86,3.37,0.7713,0.02,0.0,0.0,20.04,1.54,0.0309,0.8022,0.2006
2588,2026-08-27 23:00:00,2026-08-27,23:00,23.0,3,0,225.28,3.82,0.8606,0.07,0.0,0.0,20.23,2.47,0.05,0.9106,0.2276
2589,2026-08-27 23:15:00,2026-08-27,23:15,23.25,3,0,224.43,4.02,0.9022,0.49,0.0,0.0,19.12,0.92,0.0176,0.9198,0.2299
2590,2026-08-27 23:30:00,2026-08-27,23:30,23.5,3,0,226.74,3.75,0.8503,0.6,0.0,0.0,19.53,0.58,0.0113,0.8616,0.2154
2591,2026-08-27 23:45:00,2026-08-27,23:45,23.75,3,0,227.03,3.3,0.7492,0.35,0.0,0.0,18.15,0.66,0.012,0.7612,0.1903
2592,2026-08-28 00:00:00,2026-08-28,00:00,0.0,4,0,228.31,3.8,0.8676,0.16,0.0,0.0,24.07,4.71,0.1134,0.981,0.2452
2593,2026-08-28 00:15:00,2026-08-28,00:15,0.25,4,0,229.03,3.81,0.8726,0.75,0.0,0.0,26.65,5.25,0.1399,1.0125,0.2531
2594,2026-08-28 00:30:00,2026-08-28,00:30,0.5,4,0,227.69,3.13,0.7127,0.0,0.0,0.0,25.69,5.2,0.1336,0.8463,0.2116
2595,2026-08-28 00:45:00,2026-08-28,00:45,0.75,4,0,226.37,2.7,0.6112,0.41,0.0,0.0,25.54,4.23,0.108,0.7192,0.1798
2596,2026-08-28 01:00:00,2026-08-28,01:00,1.0,4,0,226.16,4.45,1.0064,0.56,0.0,0.0,25.43,4.96,0.1261,1.1325,0.2831
2597,2026-08-28 01:15:00,2026-08-28,01:15,1.25,4,0,227.36,2.96,0.673,0.51,0.0,0.0,26.97,5.0,0.1348,0.8078,0.2019
2598,2026-08-28 01:30:00,2026-08-28,01:30,1.5,4,0,226.53,3.74,0.8472,0.48,0.0,0.0,22.37,4.08,0.0913,0.9385,0.2346
2599,2026-08-28 01:45:00,2026-08-28,01:45,1.75,4,0,224.54,4.93,1.107,0.24,0.0,0.0,24.1,4.08,0.0983,1.2053,0.3013
2600,2026-08-28 02:00:00,2026-08-28,02:00,2.0,4,0,224.81,4.13,0.9285,0.21,0.0,0.0,22.62,2.54,0.0575,0.986,0.2465
2601,2026-08-28 02:15:00,2026-08-28,02:15,2.25,4,0,225.19,3.94,0.8872,0.26,0.0,0.0,21.19,2.28,0.0483,0.9355,0.2339
2602,2026-08-28 02:30:00,2026-08-28,02:30,2.5,4,0,226.35,2.62,0.593,0.65,0.0,0.0,22.37,2.86,0.064,0.657,0.1643
2603,2026-08-28 02:45:00,2026-08-28,02:45,2.75,4,0,225.97,5.27,1.1909,0.79,0.0,0.0,22.36,3.13,0.07,1.2609,0.3152
2604,2026-08-28 03:00:00,2026-08-28,03:00,3.0,4,0,224.63,5.13,1.1523,0.13,0.0,0.0,20.14,1.08,0.0217,1.174,0.2935
2605,2026-08-28 03:15:00,2026-08-28,03:15,3.25,4,0,224.59,4.87,1.0938,0.56,0.0,0.0,19.63,1.52,0.0298,1.1236,0.2809
2606,2026-08-28 03:30:00,2026-08-28,03:30,3.5,4,0,226.06,5.33,1.2049,0.72,0.0,0.0,16.9,1.17,0.0198,1.2247,0.3062
2607,2026-08-28 03:45:00,2026-08-28,03:45,3.75,4,0,223.89,6.19,1.3859,0.55,0.0,0.0,16.77,1.28,0.0215,1.4074,0.3518
2608,2026-08-28 04:00:00,2026-08-28,04:00,4.0,4,0,227.48,6.16,1.4013,0.47,0.0,0.0,17.74,1.8,0.0319,1.4332,0.3583
2609,2026-08-28 04:15:00,2026-08-28,04:15,4.25,4,0,228.19,5.1,1.1638,0.75,0.0,0.0,16.68,0.25,0.0042,1.168,0.292
2610,2026-08-28 04:30:00,2026-08-28,04:30,4.5,4,0,226.85,4.19,0.9505,0.33,0.0,0.0,18.29,0.0,0.0,0.9505,0.2376
2611,2026-08-28 04:45:00,2026-08-28,04:45,4.75,4,0,224.33,3.21,0.7201,0.44,0.0,0.0,18.35,1.41,0.0259,0.746,0.1865
2612,2026-08-28 05:00:00,2026-08-28,05:00,5.0,4,0,226.57,3.26,0.7386,0.67,0.0,0.0,21.41,2.59,0.0555,0.7941,0.1985
2613,2026-08-28 05:15:00,2026-08-28,05:15,5.25,4,0,224.7,4.93,1.1078,0.14,0.0,0.0,18.23,1.37,0.025,1.1328,0.2832
2614,2026-08-28 05:30:00,2026-08-28,05:30,5.5,4,0,229.21,5.88,1.3478,0.31,0.0,0.0,17.63,0.94,0.0166,1.3644,0.3411
2615,2026-08-28 05:45:00,2026-08-28,05:45,5.75,4,0,226.86,4.12,0.9347,0.5,0.0,0.0,19.38,2.58,0.05,0.9847,0.2462
2616,2026-08-28 06:00:00,2026-08-28,06:00,6.0,4,0,225.53,4.4,0.9923,30.53,0.13,0.004,19.42,2.06,0.04,1.0363,0.2591
2617,2026-08-28 06:15:00,2026-08-28,06:15,6.25,4,0,225.94,4.92,1.1116,31.59,1.03,0.0325,19.44,0.88,0.0171,1.1612,0.2903
2618,2026-08-28 06:30:00,2026-08-28,06:30,6.5,4,0,224.54,4.22,0.9476,32.04,1.15,0.0369,18.12,2.35,0.0426,1.0271,0.2568
2619,2026-08-28 06:45:00,2026-08-28,06:45,6.75,4,0,226.35,3.81,0.8624,33.81,0.32,0.0108,19.21,0.37,0.0071,0.8803,0.2201
2620,2026-08-28 07:00:00,2026-08-28,07:00,7.0,4,0,225.66,4.39,0.9907,33.26,0.73,0.0243,19.62,1.6,0.0314,1.0464,0.2616
2621,2026-08-28 07:15:00,2026-08-28,07:15,7.25,4,0,233.28,3.96,0.9238,33.51,2.27,0.0761,19.22,2.07,0.0398,1.0397,0.2599
2622,2026-08-28 07:30:00,2026-08-28,07:30,7.5,4,0,227.92,4.06,0.9254,35.25,2.81,0.099,21.92,3.06,0.0671,1.0915,0.2729
2623,2026-08-28 07:45:00,2026-08-28,07:45,7.75,4,0,228.42,2.15,0.4911,34.87,3.28,0.1144,19.09,1.72,0.0328,0.6383,0.1596
2624,2026-08-28 08:00:00,2026-08-28,08:00,8.0,4,0,227.62,11.11,2.5289,34.83,3.17,0.1104,18.81,1.11,0.0209,2.6602,0.6651
2625,2026-08-28 08:15:00,2026-08-28,08:15,8.25,4,0,224.36,12.14,2.7237,35.29,3.27,0.1154,20.72,1.69,0.035,2.8741,0.7185
2626,2026-08-28 08:30:00,2026-08-28,08:30,8.5,4,0,228.89,12.62,2.8886,34.37,3.84,0.132,20.33,1.87,0.038,3.0586,0.7647
2627,2026-08-28 08:45:00,2026-08-28,08:45,8.75,4,0,227.44,12.62,2.8703,35.11,4.08,0.1432,19.58,1.99,0.039,3.0525,0.7631
2628,2026-08-28 09:00:00,2026-08-28,09:00,9.0,4,0,223.75,12.75,2.8528,36.51,2.79,0.1019,18.44,1.36,0.0251,2.9798,0.745
2629,2026-08-28 09:15:00,2026-08-28,09:15,9.25,4,0,222.9,12.85,2.8643,34.9,3.44,0.1201,19.18,1.56,0.0299,3.0143,0.7536
2630,2026-08-28 09:30:00,2026-08-28,09:30,9.5,4,0,225.01,13.72,3.0871,35.47,3.39,0.1202,19.89,2.13,0.0424,3.2497,0.8124
2631,2026-08-28 09:45:00,2026-08-28,09:45,9.75,4,0,224.89,13.51,3.0383,36.14,3.76,0.1359,19.65,2.55,0.0501,3.2243,0.8061
2632,2026-08-28 10:00:00,2026-08-28,10:00,10.0,4,0,226.79,12.04,2.7306,35.2,2.88,0.1014,17.32,1.39,0.0241,2.8561,0.714
2633,2026-08-28 10:15:00,2026-08-28,10:15,10.25,4,0,224.54,14.57,3.2716,35.04,3.6,0.1261,19.23,1.69,0.0325,3.4302,0.8576
2634,2026-08-28 10:30:00,2026-08-28,10:30,10.5,4,0,225.28,12.76,2.8746,35.51,3.97,0.141,20.32,1.84,0.0374,3.053,0.7632
2635,2026-08-28 10:45:00,2026-08-28,10:45,10.75,4,0,222.57,13.17,2.9312,36.2,3.48,0.126,17.51,0.72,0.0126,3.0698,0.7674
2636,2026-08-28 11:00:00,2026-08-28,11:00,11.0,4,0,227.75,15.41,3.5096,36.37,3.64,0.1324,16.8,1.94,0.0326,3.6746,0.9186
2637,2026-08-28 11:15:00,2026-08-28,11:15,11.25,4,0,227.36,14.58,3.3149,36.83,4.5,0.1657,16.81,1.32,0.0222,3.5028,0.8757
2638,2026-08-28 11:30:00,2026-08-28,11:30,11.5,4,0,229.18,13.87,3.1787,36.88,5.04,0.1859,15.86,0.19,0.003,3.3676,0.8419
2639,2026-08-28 11:45:00,2026-08-28,11:45,11.75,4,0,226.42,14.87,3.3669,36.61,6.11,0.2237,18.04,0.48,0.0087,3.5993,0.8998
2640,2026-08-28 12:00:00,2026-08-28,12:00,12.0,4,0,226.84,15.45,3.5047,37.93,5.9,0.2238,16.87,0.0,0.0,3.7285,0.9321
2641,2026-08-28 12:15:00,2026-08-28,12:15,12.25,4,0,227.86,13.72,3.1262,37.42,5.49,0.2054,18.9,1.55,0.0293,3.3609,0.8402
2642,2026-08-28 12:30:00,2026-08-28,12:30,12.5,4,0,228.37,14.32,3.2703,37.59,5.44,0.2045,18.08,0.16,0.0029,3.4777,0.8694
2643,2026-08-28 12:45:00,2026-08-28,12:45,12.75,4,0,226.49,14.17,3.2094,38.23,5.8,0.2217,19.46,1.35,0.0263,3.4574,0.8643
2644,2026-08-28 13:00:00,2026-08-28,13:00,13.0,4,0,223.87,15.48,3.4655,38.91,5.88,0.2288,17.12,1.05,0.018,3.7123,0.9281
2645,2026-08-28 13:15:00,2026-08-28,13:15,13.25,4,0,229.55,14.16,3.2504,37.03,5.91,0.2188,17.99,0.62,0.0112,3.4804,0.8701
2646,2026-08-28 13:30:00,2026-08-28,13:30,13.5,4,0,226.3,15.69,3.5507,36.42,5.41,0.197,18.08,0.56,0.0101,3.7578,0.9395
2647,2026-08-28 13:45:00,2026-08-28,13:45,13.75,4,0,229.42,15.87,3.6409,36.62,5.56,0.2036,17.09,0.0,0.0,3.8445,0.9611
2648,2026-08-28 14:00:00,2026-08-28,14:00,14.0,4,0,228.89,15.29,3.4997,37.65,4.85,0.1826,16.4,0.0,0.0,3.6823,0.9206
2649,2026-08-28 14:15:00,2026-08-28,14:15,14.25,4,0,227.7,16.0,3.6432,37.43,4.13,0.1546,16.87,1.58,0.0267,3.8245,0.9561
2650,2026-08-28 14:30:00,2026-08-28,14:30,14.5,4,0,232.61,14.92,3.4705,36.24,4.49,0.1627,17.84,0.77,0.0137,3.6469,0.9117
2651,2026-08-28 14:45:00,2026-08-28,14:45,14.75,4,0,229.63,13.38,3.0724,35.28,3.25,0.1147,16.56,0.0,0.0,3.1871,0.7968
2652,2026-08-28 15:00:00,2026-08-28,15:00,15.0,4,0,225.71,15.0,3.3857,34.59,3.42,0.1183,18.41,0.66,0.0122,3.5162,0.879
2653,2026-08-28 15:15:00,2026-08-28,15:15,15.25,4,0,226.97,14.88,3.3773,34.93,3.47,0.1212,18.86,0.0,0.0,3.4985,0.8746
2654,2026-08-28 15:30:00,2026-08-28,15:30,15.5,4,0,228.36,15.42,3.5213,33.0,2.88,0.095,17.85,1.14,0.0204,3.6367,0.9092
2655,2026-08-28 15:45:00,2026-08-28,15:45,15.75,4,0,229.41,13.36,3.0649,34.67,2.71,0.094,20.85,1.96,0.0409,3.1998,0.8
2656,2026-08-28 16:00:00,2026-08-28,16:00,16.0,4,0,232.8,14.39,3.35,35.86,2.12,0.076,17.86,0.97,0.0173,3.4433,0.8608
2657,2026-08-28 16:15:00,2026-08-28,16:15,16.25,4,0,229.72,14.12,3.2437,34.63,3.27,0.1132,16.83,0.0,0.0,3.3569,0.8392
2658,2026-08-28 16:30:00,2026-08-28,16:30,16.5,4,0,228.25,13.48,3.0768,33.59,1.69,0.0568,19.1,1.23,0.0235,3.1571,0.7893
2659,2026-08-28 16:45:00,2026-08-28,16:45,16.75,4,0,230.14,13.2,3.0378,34.93,2.02,0.0706,19.96,0.6,0.012,3.1204,0.7801
2660,2026-08-28 17:00:00,2026-08-28,17:00,17.0,4,0,232.16,13.94,3.2363,33.19,1.35,0.0448,17.83,0.72,0.0128,3.2939,0.8235
2661,2026-08-28 17:15:00,2026-08-28,17:15,17.25,4,0,227.47,11.32,2.575,33.32,1.62,0.054,22.59,2.22,0.0502,2.6792,0.6698
2662,2026-08-28 17:30:00,2026-08-28,17:30,17.5,4,0,229.71,13.73,3.1539,33.0,1.51,0.0498,20.33,2.16,0.0439,3.2476,0.8119
2663,2026-08-28 17:45:00,2026-08-28,17:45,17.75,4,0,229.6,13.47,3.0927,32.36,1.16,0.0375,22.69,2.64,0.0599,3.1901,0.7975
2664,2026-08-28 18:00:00,2026-08-28,18:00,18.0,4,0,230.93,14.19,3.2769,32.75,1.15,0.0377,21.37,2.44,0.0521,3.3667,0.8417
2665,2026-08-28 18:15:00,2026-08-28,18:15,18.25,4,0,232.03,12.51,2.9027,31.39,0.23,0.0072,22.63,2.76,0.0625,2.9724,0.7431
2666,2026-08-28 18:30:00,2026-08-28,18:30,18.5,4,0,234.34,11.61,2.7207,32.09,0.0,0.0,21.9,2.24,0.0491,2.7698,0.6925
2667,2026-08-28 18:45:00,2026-08-28,18:45,18.75,4,0,234.59,13.1,3.0731,0.56,0.0,0.0,19.93,2.25,0.0448,3.1179,0.7795
2668,2026-08-28 19:00:00,2026-08-28,19:00,19.0,4,0,236.21,12.09,2.8558,0.06,0.0,0.0,19.87,2.69,0.0535,2.9093,0.7273
2669,2026-08-28 19:15:00,2026-08-28,19:15,19.25,4,0,233.34,5.96,1.3907,0.52,0.0,0.0,18.74,1.54,0.0289,1.4196,0.3549
2670,2026-08-28 19:30:00,2026-08-28,19:30,19.5,4,0,236.0,4.28,1.0101,0.47,0.0,0.0,20.4,2.59,0.0528,1.0629,0.2657
2671,2026-08-28 19:45:00,2026-08-28,19:45,19.75,4,0,233.48,5.86,1.3682,0.74,0.0,0.0,19.11,2.71,0.0518,1.42,0.355
2672,2026-08-28 20:00:00,2026-08-28,20:00,20.0,4,0,234.63,4.4,1.0324,0.37,0.0,0.0,19.46,1.85,0.036,1.0684,0.2671
2673,2026-08-28 20:15:00,2026-08-28,20:15,20.25,4,0,233.84,4.63,1.0827,0.22,0.0,0.0,21.17,2.4,0.0508,1.1335,0.2834
2674,2026-08-28 20:30:00,2026-08-28,20:30,20.5,4,0,232.64,5.07,1.1795,0.39,0.0,0.0,18.89,1.97,0.0372,1.2167,0.3042
2675,2026-08-28 20:45:00,2026-08-28,20:45,20.75,4,0,235.06,5.48,1.2881,0.0,0.0,0.0,17.6,1.19,0.0209,1.309,0.3272
2676,2026-08-28 21:00:00,2026-08-28,21:00,21.0,4,0,236.59,5.26,1.2445,0.45,0.0,0.0,20.18,1.55,0.0313,1.2758,0.319
2677,2026-08-28 21:15:00,2026-08-28,21:15,21.25,4,0,235.29,5.21,1.2259,0.79,0.0,0.0,19.59,1.39,0.0272,1.2531,0.3133
2678,2026-08-28 21:30:00,2026-08-28,21:30,21.5,4,0,234.89,3.38,0.7939,0.65,0.0,0.0,18.82,0.43,0.0081,0.802,0.2005
2679,2026-08-28 21:45:00,2026-08-28,21:45,21.75,4,0,235.05,4.45,1.046,0.79,0.0,0.0,19.38,1.36,0.0264,1.0724,0.2681
2680,2026-08-28 22:00:00,2026-08-28,22:00,22.0,4,0,232.4,3.55,0.825,0.76,0.0,0.0,17.61,2.06,0.0363,0.8613,0.2153
2681,2026-08-28 22:15:00,2026-08-28,22:15,22.25,4,0,230.59,2.86,0.6595,0.74,0.0,0.0,19.48,2.29,0.0446,0.7041,0.176
2682,2026-08-28 22:30:00,2026-08-28,22:30,22.5,4,0,236.5,3.42,0.8088,0.53,0.0,0.0,15.35,0.01,0.0001,0.8089,0.2022
2683,2026-08-28 22:45:00,2026-08-28,22:45,22.75,4,0,231.97,5.02,1.1645,0.59,0.0,0.0,18.02,2.1,0.0378,1.2023,0.3006
2684,2026-08-28 23:00:00,2026-08-28,23:00,23.0,4,0,235.71,3.46,0.8156,0.5,0.0,0.0,22.79,3.67,0.0836,0.8992,0.2248
2685,2026-08-28 23:15:00,2026-08-28,23:15,23.25,4,0,234.53,3.81,0.8936,0.03,0.0,0.0,24.49,2.38,0.0583,0.9519,0.238
2686,2026-08-28 23:30:00,2026-08-28,23:30,23.5,4,0,232.32,4.21,0.9781,0.77,0.0,0.0,21.71,3.06,0.0664,1.0445,0.2611
2687,2026-08-28 23:45:00,2026-08-28,23:45,23.75,4,0,227.93,2.65,0.604,0.08,0.0,0.0,26.77,4.86,0.1301,0.7341,0.1835
2688,2026-08-29 00:00:00,2026-08-29,00:00,0.0,5,1,232.77,2.77,0.6448,0.55,0.0,0.0,19.7,0.52,0.0102,0.655,0.1638
2689,2026-08-29 00:15:00,2026-08-29,00:15,0.25,5,1,230.41,4.47,1.0299,0.51,0.0,0.0,16.83,1.76,0.0296,1.0595,0.2649
2690,2026-08-29 00:30:00,2026-08-29,00:30,0.5,5,1,230.98,3.81,0.88,0.13,0.0,0.0,15.62,0.84,0.0131,0.8931,0.2233
2691,2026-08-29 00:45:00,2026-08-29,00:45,0.75,5,1,233.48,3.17,0.7401,0.74,0.0,0.0,19.74,0.0,0.0,0.7401,0.185
2692,2026-08-29 01:00:00,2026-08-29,01:00,1.0,5,1,227.89,3.27,0.7452,0.18,0.0,0.0,19.19,1.53,0.0294,0.7746,0.1936
2693,2026-08-29 01:15:00,2026-08-29,01:15,1.25,5,1,230.46,3.57,0.8227,0.69,0.0,0.0,17.24,1.32,0.0228,0.8455,0.2114
2694,2026-08-29 01:30:00,2026-08-29,01:30,1.5,5,1,229.09,2.55,0.5842,0.68,0.0,0.0,18.2,1.59,0.0289,0.6131,0.1533
2695,2026-08-29 01:45:00,2026-08-29,01:45,1.75,5,1,235.52,3.37,0.7937,0.5,0.0,0.0,19.29,1.05,0.0203,0.814,0.2035
2696,2026-08-29 02:00:00,2026-08-29,02:00,2.0,5,1,236.67,2.75,0.6508,0.33,0.0,0.0,20.35,1.72,0.035,0.6858,0.1714
2697,2026-08-29 02:15:00,2026-08-29,02:15,2.25,5,1,230.19,5.48,1.2614,0.49,0.0,0.0,18.74,2.6,0.0487,1.3101,0.3275
2698,2026-08-29 02:30:00,2026-08-29,02:30,2.5,5,1,231.45,4.0,0.9258,0.07,0.0,0.0,18.77,2.75,0.0516,0.9774,0.2444
2699,2026-08-29 02:45:00,2026-08-29,02:45,2.75,5,1,231.11,4.24,0.9799,0.74,0.0,0.0,20.46,1.23,0.0252,1.0051,0.2513
2700,2026-08-29 03:00:00,2026-08-29,03:00,3.0,5,1,229.81,5.06,1.1628,0.77,0.0,0.0,20.26,2.29,0.0464,1.2092,0.3023
2701,2026-08-29 03:15:00,2026-08-29,03:15,3.25,5,1,231.47,4.58,1.0601,0.77,0.0,0.0,16.46,1.73,0.0285,1.0886,0.2722
2702,2026-08-29 03:30:00,2026-08-29,03:30,3.5,5,1,226.66,3.82,0.8658,0.28,0.0,0.0,18.09,1.7,0.0307,0.8965,0.2241
2703,2026-08-29 03:45:00,2026-08-29,03:45,3.75,5,1,227.83,4.71,1.0731,0.24,0.0,0.0,20.48,1.82,0.0373,1.1104,0.2776
2704,2026-08-29 04:00:00,2026-08-29,04:00,4.0,5,1,229.45,4.83,1.1082,0.23,0.0,0.0,21.01,3.46,0.0727,1.1809,0.2952
2705,2026-08-29 04:15:00,2026-08-29,04:15,4.25,5,1,228.03,5.74,1.3089,0.46,0.0,0.0,20.95,1.23,0.0258,1.3347,0.3337
2706,2026-08-29 04:30:00,2026-08-29,04:30,4.5,5,1,227.42,4.47,1.0166,0.39,0.0,0.0,17.98,0.24,0.0043,1.0209,0.2552
2707,2026-08-29 04:45:00,2026-08-29,04:45,4.75,5,1,228.43,3.29,0.7515,0.39,0.0,0.0,19.86,2.27,0.0451,0.7966,0.1991
2708,2026-08-29 05:00:00,2026-08-29,05:00,5.0,5,1,228.08,4.47,1.0195,0.69,0.0,0.0,17.16,1.08,0.0185,1.038,0.2595
2709,2026-08-29 05:15:00,2026-08-29,05:15,5.25,5,1,229.23,3.62,0.8298,0.35,0.0,0.0,17.77,1.04,0.0185,0.8483,0.2121
2710,2026-08-29 05:30:00,2026-08-29,05:30,5.5,5,1,227.1,4.01,0.9107,0.18,0.0,0.0,16.59,0.26,0.0043,0.915,0.2288
2711,2026-08-29 05:45:00,2026-08-29,05:45,5.75,5,1,228.81,5.4,1.2356,0.23,0.0,0.0,16.88,0.85,0.0143,1.2499,0.3125
2712,2026-08-29 06:00:00,2026-08-29,06:00,6.0,5,1,225.33,3.69,0.8315,32.6,1.29,0.042,17.26,0.99,0.0171,0.8906,0.2226
2713,2026-08-29 06:15:00,2026-08-29,06:15,6.25,5,1,226.76,4.69,1.0635,32.05,0.86,0.0276,18.96,0.33,0.0063,1.0974,0.2743
2714,2026-08-29 06:30:00,2026-08-29,06:30,6.5,5,1,227.07,4.64,1.0536,32.59,1.51,0.0492,16.19,0.97,0.0157,1.1185,0.2796
2715,2026-08-29 06:45:00,2026-08-29,06:45,6.75,5,1,225.76,3.46,0.7811,34.4,1.82,0.0626,19.17,1.7,0.0326,0.8763,0.2191
2716,2026-08-29 07:00:00,2026-08-29,07:00,7.0,5,1,229.62,3.93,0.9024,35.81,3.16,0.1132,19.09,0.92,0.0176,1.0332,0.2583
2717,2026-08-29 07:15:00,2026-08-29,07:15,7.25,5,1,226.53,3.75,0.8495,36.03,3.52,0.1268,21.98,2.62,0.0576,1.0339,0.2585
2718,2026-08-29 07:30:00,2026-08-29,07:30,7.5,5,1,225.25,3.29,0.7411,35.8,4.28,0.1532,19.84,1.87,0.0371,0.9314,0.2329
2719,2026-08-29 07:45:00,2026-08-29,07:45,7.75,5,1,228.26,2.66,0.6072,37.77,3.61,0.1363,21.14,3.16,0.0668,0.8103,0.2026
2720,2026-08-29 08:00:00,2026-08-29,08:00,8.0,5,1,227.49,3.35,0.7621,37.62,5.83,0.2193,20.67,1.04,0.0215,1.0029,0.2507
2721,2026-08-29 08:15:00,2026-08-29,08:15,8.25,5,1,226.71,3.55,0.8048,38.83,6.55,0.2543,21.04,1.55,0.0326,1.0917,0.2729
2722,2026-08-29 08:30:00,2026-08-29,08:30,8.5,5,1,229.76,2.76,0.6341,37.74,6.71,0.2532,21.42,3.77,0.0808,0.9681,0.242
2723,2026-08-29 08:45:00,2026-08-29,08:45,8.75,5,1,224.64,2.7,0.6065,39.13,8.11,0.3173,22.98,4.47,0.1027,1.0265,0.2566
2724,2026-08-29 09:00:00,2026-08-29,09:00,9.0,5,1,227.12,2.52,0.5723,41.41,8.85,0.3665,27.43,4.53,0.1243,1.0631,0.2658
2725,2026-08-29 09:15:00,2026-08-29,09:15,9.25,5,1,230.69,2.13,0.4914,42.31,11.19,0.4734,21.09,2.36,0.0498,1.0146,0.2536
2726,2026-08-29 09:30:00,2026-08-29,09:30,9.5,5,1,229.96,1.91,0.4392,42.75,10.86,0.4643,24.71,4.47,0.1105,1.014,0.2535
2727,2026-08-29 09:45:00,2026-08-29,09:45,9.75,5,1,226.73,1.42,0.322,43.52,12.92,0.5623,25.72,4.85,0.1247,1.009,0.2522
2728,2026-08-29 10:00:00,2026-08-29,10:00,10.0,5,1,225.43,3.46,0.78,43.59,12.94,0.564,26.92,5.45,0.1467,1.4907,0.3727
2729,2026-08-29 10:15:00,2026-08-29,10:15,10.25,5,1,226.03,2.18,0.4928,44.88,12.09,0.5426,22.73,3.34,0.0759,1.1113,0.2778
2730,2026-08-29 10:30:00,2026-08-29,10:30,10.5,5,1,223.89,2.42,0.5418,44.76,13.27,0.594,24.37,2.58,0.0629,1.1987,0.2997
2731,2026-08-29 10:45:00,2026-08-29,10:45,10.75,5,1,225.73,1.87,0.4221,44.89,12.52,0.562,26.01,5.07,0.1319,1.116,0.279
2732,2026-08-29 11:00:00,2026-08-29,11:00,11.0,5,1,227.3,3.18,0.7228,44.48,12.63,0.5618,28.54,6.0,0.1712,1.4558,0.3639
2733,2026-08-29 11:15:00,2026-08-29,11:15,11.25,5,1,230.94,1.23,0.2841,44.26,13.41,0.5935,27.48,6.82,0.1874,1.065,0.2662
2734,2026-08-29 11:30:00,2026-08-29,11:30,11.5,5,1,228.68,3.73,0.853,44.15,11.97,0.5285,27.92,5.01,0.1399,1.5214,0.3804
2735,2026-08-29 11:45:00,2026-08-29,11:45,11.75,5,1,224.49,1.56,0.3502,43.36,11.92,0.5169,24.49,3.56,0.0872,0.9543,0.2386
2736,2026-08-29 12:00:00,2026-08-29,12:00,12.0,5,1,227.91,1.47,0.335,43.05,11.9,0.5123,26.85,5.54,0.1487,0.996,0.249
2737,2026-08-29 12:15:00,2026-08-29,12:15,12.25,5,1,226.19,2.6,0.5881,42.59,10.57,0.4502,29.62,5.19,0.1537,1.192,0.298
2738,2026-08-29 12:30:00,2026-08-29,12:30,12.5,5,1,228.87,2.02,0.4623,42.37,11.14,0.472,25.61,3.95,0.1012,1.0355,0.2589
2739,2026-08-29 12:45:00,2026-08-29,12:45,12.75,5,1,223.51,1.11,0.2481,42.56,10.12,0.4307,29.57,6.79,0.2008,0.8796,0.2199
2740,2026-08-29 13:00:00,2026-08-29,13:00,13.0,5,1,226.45,2.06,0.4665,41.25,11.2,0.462,25.7,5.46,0.1403,1.0688,0.2672
2741,2026-08-29 13:15:00,2026-08-29,13:15,13.25,5,1,225.21,1.86,0.4189,42.69,10.47,0.447,23.72,3.32,0.0788,0.9447,0.2362
2742,2026-08-29 13:30:00,2026-08-29,13:30,13.5,5,1,228.74,1.0,0.2287,43.63,11.58,0.5052,20.49,1.51,0.0309,0.7648,0.1912
2743,2026-08-29 13:45:00,2026-08-29,13:45,13.75,5,1,225.04,2.87,0.6459,43.02,12.18,0.524,21.61,1.92,0.0415,1.2114,0.3029
2744,2026-08-29 14:00:00,2026-08-29,14:00,14.0,5,1,224.83,2.18,0.4901,42.82,11.13,0.4766,21.16,3.24,0.0686,1.0353,0.2588
2745,2026-08-29 14:15:00,2026-08-29,14:15,14.25,5,1,228.36,3.23,0.7376,44.12,12.27,0.5413,18.34,1.43,0.0262,1.3051,0.3263
2746,2026-08-29 14:30:00,2026-08-29,14:30,14.5,5,1,229.42,2.98,0.6837,44.59,11.64,0.519,20.18,2.51,0.0507,1.2534,0.3134
2747,2026-08-29 14:45:00,2026-08-29,14:45,14.75,5,1,226.66,2.58,0.5848,44.0,11.44,0.5034,22.64,2.64,0.0598,1.148,0.287
2748,2026-08-29 15:00:00,2026-08-29,15:00,15.0,5,1,227.07,3.97,0.9015,43.58,12.02,0.5238,19.8,1.04,0.0206,1.4459,0.3615
2749,2026-08-29 15:15:00,2026-08-29,15:15,15.25,5,1,223.12,3.06,0.6827,43.62,11.25,0.4907,23.22,2.82,0.0655,1.2389,0.3097
2750,2026-08-29 15:30:00,2026-08-29,15:30,15.5,5,1,227.11,2.5,0.5678,43.46,10.58,0.4598,16.4,1.64,0.0269,1.0545,0.2636
2751,2026-08-29 15:45:00,2026-08-29,15:45,15.75,5,1,225.62,4.52,1.0198,38.77,10.12,0.3924,21.67,2.62,0.0568,1.469,0.3673
2752,2026-08-29 16:00:00,2026-08-29,16:00,16.0,5,1,231.05,3.87,0.8942,39.28,7.53,0.2958,21.31,1.71,0.0364,1.2264,0.3066
2753,2026-08-29 16:15:00,2026-08-29,16:15,16.25,5,1,227.71,3.12,0.7105,39.0,7.69,0.2999,26.32,4.12,0.1084,1.1188,0.2797
2754,2026-08-29 16:30:00,2026-08-29,16:30,16.5,5,1,228.64,3.71,0.8482,36.91,6.47,0.2388,27.05,4.48,0.1212,1.2082,0.302
2755,2026-08-29 16:45:00,2026-08-29,16:45,16.75,5,1,228.21,2.96,0.6755,37.7,5.51,0.2077,22.56,3.3,0.0745,0.9577,0.2394
2756,2026-08-29 17:00:00,2026-08-29,17:00,17.0,5,1,228.35,3.4,0.7764,35.0,4.88,0.1708,23.68,3.86,0.0914,1.0386,0.2596
2757,2026-08-29 17:15:00,2026-08-29,17:15,17.25,5,1,229.1,3.25,0.7446,33.96,3.16,0.1073,25.77,5.04,0.1299,0.9818,0.2455
2758,2026-08-29 17:30:00,2026-08-29,17:30,17.5,5,1,232.53,2.89,0.672,33.96,3.64,0.1236,25.87,5.99,0.155,0.9506,0.2377
2759,2026-08-29 17:45:00,2026-08-29,17:45,17.75,5,1,228.99,4.05,0.9274,34.06,1.67,0.0569,25.23,4.01,0.1012,1.0855,0.2714
2760,2026-08-29 18:00:00,2026-08-29,18:00,18.0,5,1,229.11,4.64,1.0631,33.96,1.9,0.0645,28.76,6.29,0.1809,1.3085,0.3271
2761,2026-08-29 18:15:00,2026-08-29,18:15,18.25,5,1,229.87,4.14,0.9517,31.83,0.94,0.0299,25.45,3.29,0.0837,1.0653,0.2663
2762,2026-08-29 18:30:00,2026-08-29,18:30,18.5,5,1,227.08,3.93,0.8924,32.88,0.34,0.0112,30.77,7.39,0.2274,1.131,0.2828
2763,2026-08-29 18:45:00,2026-08-29,18:45,18.75,5,1,229.39,3.64,0.835,0.13,0.0,0.0,33.65,7.67,0.2581,1.0931,0.2733
2764,2026-08-29 19:00:00,2026-08-29,19:00,19.0,5,1,230.51,5.03,1.1595,0.72,0.0,0.0,34.88,9.54,0.3328,1.4923,0.3731
2765,2026-08-29 19:15:00,2026-08-29,19:15,19.25,5,1,229.36,4.27,0.9794,0.45,0.0,0.0,35.98,10.24,0.3684,1.3478,0.337
2766,2026-08-29 19:30:00,2026-08-29,19:30,19.5,5,1,228.85,4.19,0.9589,0.44,0.0,0.0,30.65,7.6,0.2329,1.1918,0.2979
2767,2026-08-29 19:45:00,2026-08-29,19:45,19.75,5,1,229.03,5.82,1.333,0.43,0.0,0.0,40.82,10.9,0.4449,1.7779,0.4445
2768,2026-08-29 20:00:00,2026-08-29,20:00,20.0,5,1,229.8,5.41,1.2432,0.07,0.0,0.0,31.39,7.12,0.2235,1.4667,0.3667
2769,2026-08-29 20:15:00,2026-08-29,20:15,20.25,5,1,230.67,3.6,0.8304,0.59,0.0,0.0,33.26,8.22,0.2734,1.1038,0.2759
2770,2026-08-29 20:30:00,2026-08-29,20:30,20.5,5,1,231.75,5.19,1.2028,0.08,0.0,0.0,38.39,8.59,0.3298,1.5326,0.3831
2771,2026-08-29 20:45:00,2026-08-29,20:45,20.75,5,1,229.76,4.34,0.9972,0.32,0.0,0.0,35.33,8.44,0.2982,1.2954,0.3239
2772,2026-08-29 21:00:00,2026-08-29,21:00,21.0,5,1,233.34,5.06,1.1807,0.79,0.0,0.0,33.0,8.3,0.2739,1.4546,0.3636
2773,2026-08-29 21:15:00,2026-08-29,21:15,21.25,5,1,232.83,2.83,0.6589,0.36,0.0,0.0,36.36,9.48,0.3447,1.0036,0.2509
2774,2026-08-29 21:30:00,2026-08-29,21:30,21.5,5,1,233.54,4.04,0.9435,0.72,0.0,0.0,20.42,2.67,0.0545,0.998,0.2495
2775,2026-08-29 21:45:00,2026-08-29,21:45,21.75,5,1,233.78,3.71,0.8673,0.21,0.0,0.0,27.07,5.27,0.1427,1.01,0.2525
2776,2026-08-29 22:00:00,2026-08-29,22:00,22.0,5,1,233.55,3.14,0.7334,0.76,0.0,0.0,29.07,6.75,0.1962,0.9296,0.2324
2777,2026-08-29 22:15:00,2026-08-29,22:15,22.25,5,1,233.9,2.73,0.6385,0.68,0.0,0.0,23.28,4.19,0.0975,0.736,0.184
2778,2026-08-29 22:30:00,2026-08-29,22:30,22.5,5,1,232.63,4.8,1.1166,0.55,0.0,0.0,26.27,3.44,0.0904,1.207,0.3018
2779,2026-08-29 22:45:00,2026-08-29,22:45,22.75,5,1,232.69,4.36,1.0145,0.36,0.0,0.0,18.94,1.77,0.0335,1.048,0.262
2780,2026-08-29 23:00:00,2026-08-29,23:00,23.0,5,1,232.06,5.02,1.1649,0.11,0.0,0.0,26.03,5.23,0.1361,1.301,0.3252
2781,2026-08-29 23:15:00,2026-08-29,23:15,23.25,5,1,231.36,4.43,1.0249,0.12,0.0,0.0,24.39,4.39,0.1071,1.132,0.283
2782,2026-08-29 23:30:00,2026-08-29,23:30,23.5,5,1,232.23,3.68,0.8546,0.59,0.0,0.0,21.87,3.03,0.0663,0.9209,0.2302
2783,2026-08-29 23:45:00,2026-08-29,23:45,23.75,5,1,231.12,3.26,0.7535,0.03,0.0,0.0,20.84,1.42,0.0296,0.7831,0.1958
2784,2026-08-30 00:00:00,2026-08-30,00:00,0.0,6,1,233.88,3.86,0.9028,0.66,0.0,0.0,19.44,1.18,0.0229,0.9257,0.2314
2785,2026-08-30 00:15:00,2026-08-30,00:15,0.25,6,1,234.15,4.33,1.0139,0.57,0.0,0.0,15.57,1.48,0.023,1.0369,0.2592
2786,2026-08-30 00:30:00,2026-08-30,00:30,0.5,6,1,234.69,4.33,1.0162,0.19,0.0,0.0,19.57,1.6,0.0313,1.0475,0.2619
2787,2026-08-30 00:45:00,2026-08-30,00:45,0.75,6,1,233.26,2.8,0.6531,0.09,0.0,0.0,20.02,1.23,0.0246,0.6777,0.1694
2788,2026-08-30 01:00:00,2026-08-30,01:00,1.0,6,1,235.9,3.98,0.9389,0.1,0.0,0.0,24.18,5.46,0.132,1.0709,0.2677
2789,2026-08-30 01:15:00,2026-08-30,01:15,1.25,6,1,235.68,4.52,1.0653,0.08,0.0,0.0,26.12,4.92,0.1285,1.1938,0.2984
2790,2026-08-30 01:30:00,2026-08-30,01:30,1.5,6,1,234.1,5.43,1.2712,0.69,0.0,0.0,21.4,3.12,0.0668,1.338,0.3345
2791,2026-08-30 01:45:00,2026-08-30,01:45,1.75,6,1,235.72,3.87,0.9122,0.52,0.0,0.0,25.76,3.74,0.0963,1.0085,0.2521
2792,2026-08-30 02:00:00,2026-08-30,02:00,2.0,6,1,235.32,3.51,0.826,0.24,0.0,0.0,24.71,5.18,0.128,0.954,0.2385
2793,2026-08-30 02:15:00,2026-08-30,02:15,2.25,6,1,232.89,4.9,1.1412,0.63,0.0,0.0,25.17,4.18,0.1052,1.2464,0.3116
2794,2026-08-30 02:30:00,2026-08-30,02:30,2.5,6,1,236.01,4.01,0.9464,0.33,0.0,0.0,31.27,7.56,0.2364,1.1828,0.2957
2795,2026-08-30 02:45:00,2026-08-30,02:45,2.75,6,1,233.03,4.4,1.0253,0.26,0.0,0.0,25.77,5.4,0.1392,1.1645,0.2911
2796,2026-08-30 03:00:00,2026-08-30,03:00,3.0,6,1,237.81,4.56,1.0844,0.4,0.0,0.0,28.28,6.48,0.1832,1.2676,0.3169
2797,2026-08-30 03:15:00,2026-08-30,03:15,3.25,6,1,234.5,4.85,1.1373,0.1,0.0,0.0,27.31,6.06,0.1655,1.3028,0.3257
2798,2026-08-30 03:30:00,2026-08-30,03:30,3.5,6,1,230.95,5.19,1.1986,0.51,0.0,0.0,33.13,7.92,0.2624,1.461,0.3653
2799,2026-08-30 03:45:00,2026-08-30,03:45,3.75,6,1,235.0,5.35,1.2572,0.31,0.0,0.0,33.22,7.55,0.2508,1.508,0.377
2800,2026-08-30 04:00:00,2026-08-30,04:00,4.0,6,1,231.55,4.02,0.9308,0.38,0.0,0.0,29.41,7.06,0.2076,1.1384,0.2846
2801,2026-08-30 04:15:00,2026-08-30,04:15,4.25,6,1,233.21,4.81,1.1217,0.47,0.0,0.0,31.07,8.42,0.2616,1.3833,0.3458
2802,2026-08-30 04:30:00,2026-08-30,04:30,4.5,6,1,235.53,3.03,0.7137,0.67,0.0,0.0,32.43,8.11,0.263,0.9767,0.2442
2803,2026-08-30 04:45:00,2026-08-30,04:45,4.75,6,1,235.28,5.31,1.2493,0.58,0.0,0.0,34.09,9.78,0.3334,1.5827,0.3957
2804,2026-08-30 05:00:00,2026-08-30,05:00,5.0,6,1,233.44,4.13,0.9641,0.66,0.0,0.0,32.54,8.24,0.2681,1.2322,0.308
2805,2026-08-30 05:15:00,2026-08-30,05:15,5.25,6,1,233.18,3.93,0.9164,0.42,0.0,0.0,33.53,8.49,0.2847,1.2011,0.3003
2806,2026-08-30 05:30:00,2026-08-30,05:30,5.5,6,1,236.63,4.5,1.0648,0.08,0.0,0.0,32.35,8.59,0.2779,1.3427,0.3357
2807,2026-08-30 05:45:00,2026-08-30,05:45,5.75,6,1,233.22,4.33,1.0098,0.23,0.0,0.0,30.71,7.81,0.2399,1.2497,0.3124
2808,2026-08-30 06:00:00,2026-08-30,06:00,6.0,6,1,234.74,3.73,0.8756,30.9,0.0,0.0,34.34,8.33,0.2861,1.1617,0.2904
2809,2026-08-30 06:15:00,2026-08-30,06:15,6.25,6,1,232.04,3.71,0.8609,31.83,1.3,0.0414,30.97,7.32,0.2267,1.129,0.2823
2810,2026-08-30 06:30:00,2026-08-30,06:30,6.5,6,1,231.8,3.66,0.8484,33.19,1.79,0.0594,30.68,6.33,0.1942,1.102,0.2755
2811,2026-08-30 06:45:00,2026-08-30,06:45,6.75,6,1,233.2,4.29,1.0004,33.96,2.91,0.0988,29.73,5.71,0.1698,1.269,0.3172
2812,2026-08-30 07:00:00,2026-08-30,07:00,7.0,6,1,228.26,3.92,0.8948,35.69,3.87,0.1381,25.05,4.85,0.1215,1.1544,0.2886
2813,2026-08-30 07:15:00,2026-08-30,07:15,7.25,6,1,233.4,4.07,0.9499,36.23,3.93,0.1424,25.41,3.98,0.1011,1.1934,0.2984
2814,2026-08-30 07:30:00,2026-08-30,07:30,7.5,6,1,228.92,3.81,0.8722,36.66,5.5,0.2016,22.47,4.12,0.0926,1.1664,0.2916
2815,2026-08-30 07:45:00,2026-08-30,07:45,7.75,6,1,230.78,2.22,0.5123,36.46,6.04,0.2202,27.49,6.71,0.1845,0.917,0.2293
2816,2026-08-30 08:00:00,2026-08-30,08:00,8.0,6,1,234.77,3.47,0.8146,39.5,7.27,0.2872,23.3,4.58,0.1067,1.2085,0.3021
2817,2026-08-30 08:15:00,2026-08-30,08:15,8.25,6,1,230.74,3.78,0.8722,38.34,7.78,0.2983,21.78,2.64,0.0575,1.228,0.307
2818,2026-08-30 08:30:00,2026-08-30,08:30,8.5,6,1,231.49,3.0,0.6945,38.8,6.95,0.2697,22.18,3.17,0.0703,1.0345,0.2586
2819,2026-08-30 08:45:00,2026-08-30,08:45,8.75,6,1,230.79,3.27,0.7547,38.4,7.24,0.278,19.06,1.2,0.0229,1.0556,0.2639
2820,2026-08-30 09:00:00,2026-08-30,09:00,9.0,6,1,232.67,3.16,0.7352,38.56,7.45,0.2873,22.49,3.45,0.0776,1.1001,0.275
2821,2026-08-30 09:15:00,2026-08-30,09:15,9.25,6,1,229.83,3.34,0.7676,40.25,8.48,0.3413,22.76,3.7,0.0842,1.1931,0.2983
2822,2026-08-30 09:30:00,2026-08-30,09:30,9.5,6,1,229.81,2.1,0.4826,40.67,7.46,0.3034,20.31,1.57,0.0319,0.8179,0.2045
2823,2026-08-30 09:45:00,2026-08-30,09:45,9.75,6,1,231.25,1.93,0.4463,41.15,8.52,0.3506,25.21,2.99,0.0754,0.8723,0.2181
2824,2026-08-30 10:00:00,2026-08-30,10:00,10.0,6,1,228.1,2.33,0.5315,41.1,9.22,0.3789,29.66,7.38,0.2189,1.1293,0.2823
2825,2026-08-30 10:15:00,2026-08-30,10:15,10.25,6,1,226.06,3.19,0.7211,41.04,10.0,0.4104,27.34,6.69,0.1829,1.3144,0.3286
2826,2026-08-30 10:30:00,2026-08-30,10:30,10.5,6,1,232.1,1.46,0.3389,43.06,11.17,0.481,28.63,6.65,0.1904,1.0103,0.2526
2827,2026-08-30 10:45:00,2026-08-30,10:45,10.75,6,1,231.17,2.48,0.5733,42.49,12.03,0.5111,31.81,6.44,0.2049,1.2893,0.3223
2828,2026-08-30 11:00:00,2026-08-30,11:00,11.0,6,1,231.82,1.16,0.2689,45.94,12.21,0.5609,26.04,5.75,0.1497,0.9795,0.2449
2829,2026-08-30 11:15:00,2026-08-30,11:15,11.25,6,1,230.33,2.91,0.6703,44.65,13.27,0.5925,28.7,5.74,0.1647,1.4275,0.3569
2830,2026-08-30 11:30:00,2026-08-30,11:30,11.5,6,1,228.32,1.0,0.2283,46.17,14.99,0.6921,33.24,9.35,0.3108,1.2312,0.3078
2831,2026-08-30 11:45:00,2026-08-30,11:45,11.75,6,1,229.22,2.41,0.5524,45.36,14.36,0.6514,37.13,10.99,0.4081,1.6119,0.403
2832,2026-08-30 12:00:00,2026-08-30,12:00,12.0,6,1,227.55,2.01,0.4574,46.86,14.36,0.6729,33.43,10.67,0.3567,1.487,0.3718
2833,2026-08-30 12:15:00,2026-08-30,12:15,12.25,6,1,226.53,1.59,0.3602,46.49,14.71,0.6839,42.54,13.34,0.5675,1.6116,0.4029
2834,2026-08-30 12:30:00,2026-08-30,12:30,12.5,6,1,227.47,1.27,0.2889,46.21,15.34,0.7089,37.37,10.99,0.4107,1.4085,0.3521
2835,2026-08-30 12:45:00,2026-08-30,12:45,12.75,6,1,226.06,2.64,0.5968,45.47,14.32,0.6511,30.78,8.6,0.2647,1.5126,0.3781
2836,2026-08-30 13:00:00,2026-08-30,13:00,13.0,6,1,229.44,2.65,0.608,45.36,12.59,0.5711,39.11,11.82,0.4623,1.6414,0.4103
2837,2026-08-30 13:15:00,2026-08-30,13:15,13.25,6,1,228.09,1.41,0.3216,44.42,12.94,0.5748,40.44,11.52,0.4659,1.3623,0.3406
2838,2026-08-30 13:30:00,2026-08-30,13:30,13.5,6,1,229.0,1.52,0.3481,43.41,11.99,0.5205,37.66,11.52,0.4338,1.3024,0.3256
2839,2026-08-30 13:45:00,2026-08-30,13:45,13.75,6,1,229.76,2.21,0.5078,42.27,11.15,0.4713,39.71,12.27,0.4872,1.4663,0.3666
2840,2026-08-30 14:00:00,2026-08-30,14:00,14.0,6,1,224.72,2.44,0.5483,42.14,10.44,0.4399,38.25,10.51,0.402,1.3902,0.3476
2841,2026-08-30 14:15:00,2026-08-30,14:15,14.25,6,1,227.87,2.83,0.6449,41.24,10.25,0.4227,35.94,8.62,0.3098,1.3774,0.3443
2842,2026-08-30 14:30:00,2026-08-30,14:30,14.5,6,1,231.37,2.34,0.5414,40.29,8.96,0.361,30.19,7.72,0.2331,1.1355,0.2839
2843,2026-08-30 14:45:00,2026-08-30,14:45,14.75,6,1,227.4,2.8,0.6367,40.19,8.57,0.3444,28.73,6.67,0.1916,1.1727,0.2932
2844,2026-08-30 15:00:00,2026-08-30,15:00,15.0,6,1,226.08,2.99,0.676,39.77,8.18,0.3253,33.73,8.89,0.2999,1.3012,0.3253
2845,2026-08-30 15:15:00,2026-08-30,15:15,15.25,6,1,230.49,3.53,0.8136,38.45,7.47,0.2872,28.94,7.07,0.2046,1.3054,0.3263
2846,2026-08-30 15:30:00,2026-08-30,15:30,15.5,6,1,227.69,2.74,0.6239,40.41,8.55,0.3455,20.81,3.88,0.0807,1.0501,0.2625
2847,2026-08-30 15:45:00,2026-08-30,15:45,15.75,6,1,228.25,3.58,0.8171,39.31,7.6,0.2988,30.19,7.68,0.2319,1.3478,0.337
2848,2026-08-30 16:00:00,2026-08-30,16:00,16.0,6,1,225.35,3.39,0.7639,39.81,7.53,0.2998,29.93,6.23,0.1865,1.2502,0.3125
2849,2026-08-30 16:15:00,2026-08-30,16:15,16.25,6,1,224.64,3.0,0.6739,37.95,6.22,0.2361,27.27,7.79,0.2124,1.1224,0.2806
2850,2026-08-30 16:30:00,2026-08-30,16:30,16.5,6,1,225.44,3.47,0.7823,37.22,6.93,0.2579,23.35,3.12,0.0728,1.113,0.2782
2851,2026-08-30 16:45:00,2026-08-30,16:45,16.75,6,1,227.17,3.23,0.7338,37.97,6.42,0.2438,30.07,6.52,0.1961,1.1737,0.2934
2852,2026-08-30 17:00:00,2026-08-30,17:00,17.0,6,1,226.22,4.16,0.9411,37.86,5.13,0.1942,25.29,5.41,0.1368,1.2721,0.318
2853,2026-08-30 17:15:00,2026-08-30,17:15,17.25,6,1,227.14,3.6,0.8177,35.24,4.55,0.1603,17.29,0.0,0.0,0.978,0.2445
2854,2026-08-30 17:30:00,2026-08-30,17:30,17.5,6,1,231.72,4.93,1.1424,35.66,4.44,0.1583,23.97,4.25,0.1019,1.4026,0.3507
2855,2026-08-30 17:45:00,2026-08-30,17:45,17.75,6,1,227.93,3.62,0.8251,35.0,3.15,0.1103,22.04,3.39,0.0747,1.0101,0.2525
2856,2026-08-30 18:00:00,2026-08-30,18:00,18.0,6,1,227.45,4.7,1.069,33.74,2.13,0.0719,19.27,0.66,0.0127,1.1536,0.2884
2857,2026-08-30 18:15:00,2026-08-30,18:15,18.25,6,1,224.69,4.9,1.101,33.3,0.4,0.0133,24.65,4.23,0.1043,1.2186,0.3046
2858,2026-08-30 18:30:00,2026-08-30,18:30,18.5,6,1,228.93,4.53,1.0371,31.9,0.0,0.0,22.62,2.75,0.0622,1.0993,0.2748
2859,2026-08-30 18:45:00,2026-08-30,18:45,18.75,6,1,225.66,4.75,1.0719,0.66,0.0,0.0,27.34,6.11,0.1671,1.239,0.3098
2860,2026-08-30 19:00:00,2026-08-30,19:00,19.0,6,1,221.46,5.0,1.1073,0.65,0.0,0.0,31.97,8.16,0.2609,1.3682,0.3421
2861,2026-08-30 19:15:00,2026-08-30,19:15,19.25,6,1,227.3,5.16,1.1729,0.2,0.0,0.0,31.5,8.97,0.2826,1.4555,0.3639
2862,2026-08-30 19:30:00,2026-08-30,19:30,19.5,6,1,225.47,5.05,1.1386,0.36,0.0,0.0,35.68,8.15,0.2908,1.4294,0.3574
2863,2026-08-30 19:45:00,2026-08-30,19:45,19.75,6,1,226.89,4.42,1.0029,0.06,0.0,0.0,38.41,10.03,0.3852,1.3881,0.347
2864,2026-08-30 20:00:00,2026-08-30,20:00,20.0,6,1,226.27,4.39,0.9933,0.48,0.0,0.0,34.94,8.85,0.3092,1.3025,0.3256
2865,2026-08-30 20:15:00,2026-08-30,20:15,20.25,6,1,223.12,5.58,1.245,0.51,0.0,0.0,34.46,9.03,0.3112,1.5562,0.3891
2866,2026-08-30 20:30:00,2026-08-30,20:30,20.5,6,1,226.03,5.15,1.1641,0.79,0.0,0.0,40.25,13.31,0.5357,1.6998,0.4249
2867,2026-08-30 20:45:00,2026-08-30,20:45,20.75,6,1,226.59,5.6,1.2689,0.74,0.0,0.0,40.36,11.94,0.4819,1.7508,0.4377
2868,2026-08-30 21:00:00,2026-08-30,21:00,21.0,6,1,222.79,5.13,1.1429,0.04,0.0,0.0,38.09,11.93,0.4544,1.5973,0.3993
2869,2026-08-30 21:15:00,2026-08-30,21:15,21.25,6,1,225.62,6.24,1.4079,0.19,0.0,0.0,43.94,13.38,0.5879,1.9958,0.499
2870,2026-08-30 21:30:00,2026-08-30,21:30,21.5,6,1,228.68,4.24,0.9696,0.74,0.0,0.0,45.18,13.71,0.6194,1.589,0.3972
2871,2026-08-30 21:45:00,2026-08-30,21:45,21.75,6,1,225.32,3.65,0.8224,0.8,0.0,0.0,39.9,12.06,0.4812,1.3036,0.3259
2872,2026-08-30 22:00:00,2026-08-30,22:00,22.0,6,1,227.56,3.99,0.908,0.71,0.0,0.0,43.95,15.51,0.6817,1.5897,0.3974
2873,2026-08-30 22:15:00,2026-08-30,22:15,22.25,6,1,226.65,3.29,0.7457,0.13,0.0,0.0,36.8,9.22,0.3393,1.085,0.2712
2874,2026-08-30 22:30:00,2026-08-30,22:30,22.5,6,1,224.26,3.86,0.8656,0.32,0.0,0.0,41.39,11.76,0.4868,1.3524,0.3381
2875,2026-08-30 22:45:00,2026-08-30,22:45,22.75,6,1,228.41,3.8,0.868,0.31,0.0,0.0,39.44,12.88,0.508,1.376,0.344
2876,2026-08-30 23:00:00,2026-08-30,23:00,23.0,6,1,228.3,2.41,0.5502,0.78,0.0,0.0,42.31,12.91,0.5462,1.0964,0.2741
2877,2026-08-30 23:15:00,2026-08-30,23:15,23.25,6,1,228.13,4.57,1.0425,0.41,0.0,0.0,32.5,9.31,0.3026,1.3451,0.3363
2878,2026-08-30 23:30:00,2026-08-30,23:30,23.5,6,1,226.34,3.39,0.7673,0.4,0.0,0.0,35.59,10.26,0.3651,1.1324,0.2831
2879,2026-08-30 23:45:00,2026-08-30,23:45,23.75,6,1,230.17,3.09,0.7112,0.48,0.0,0.0,30.73,6.93,0.213,0.9242,0.2311
2880,2026-08-31 00:00:00,2026-08-31,00:00,0.0,0,0,224.75,3.45,0.7754,0.22,0.0,0.0,32.42,8.97,0.2908,1.0662,0.2666
2881,2026-08-31 00:15:00,2026-08-31,00:15,0.25,0,0,229.7,3.11,0.7144,0.52,0.0,0.0,27.54,6.36,0.1752,0.8896,0.2224
2882,2026-08-31 00:30:00,2026-08-31,00:30,0.5,0,0,229.92,3.44,0.7909,0.16,0.0,0.0,17.13,2.08,0.0356,0.8265,0.2066
2883,2026-08-31 00:45:00,2026-08-31,00:45,0.75,0,0,229.39,3.17,0.7272,0.06,0.0,0.0,32.44,6.65,0.2157,0.9429,0.2357
2884,2026-08-31 01:00:00,2026-08-31,01:00,1.0,0,0,232.6,3.26,0.7583,0.43,0.0,0.0,22.98,4.52,0.1039,0.8622,0.2155
2885,2026-08-31 01:15:00,2026-08-31,01:15,1.25,0,0,229.07,4.0,0.9163,0.43,0.0,0.0,22.92,3.48,0.0798,0.9961,0.249
2886,2026-08-31 01:30:00,2026-08-31,01:30,1.5,0,0,228.89,3.26,0.7462,0.02,0.0,0.0,24.07,4.69,0.1129,0.8591,0.2148
2887,2026-08-31 01:45:00,2026-08-31,01:45,1.75,0,0,230.71,4.12,0.9505,0.23,0.0,0.0,21.49,0.68,0.0146,0.9651,0.2413
2888,2026-08-31 02:00:00,2026-08-31,02:00,2.0,0,0,231.86,4.31,0.9993,0.19,0.0,0.0,26.44,4.01,0.106,1.1053,0.2763
2889,2026-08-31 02:15:00,2026-08-31,02:15,2.25,0,0,231.0,4.43,1.0233,0.69,0.0,0.0,21.68,3.79,0.0822,1.1055,0.2764
2890,2026-08-31 02:30:00,2026-08-31,02:30,2.5,0,0,232.67,4.44,1.0331,0.56,0.0,0.0,23.09,2.3,0.0531,1.0862,0.2716
2891,2026-08-31 02:45:00,2026-08-31,02:45,2.75,0,0,229.11,5.29,1.212,0.03,0.0,0.0,21.02,4.06,0.0853,1.2973,0.3243
2892,2026-08-31 03:00:00,2026-08-31,03:00,3.0,0,0,229.03,3.96,0.907,0.04,0.0,0.0,21.43,2.2,0.0471,0.9541,0.2385
2893,2026-08-31 03:15:00,2026-08-31,03:15,3.25,0,0,233.11,4.79,1.1166,0.78,0.0,0.0,19.75,3.06,0.0604,1.177,0.2943
2894,2026-08-31 03:30:00,2026-08-31,03:30,3.5,0,0,232.06,5.27,1.223,0.71,0.0,0.0,27.81,6.23,0.1733,1.3963,0.3491
2895,2026-08-31 03:45:00,2026-08-31,03:45,3.75,0,0,230.67,4.95,1.1418,0.77,0.0,0.0,27.55,5.59,0.154,1.2958,0.324
2896,2026-08-31 04:00:00,2026-08-31,04:00,4.0,0,0,236.42,4.23,1.0001,0.56,0.0,0.0,25.64,5.52,0.1415,1.1416,0.2854
2897,2026-08-31 04:15:00,2026-08-31,04:15,4.25,0,0,229.98,4.29,0.9866,0.71,0.0,0.0,29.32,5.03,0.1475,1.1341,0.2835
2898,2026-08-31 04:30:00,2026-08-31,04:30,4.5,0,0,230.24,4.54,1.0453,0.29,0.0,0.0,36.44,9.58,0.3491,1.3944,0.3486
2899,2026-08-31 04:45:00,2026-08-31,04:45,4.75,0,0,228.95,5.11,1.1699,0.64,0.0,0.0,39.36,10.6,0.4172,1.5871,0.3968
2900,2026-08-31 05:00:00,2026-08-31,05:00,5.0,0,0,228.63,4.61,1.054,0.24,0.0,0.0,33.96,9.79,0.3325,1.3865,0.3466
2901,2026-08-31 05:15:00,2026-08-31,05:15,5.25,0,0,232.57,3.96,0.921,0.11,0.0,0.0,37.81,10.82,0.4091,1.3301,0.3325
2902,2026-08-31 05:30:00,2026-08-31,05:30,5.5,0,0,231.54,4.3,0.9956,0.19,0.0,0.0,35.27,10.46,0.3689,1.3645,0.3411
2903,2026-08-31 05:45:00,2026-08-31,05:45,5.75,0,0,233.14,4.98,1.161,0.27,0.0,0.0,38.53,10.83,0.4173,1.5783,0.3946
2904,2026-08-31 06:00:00,2026-08-31,06:00,6.0,0,0,229.67,5.13,1.1782,31.09,0.37,0.0115,38.73,11.76,0.4555,1.6452,0.4113
2905,2026-08-31 06:15:00,2026-08-31,06:15,6.25,0,0,229.65,3.34,0.767,33.26,0.93,0.0309,44.26,15.48,0.6851,1.483,0.3708
2906,2026-08-31 06:30:00,2026-08-31,06:30,6.5,0,0,233.04,3.12,0.7271,33.07,0.73,0.0241,45.21,15.1,0.6827,1.4339,0.3585
2907,2026-08-31 06:45:00,2026-08-31,06:45,6.75,0,0,232.12,3.41,0.7915,32.39,2.31,0.0748,44.9,13.87,0.6228,1.4891,0.3723
2908,2026-08-31 07:00:00,2026-08-31,07:00,7.0,0,0,234.55,2.55,0.5981,35.6,2.3,0.0819,37.3,9.74,0.3633,1.0433,0.2608
2909,2026-08-31 07:15:00,2026-08-31,07:15,7.25,0,0,231.95,3.81,0.8837,33.45,4.38,0.1465,39.53,11.76,0.4649,1.4951,0.3738
2910,2026-08-31 07:30:00,2026-08-31,07:30,7.5,0,0,235.12,3.83,0.9005,37.36,4.12,0.1539,41.69,12.84,0.5353,1.5897,0.3974
2911,2026-08-31 07:45:00,2026-08-31,07:45,7.75,0,0,235.47,2.76,0.6499,37.1,5.14,0.1907,39.37,10.12,0.3984,1.239,0.3098
2912,2026-08-31 08:00:00,2026-08-31,08:00,8.0,0,0,235.54,10.7,2.5203,37.94,7.1,0.2694,39.13,10.5,0.4109,3.2006,0.8002
2913,2026-08-31 08:15:00,2026-08-31,08:15,8.25,0,0,231.75,12.41,2.876,38.73,7.3,0.2827,38.59,11.93,0.4604,3.6191,0.9048
2914,2026-08-31 08:30:00,2026-08-31,08:30,8.5,0,0,233.79,12.0,2.8055,39.78,8.3,0.3302,30.15,6.29,0.1896,3.3253,0.8313
2915,2026-08-31 08:45:00,2026-08-31,08:45,8.75,0,0,235.52,12.09,2.8474,40.27,9.44,0.3801,31.87,7.01,0.2234,3.4509,0.8627
2916,2026-08-31 09:00:00,2026-08-31,09:00,9.0,0,0,229.84,13.47,3.0959,42.32,11.22,0.4748,34.97,10.48,0.3665,3.9372,0.9843
2917,2026-08-31 09:15:00,2026-08-31,09:15,9.25,0,0,233.14,13.8,3.2173,43.34,11.54,0.5001,26.74,5.58,0.1492,3.8666,0.9667
2918,2026-08-31 09:30:00,2026-08-31,09:30,9.5,0,0,227.44,13.89,3.1591,42.77,12.17,0.5205,23.55,2.78,0.0655,3.7451,0.9363
2919,2026-08-31 09:45:00,2026-08-31,09:45,9.75,0,0,228.15,14.32,3.2671,44.12,11.89,0.5246,26.82,5.19,0.1392,3.9309,0.9827
2920,2026-08-31 10:00:00,2026-08-31,10:00,10.0,0,0,229.06,13.1,3.0007,44.86,13.18,0.5913,32.29,7.55,0.2438,3.8358,0.9589
2921,2026-08-31 10:15:00,2026-08-31,10:15,10.25,0,0,229.06,13.08,2.9961,42.74,12.8,0.5471,32.79,7.26,0.2381,3.7813,0.9453
2922,2026-08-31 10:30:00,2026-08-31,10:30,10.5,0,0,232.11,13.62,3.1613,41.24,11.64,0.48,18.92,1.77,0.0335,3.6748,0.9187
2923,2026-08-31 10:45:00,2026-08-31,10:45,10.75,0,0,229.59,13.95,3.2028,42.61,10.26,0.4372,28.64,6.24,0.1787,3.8187,0.9547
2924,2026-08-31 11:00:00,2026-08-31,11:00,11.0,0,0,229.88,14.07,3.2344,43.56,11.03,0.4805,26.07,4.94,0.1288,3.8437,0.9609
2925,2026-08-31 11:15:00,2026-08-31,11:15,11.25,0,0,231.0,12.95,2.9914,41.97,11.24,0.4717,39.34,12.48,0.491,3.9541,0.9885
2926,2026-08-31 11:30:00,2026-08-31,11:30,11.5,0,0,229.38,15.88,3.6426,40.97,10.85,0.4445,17.82,1.07,0.0191,4.1062,1.0266
2927,2026-08-31 11:45:00,2026-08-31,11:45,11.75,0,0,232.28,13.82,3.2101,42.6,10.57,0.4503,27.65,4.41,0.1219,3.7823,0.9456
2928,2026-08-31 12:00:00,2026-08-31,12:00,12.0,0,0,231.76,14.29,3.3118,43.12,10.91,0.4704,24.93,5.25,0.1309,3.9131,0.9783
2929,2026-08-31 12:15:00,2026-08-31,12:15,12.25,0,0,232.5,14.41,3.3503,41.65,11.42,0.4756,20.12,2.17,0.0437,3.8696,0.9674
2930,2026-08-31 12:30:00,2026-08-31,12:30,12.5,0,0,229.41,13.92,3.1934,41.44,10.96,0.4542,30.99,7.94,0.2461,3.8937,0.9734
2931,2026-08-31 12:45:00,2026-08-31,12:45,12.75,0,0,233.58,14.89,3.478,43.77,11.58,0.5069,40.35,12.2,0.4923,4.4772,1.1193
2932,2026-08-31 13:00:00,2026-08-31,13:00,13.0,0,0,232.35,14.84,3.4481,44.05,12.45,0.5484,32.58,8.29,0.2701,4.2666,1.0667
2933,2026-08-31 13:15:00,2026-08-31,13:15,13.25,0,0,228.72,14.45,3.305,43.98,12.37,0.544,28.56,6.58,0.1879,4.0369,1.0092
2934,2026-08-31 13:30:00,2026-08-31,13:30,13.5,0,0,231.33,13.33,3.0836,44.61,12.88,0.5746,37.19,11.05,0.4109,4.0691,1.0173
2935,2026-08-31 13:45:00,2026-08-31,13:45,13.75,0,0,229.61,13.66,3.1365,44.21,13.61,0.6017,37.49,10.51,0.394,4.1322,1.0331
2936,2026-08-31 14:00:00,2026-08-31,14:00,14.0,0,0,229.62,13.98,3.2101,43.62,13.35,0.5823,37.12,10.52,0.3905,4.1829,1.0457
2937,2026-08-31 14:15:00,2026-08-31,14:15,14.25,0,0,229.41,14.42,3.3081,44.75,13.12,0.5871,43.5,13.55,0.5894,4.4846,1.1212
2938,2026-08-31 14:30:00,2026-08-31,14:30,14.5,0,0,231.56,15.44,3.5753,44.4,12.58,0.5585,40.02,12.37,0.495,4.6288,1.1572
2939,2026-08-31 14:45:00,2026-08-31,14:45,14.75,0,0,230.35,14.27,3.2871,43.5,11.75,0.5111,43.88,13.64,0.5985,4.3967,1.0992
2940,2026-08-31 15:00:00,2026-08-31,15:00,15.0,0,0,227.71,15.04,3.4248,42.61,10.99,0.4683,44.77,15.11,0.6765,4.5696,1.1424
2941,2026-08-31 15:15:00,2026-08-31,15:15,15.25,0,0,227.02,14.44,3.2782,40.6,10.02,0.4068,37.66,10.7,0.403,4.088,1.022
2942,2026-08-31 15:30:00,2026-08-31,15:30,15.5,0,0,230.02,14.46,3.3261,40.01,8.74,0.3497,47.72,14.87,0.7096,4.3854,1.0963
2943,2026-08-31 15:45:00,2026-08-31,15:45,15.75,0,0,227.51,15.26,3.4718,39.15,8.19,0.3206,45.0,15.3,0.6885,4.4809,1.1202
2944,2026-08-31 16:00:00,2026-08-31,16:00,16.0,0,0,229.19,14.12,3.2362,37.94,6.69,0.2538,42.33,13.91,0.5888,4.0788,1.0197
2945,2026-08-31 16:15:00,2026-08-31,16:15,16.25,0,0,229.05,14.66,3.3579,36.72,6.78,0.249,46.49,14.18,0.6592,4.2661,1.0665
2946,2026-08-31 16:30:00,2026-08-31,16:30,16.5,0,0,227.3,13.76,3.1277,37.27,5.3,0.1975,41.41,12.75,0.528,3.8532,0.9633
2947,2026-08-31 16:45:00,2026-08-31,16:45,16.75,0,0,226.87,13.36,3.031,35.89,5.52,0.1981,45.91,15.22,0.6987,3.9278,0.9819
2948,2026-08-31 17:00:00,2026-08-31,17:00,17.0,0,0,228.95,13.52,3.0954,34.53,3.79,0.1309,34.08,8.7,0.2965,3.5228,0.8807
2949,2026-08-31 17:15:00,2026-08-31,17:15,17.25,0,0,228.2,13.4,3.0579,34.24,2.96,0.1013,39.27,12.1,0.4752,3.6344,0.9086
2950,2026-08-31 17:30:00,2026-08-31,17:30,17.5,0,0,226.78,13.31,3.0184,33.95,2.8,0.0951,34.27,8.92,0.3057,3.4192,0.8548
2951,2026-08-31 17:45:00,2026-08-31,17:45,17.75,0,0,227.54,14.26,3.2447,36.12,1.85,0.0668,21.67,2.56,0.0555,3.367,0.8417
2952,2026-08-31 18:00:00,2026-08-31,18:00,18.0,0,0,228.63,12.69,2.9013,33.5,2.09,0.07,33.65,9.04,0.3042,3.2755,0.8189
2953,2026-08-31 18:15:00,2026-08-31,18:15,18.25,0,0,229.83,12.31,2.8292,32.59,1.02,0.0332,34.52,8.46,0.292,3.1544,0.7886
2954,2026-08-31 18:30:00,2026-08-31,18:30,18.5,0,0,228.29,11.89,2.7144,31.94,0.26,0.0083,30.74,5.78,0.1777,2.9004,0.7251
2955,2026-08-31 18:45:00,2026-08-31,18:45,18.75,0,0,230.31,13.4,3.0861,0.09,0.0,0.0,21.78,3.37,0.0734,3.1595,0.7899
2956,2026-08-31 19:00:00,2026-08-31,19:00,19.0,0,0,233.28,12.78,2.9813,0.7,0.0,0.0,21.21,2.18,0.0462,3.0275,0.7569
2957,2026-08-31 19:15:00,2026-08-31,19:15,19.25,0,0,230.94,3.88,0.896,0.69,0.0,0.0,25.28,4.87,0.1231,1.0191,0.2548
2958,2026-08-31 19:30:00,2026-08-31,19:30,19.5,0,0,228.97,5.5,1.2593,0.13,0.0,0.0,30.4,6.18,0.1879,1.4472,0.3618
2959,2026-08-31 19:45:00,2026-08-31,19:45,19.75,0,0,226.53,4.4,0.9967,0.31,0.0,0.0,21.84,2.62,0.0572,1.0539,0.2635
2960,2026-08-31 20:00:00,2026-08-31,20:00,20.0,0,0,227.5,6.14,1.3968,0.37,0.0,0.0,16.92,1.09,0.0184,1.4152,0.3538
2961,2026-08-31 20:15:00,2026-08-31,20:15,20.25,0,0,224.24,5.77,1.2939,0.29,0.0,0.0,26.16,5.65,0.1478,1.4417,0.3604
2962,2026-08-31 20:30:00,2026-08-31,20:30,20.5,0,0,228.08,4.91,1.1199,0.72,0.0,0.0,29.14,5.44,0.1585,1.2784,0.3196
2963,2026-08-31 20:45:00,2026-08-31,20:45,20.75,0,0,228.54,3.23,0.7382,0.34,0.0,0.0,31.08,7.1,0.2207,0.9589,0.2397
2964,2026-08-31 21:00:00,2026-08-31,21:00,21.0,0,0,228.45,4.46,1.0189,0.47,0.0,0.0,26.21,5.24,0.1373,1.1562,0.289
2965,2026-08-31 21:15:00,2026-08-31,21:15,21.25,0,0,227.83,3.57,0.8134,0.35,0.0,0.0,29.54,7.82,0.231,1.0444,0.2611
2966,2026-08-31 21:30:00,2026-08-31,21:30,21.5,0,0,226.69,3.82,0.866,0.29,0.0,0.0,31.73,7.81,0.2478,1.1138,0.2784
2967,2026-08-31 21:45:00,2026-08-31,21:45,21.75,0,0,227.71,3.12,0.7105,0.27,0.0,0.0,23.64,5.38,0.1272,0.8377,0.2094
2968,2026-08-31 22:00:00,2026-08-31,22:00,22.0,0,0,229.69,3.81,0.8751,0.13,0.0,0.0,39.05,10.61,0.4143,1.2894,0.3224
2969,2026-08-31 22:15:00,2026-08-31,22:15,22.25,0,0,225.47,3.11,0.7012,0.53,0.0,0.0,47.09,14.99,0.7059,1.4071,0.3518
2970,2026-08-31 22:30:00,2026-08-31,22:30,22.5,0,0,227.01,3.79,0.8604,0.17,0.0,0.0,38.39,11.26,0.4323,1.2927,0.3232
2971,2026-08-31 22:45:00,2026-08-31,22:45,22.75,0,0,229.61,3.59,0.8243,0.35,0.0,0.0,45.0,13.9,0.6255,1.4498,0.3624
2972,2026-08-31 23:00:00,2026-08-31,23:00,23.0,0,0,229.1,2.6,0.5957,0.09,0.0,0.0,42.31,12.05,0.5098,1.1055,0.2764
2973,2026-08-31 23:15:00,2026-08-31,23:15,23.25,0,0,229.3,3.19,0.7315,0.63,0.0,0.0,38.37,11.22,0.4305,1.162,0.2905
2974,2026-08-31 23:30:00,2026-08-31,23:30,23.5,0,0,226.85,2.92,0.6624,0.19,0.0,0.0,38.5,11.85,0.4562,1.1186,0.2797
2975,2026-08-31 23:45:00,2026-08-31,23:45,23.75,0,0,228.61,4.2,0.9602,0.19,0.0,0.0,48.0,14.29,0.6859,1.6461,0.4115
2976,2026-09-01 00:00:00,2026-09-01,00:00,0.0,1,0,228.52,3.59,0.8204,0.23,0.0,0.0,44.33,12.78,0.5665,1.3869,0.3467
2977,2026-09-01 00:15:00,2026-09-01,00:15,0.25,1,0,229.84,3.9,0.8964,0.14,0.0,0.0,45.56,14.56,0.6633,1.5597,0.3899
2978,2026-09-01 00:30:00,2026-09-01,00:30,0.5,1,0,227.19,2.45,0.5566,0.43,0.0,0.0,46.28,14.23,0.6586,1.2152,0.3038
2979,2026-09-01 00:45:00,2026-09-01,00:45,0.75,1,0,227.13,3.38,0.7677,0.06,0.0,0.0,44.35,13.46,0.597,1.3647,0.3412
2980,2026-09-01 01:00:00,2026-09-01,01:00,1.0,1,0,225.25,3.7,0.8334,0.57,0.0,0.0,42.52,12.0,0.5102,1.3436,0.3359
2981,2026-09-01 01:15:00,2026-09-01,01:15,1.25,1,0,226.82,4.29,0.9731,0.37,0.0,0.0,40.13,11.06,0.4438,1.4169,0.3542
2982,2026-09-01 01:30:00,2026-09-01,01:30,1.5,1,0,227.15,4.9,1.113,0.75,0.0,0.0,41.87,11.81,0.4945,1.6075,0.4019
2983,2026-09-01 01:45:00,2026-09-01,01:45,1.75,1,0,226.55,4.04,0.9153,0.12,0.0,0.0,31.67,7.69,0.2435,1.1588,0.2897
2984,2026-09-01 02:00:00,2026-09-01,02:00,2.0,1,0,226.89,4.64,1.0528,0.76,0.0,0.0,27.49,5.51,0.1515,1.2043,0.3011
2985,2026-09-01 02:15:00,2026-09-01,02:15,2.25,1,0,227.85,4.48,1.0208,0.64,0.0,0.0,39.23,10.35,0.406,1.4268,0.3567
2986,2026-09-01 02:30:00,2026-09-01,02:30,2.5,1,0,227.2,4.53,1.0292,0.21,0.0,0.0,35.83,8.52,0.3053,1.3345,0.3336
2987,2026-09-01 02:45:00,2026-09-01,02:45,2.75,1,0,227.09,4.75,1.0787,0.58,0.0,0.0,28.85,5.26,0.1517,1.2304,0.3076
2988,2026-09-01 03:00:00,2026-09-01,03:00,3.0,1,0,223.9,4.47,1.0008,0.43,0.0,0.0,25.15,6.13,0.1542,1.155,0.2888
2989,2026-09-01 03:15:00,2026-09-01,03:15,3.25,1,0,224.51,4.56,1.0238,0.21,0.0,0.0,23.65,3.75,0.0887,1.1125,0.2781
2990,2026-09-01 03:30:00,2026-09-01,03:30,3.5,1,0,225.66,5.63,1.2705,0.12,0.0,0.0,23.16,3.56,0.0825,1.353,0.3382
2991,2026-09-01 03:45:00,2026-09-01,03:45,3.75,1,0,228.34,4.47,1.0207,0.44,0.0,0.0,19.33,1.41,0.0273,1.048,0.262
2992,2026-09-01 04:00:00,2026-09-01,04:00,4.0,1,0,228.43,5.39,1.2312,0.5,0.0,0.0,23.0,5.61,0.129,1.3602,0.3401
2993,2026-09-01 04:15:00,2026-09-01,04:15,4.25,1,0,224.8,4.14,0.9307,0.51,0.0,0.0,22.99,4.92,0.1131,1.0438,0.261
2994,2026-09-01 04:30:00,2026-09-01,04:30,4.5,1,0,229.5,4.35,0.9983,0.65,0.0,0.0,17.65,0.67,0.0118,1.0101,0.2525
2995,2026-09-01 04:45:00,2026-09-01,04:45,4.75,1,0,226.84,4.09,0.9278,0.69,0.0,0.0,17.57,1.38,0.0243,0.9521,0.238
2996,2026-09-01 05:00:00,2026-09-01,05:00,5.0,1,0,226.79,4.84,1.0977,0.01,0.0,0.0,26.55,6.45,0.1713,1.269,0.3172
2997,2026-09-01 05:15:00,2026-09-01,05:15,5.25,1,0,228.56,4.7,1.0742,0.53,0.0,0.0,25.27,4.54,0.1147,1.1889,0.2972
2998,2026-09-01 05:30:00,2026-09-01,05:30,5.5,1,0,223.6,5.21,1.165,0.52,0.0,0.0,21.46,2.25,0.0483,1.2133,0.3033
2999,2026-09-01 05:45:00,2026-09-01,05:45,5.75,1,0,226.89,4.74,1.0755,0.67,0.0,0.0,29.89,5.89,0.1761,1.2516,0.3129
3000,2026-09-01 06:00:00,2026-09-01,06:00,6.0,1,0,225.27,4.68,1.0543,31.97,0.26,0.0083,31.24,6.59,0.2059,1.2685,0.3171
3001,2026-09-01 06:15:00,2026-09-01,06:15,6.25,1,0,224.45,3.33,0.7474,33.25,0.62,0.0206,36.55,11.44,0.4181,1.1861,0.2965
3002,2026-09-01 06:30:00,2026-09-01,06:30,6.5,1,0,226.65,4.89,1.1083,34.18,1.96,0.067,38.52,10.35,0.3987,1.574,0.3935
3003,2026-09-01 06:45:00,2026-09-01,06:45,6.75,1,0,224.21,4.68,1.0493,34.37,3.99,0.1371,32.76,8.94,0.2929,1.4793,0.3698
3004,2026-09-01 07:00:00,2026-09-01,07:00,7.0,1,0,229.12,4.0,0.9165,34.85,2.87,0.1,32.87,10.46,0.3438,1.3603,0.3401
3005,2026-09-01 07:15:00,2026-09-01,07:15,7.25,1,0,226.08,3.35,0.7574,36.45,4.09,0.1491,36.58,9.88,0.3614,1.2679,0.317
3006,2026-09-01 07:30:00,2026-09-01,07:30,7.5,1,0,227.64,3.69,0.84,35.58,5.16,0.1836,40.55,12.27,0.4975,1.5211,0.3803
3007,2026-09-01 07:45:00,2026-09-01,07:45,7.75,1,0,230.37,3.84,0.8846,37.03,4.77,0.1766,44.77,15.23,0.6819,1.7431,0.4358
3008,2026-09-01 08:00:00,2026-09-01,08:00,8.0,1,0,228.39,12.68,2.896,37.37,4.95,0.185,44.26,13.61,0.6024,3.6834,0.9208
3009,2026-09-01 08:15:00,2026-09-01,08:15,8.25,1,0,224.91,13.67,3.0745,39.28,5.93,0.2329,46.16,13.67,0.631,3.9384,0.9846
3010,2026-09-01 08:30:00,2026-09-01,08:30,8.5,1,0,231.46,12.93,2.9928,37.01,6.45,0.2387,43.7,13.39,0.5851,3.8166,0.9542
3011,2026-09-01 08:45:00,2026-09-01,08:45,8.75,1,0,228.82,11.88,2.7184,39.33,6.77,0.2663,41.2,12.36,0.5092,3.4939,0.8735
3012,2026-09-01 09:00:00,2026-09-01,09:00,9.0,1,0,225.39,12.96,2.9211,38.84,7.12,0.2765,37.94,11.58,0.4394,3.637,0.9093
3013,2026-09-01 09:15:00,2026-09-01,09:15,9.25,1,0,225.69,12.37,2.7918,39.16,7.28,0.2851,46.58,15.26,0.7108,3.7877,0.9469
3014,2026-09-01 09:30:00,2026-09-01,09:30,9.5,1,0,226.57,12.39,2.8072,40.33,8.74,0.3525,40.12,12.8,0.5135,3.6732,0.9183
3015,2026-09-01 09:45:00,2026-09-01,09:45,9.75,1,0,229.95,12.57,2.8905,41.35,10.05,0.4156,36.95,10.52,0.3887,3.6948,0.9237
3016,2026-09-01 10:00:00,2026-09-01,10:00,10.0,1,0,226.37,13.83,3.1307,42.45,9.52,0.4041,37.25,9.95,0.3706,3.9054,0.9764
3017,2026-09-01 10:15:00,2026-09-01,10:15,10.25,1,0,221.58,12.54,2.7786,43.98,11.66,0.5128,27.42,5.44,0.1492,3.4406,0.8601
3018,2026-09-01 10:30:00,2026-09-01,10:30,10.5,1,0,225.42,14.66,3.3047,43.66,12.58,0.5492,31.95,9.24,0.2952,4.1491,1.0373
3019,2026-09-01 10:45:00,2026-09-01,10:45,10.75,1,0,228.05,13.65,3.1129,45.64,12.91,0.5892,37.95,10.22,0.3879,4.09,1.0225
3020,2026-09-01 11:00:00,2026-09-01,11:00,11.0,1,0,228.05,13.53,3.0855,46.55,14.59,0.6792,33.69,9.47,0.319,4.0837,1.0209
3021,2026-09-01 11:15:00,2026-09-01,11:15,11.25,1,0,229.67,15.43,3.5438,45.61,15.13,0.6901,36.67,11.18,0.41,4.6439,1.161
3022,2026-09-01 11:30:00,2026-09-01,11:30,11.5,1,0,227.98,13.73,3.1302,45.61,14.14,0.6449,28.68,6.46,0.1853,3.9604,0.9901
3023,2026-09-01 11:45:00,2026-09-01,11:45,11.75,1,0,230.34,14.56,3.3537,45.85,14.65,0.6717,20.1,1.53,0.0307,4.0561,1.014
3024,2026-09-01 12:00:00,2026-09-01,12:00,12.0,1,0,228.22,14.54,3.3183,45.83,13.74,0.6297,25.33,4.98,0.1261,4.0741,1.0185
3025,2026-09-01 12:15:00,2026-09-01,12:15,12.25,1,0,226.43,15.11,3.4214,45.23,13.2,0.597,28.45,6.23,0.1772,4.1956,1.0489
3026,2026-09-01 12:30:00,2026-09-01,12:30,12.5,1,0,229.87,15.61,3.5883,44.19,13.22,0.5842,28.56,5.5,0.1571,4.3296,1.0824
3027,2026-09-01 12:45:00,2026-09-01,12:45,12.75,1,0,229.45,14.28,3.2766,42.63,12.69,0.541,18.87,2.35,0.0443,3.8619,0.9655
3028,2026-09-01 13:00:00,2026-09-01,13:00,13.0,1,0,228.5,15.12,3.4549,42.09,11.2,0.4714,29.6,6.98,0.2066,4.1329,1.0332
3029,2026-09-01 13:15:00,2026-09-01,13:15,13.25,1,0,229.36,14.24,3.2661,43.54,10.97,0.4776,23.63,3.68,0.087,3.8307,0.9577
3030,2026-09-01 13:30:00,2026-09-01,13:30,13.5,1,0,232.63,14.69,3.4173,43.65,10.7,0.4671,32.33,7.09,0.2292,4.1136,1.0284
3031,2026-09-01 13:45:00,2026-09-01,13:45,13.75,1,0,227.74,13.73,3.1269,39.87,9.63,0.384,29.43,6.51,0.1916,3.7025,0.9256
3032,2026-09-01 14:00:00,2026-09-01,14:00,14.0,1,0,230.64,14.36,3.312,42.67,9.51,0.4058,29.33,6.71,0.1968,3.9146,0.9787
3033,2026-09-01 14:15:00,2026-09-01,14:15,14.25,1,0,231.54,15.08,3.4916,42.25,9.1,0.3845,19.09,3.31,0.0632,3.9393,0.9848
3034,2026-09-01 14:30:00,2026-09-01,14:30,14.5,1,0,231.26,14.67,3.3926,41.25,9.98,0.4117,25.32,4.59,0.1162,3.9205,0.9801
3035,2026-09-01 14:45:00,2026-09-01,14:45,14.75,1,0,227.79,14.85,3.3827,40.28,9.99,0.4024,23.56,3.05,0.0719,3.857,0.9643
3036,2026-09-01 15:00:00,2026-09-01,15:00,15.0,1,0,229.07,14.69,3.365,41.92,9.56,0.4008,35.94,9.48,0.3407,4.1065,1.0266
3037,2026-09-01 15:15:00,2026-09-01,15:15,15.25,1,0,228.36,14.86,3.3934,42.24,9.32,0.3937,36.31,9.49,0.3446,4.1317,1.0329
3038,2026-09-01 15:30:00,2026-09-01,15:30,15.5,1,0,231.76,14.18,3.2864,41.29,9.24,0.3815,36.34,8.31,0.302,3.9699,0.9925
3039,2026-09-01 15:45:00,2026-09-01,15:45,15.75,1,0,231.27,14.8,3.4228,40.22,9.09,0.3656,31.58,8.32,0.2627,4.0511,1.0128
3040,2026-09-01 16:00:00,2026-09-01,16:00,16.0,1,0,234.96,14.61,3.4328,39.6,9.06,0.3588,38.59,11.98,0.4623,4.2539,1.0635
3041,2026-09-01 16:15:00,2026-09-01,16:15,16.25,1,0,230.04,14.06,3.2344,39.68,8.15,0.3234,35.2,9.51,0.3347,3.8925,0.9731
3042,2026-09-01 16:30:00,2026-09-01,16:30,16.5,1,0,232.45,13.3,3.0916,38.79,7.14,0.277,46.8,14.24,0.6664,4.035,1.0088
3043,2026-09-01 16:45:00,2026-09-01,16:45,16.75,1,0,231.12,12.89,2.9791,38.35,7.12,0.2731,32.09,8.63,0.2769,3.5291,0.8823
3044,2026-09-01 17:00:00,2026-09-01,17:00,17.0,1,0,229.73,13.54,3.1105,37.15,4.62,0.1716,43.07,14.27,0.6146,3.8967,0.9742
3045,2026-09-01 17:15:00,2026-09-01,17:15,17.25,1,0,229.65,14.86,3.4126,36.15,4.62,0.167,45.04,14.11,0.6355,4.2151,1.0538
3046,2026-09-01 17:30:00,2026-09-01,17:30,17.5,1,0,228.71,12.88,2.9458,33.78,3.68,0.1243,46.21,15.0,0.6931,3.7632,0.9408
3047,2026-09-01 17:45:00,2026-09-01,17:45,17.75,1,0,227.71,12.15,2.7667,35.07,1.74,0.061,39.56,11.77,0.4656,3.2933,0.8233
3048,2026-09-01 18:00:00,2026-09-01,18:00,18.0,1,0,230.3,12.57,2.8949,33.59,0.95,0.0319,41.21,12.24,0.5044,3.4312,0.8578
3049,2026-09-01 18:15:00,2026-09-01,18:15,18.25,1,0,230.52,13.32,3.0705,31.83,0.78,0.0248,41.05,12.77,0.5242,3.6195,0.9049
3050,2026-09-01 18:30:00,2026-09-01,18:30,18.5,1,0,232.57,13.5,3.1397,31.79,0.45,0.0143,35.47,8.75,0.3104,3.4644,0.8661
3051,2026-09-01 18:45:00,2026-09-01,18:45,18.75,1,0,231.43,11.0,2.5457,0.04,0.0,0.0,34.33,8.55,0.2935,2.8392,0.7098
3052,2026-09-01 19:00:00,2026-09-01,19:00,19.0,1,0,226.95,12.25,2.7801,0.46,0.0,0.0,38.48,10.57,0.4067,3.1868,0.7967
3053,2026-09-01 19:15:00,2026-09-01,19:15,19.25,1,0,233.9,5.06,1.1835,0.31,0.0,0.0,35.8,10.76,0.3852,1.5687,0.3922
3054,2026-09-01 19:30:00,2026-09-01,19:30,19.5,1,0,233.54,4.46,1.0416,0.58,0.0,0.0,34.29,8.72,0.299,1.3406,0.3352
3055,2026-09-01 19:45:00,2026-09-01,19:45,19.75,1,0,232.59,4.7,1.0932,0.04,0.0,0.0,32.17,7.93,0.2551,1.3483,0.3371
3056,2026-09-01 20:00:00,2026-09-01,20:00,20.0,1,0,233.03,4.6,1.0719,0.72,0.0,0.0,37.65,11.13,0.419,1.4909,0.3727
3057,2026-09-01 20:15:00,2026-09-01,20:15,20.25,1,0,233.92,5.39,1.2608,0.65,0.0,0.0,27.07,7.06,0.1911,1.4519,0.363
3058,2026-09-01 20:30:00,2026-09-01,20:30,20.5,1,0,232.28,3.44,0.799,0.36,0.0,0.0,25.23,6.17,0.1557,0.9547,0.2387
3059,2026-09-01 20:45:00,2026-09-01,20:45,20.75,1,0,235.93,3.54,0.8352,0.36,0.0,0.0,27.08,5.25,0.1422,0.9774,0.2444
3060,2026-09-01 21:00:00,2026-09-01,21:00,21.0,1,0,233.42,4.81,1.1227,0.42,0.0,0.0,16.28,1.08,0.0176,1.1403,0.2851
3061,2026-09-01 21:15:00,2026-09-01,21:15,21.25,1,0,237.01,3.9,0.9243,0.22,0.0,0.0,32.42,8.44,0.2736,1.1979,0.2995
3062,2026-09-01 21:30:00,2026-09-01,21:30,21.5,1,0,231.19,4.32,0.9987,0.06,0.0,0.0,28.26,6.59,0.1862,1.1849,0.2962
3063,2026-09-01 21:45:00,2026-09-01,21:45,21.75,1,0,229.85,3.67,0.8435,0.73,0.0,0.0,17.56,1.44,0.0253,0.8688,0.2172
3064,2026-09-01 22:00:00,2026-09-01,22:00,22.0,1,0,231.42,3.66,0.847,0.76,0.0,0.0,24.06,3.44,0.0828,0.9298,0.2324
3065,2026-09-01 22:15:00,2026-09-01,22:15,22.25,1,0,230.24,4.21,0.9693,0.78,0.0,0.0,24.55,4.11,0.1009,1.0702,0.2676
3066,2026-09-01 22:30:00,2026-09-01,22:30,22.5,1,0,235.18,4.09,0.9619,0.69,0.0,0.0,32.25,9.61,0.3099,1.2718,0.318
3067,2026-09-01 22:45:00,2026-09-01,22:45,22.75,1,0,234.78,3.47,0.8147,0.17,0.0,0.0,25.77,5.54,0.1428,0.9575,0.2394
3068,2026-09-01 23:00:00,2026-09-01,23:00,23.0,1,0,233.72,3.53,0.825,0.49,0.0,0.0,25.0,4.43,0.1108,0.9358,0.2339
3069,2026-09-01 23:15:00,2026-09-01,23:15,23.25,1,0,233.4,3.45,0.8052,0.76,0.0,0.0,25.79,4.28,0.1104,0.9156,0.2289
3070,2026-09-01 23:30:00,2026-09-01,23:30,23.5,1,0,230.92,4.82,1.113,0.28,0.0,0.0,26.41,5.07,0.1339,1.2469,0.3117
3071,2026-09-01 23:45:00,2026-09-01,23:45,23.75,1,0,228.0,2.04,0.4651,0.66,0.0,0.0,27.3,5.01,0.1368,0.6019,0.1505
3072,2026-09-02 00:00:00,2026-09-02,00:00,0.0,2,0,231.03,3.73,0.8617,0.23,0.0,0.0,32.46,8.72,0.2831,1.1448,0.2862
3073,2026-09-02 00:15:00,2026-09-02,00:15,0.25,2,0,232.29,2.82,0.6551,0.11,0.0,0.0,37.72,10.31,0.3889,1.044,0.261
3074,2026-09-02 00:30:00,2026-09-02,00:30,0.5,2,0,232.52,3.27,0.7603,0.1,0.0,0.0,45.32,13.15,0.596,1.3563,0.3391
3075,2026-09-02 00:45:00,2026-09-02,00:45,0.75,2,0,229.62,3.67,0.8427,0.42,0.0,0.0,37.35,10.12,0.378,1.2207,0.3052
3076,2026-09-02 01:00:00,2026-09-02,01:00,1.0,2,0,228.85,4.42,1.0115,0.74,0.0,0.0,38.36,9.45,0.3625,1.374,0.3435
3077,2026-09-02 01:15:00,2026-09-02,01:15,1.25,2,0,233.33,4.16,0.9707,0.66,0.0,0.0,37.6,11.64,0.4377,1.4084,0.3521
3078,2026-09-02 01:30:00,2026-09-02,01:30,1.5,2,0,227.99,3.46,0.7889,0.04,0.0,0.0,44.42,14.72,0.6539,1.4428,0.3607
3079,2026-09-02 01:45:00,2026-09-02,01:45,1.75,2,0,232.43,4.69,1.0901,0.37,0.0,0.0,44.64,15.08,0.6732,1.7633,0.4408
3080,2026-09-02 02:00:00,2026-09-02,02:00,2.0,2,0,230.73,2.63,0.6068,0.54,0.0,0.0,40.94,12.02,0.4921,1.0989,0.2747
3081,2026-09-02 02:15:00,2026-09-02,02:15,2.25,2,0,229.82,4.78,1.0985,0.33,0.0,0.0,38.52,11.09,0.4272,1.5257,0.3814
3082,2026-09-02 02:30:00,2026-09-02,02:30,2.5,2,0,230.35,4.86,1.1195,0.4,0.0,0.0,44.96,14.88,0.669,1.7885,0.4471
3083,2026-09-02 02:45:00,2026-09-02,02:45,2.75,2,0,226.44,4.53,1.0258,0.27,0.0,0.0,41.87,12.95,0.5422,1.568,0.392
3084,2026-09-02 03:00:00,2026-09-02,03:00,3.0,2,0,230.26,3.66,0.8427,0.06,0.0,0.0,41.06,12.36,0.5075,1.3502,0.3376
3085,2026-09-02 03:15:00,2026-09-02,03:15,3.25,2,0,230.8,5.12,1.1817,0.76,0.0,0.0,40.61,11.22,0.4556,1.6373,0.4093
3086,2026-09-02 03:30:00,2026-09-02,03:30,3.5,2,0,229.21,4.73,1.0842,0.38,0.0,0.0,41.96,13.24,0.5555,1.6397,0.4099
3087,2026-09-02 03:45:00,2026-09-02,03:45,3.75,2,0,228.38,4.3,0.982,0.34,0.0,0.0,34.98,9.78,0.3421,1.3241,0.331
3088,2026-09-02 04:00:00,2026-09-02,04:00,4.0,2,0,230.65,5.73,1.3216,0.11,0.0,0.0,40.15,11.89,0.4774,1.799,0.4497
3089,2026-09-02 04:15:00,2026-09-02,04:15,4.25,2,0,227.7,4.24,0.9655,0.43,0.0,0.0,26.49,5.17,0.1369,1.1024,0.2756
3090,2026-09-02 04:30:00,2026-09-02,04:30,4.5,2,0,230.01,3.88,0.8924,0.21,0.0,0.0,32.67,8.32,0.2718,1.1642,0.291
3091,2026-09-02 04:45:00,2026-09-02,04:45,4.75,2,0,232.07,3.9,0.9051,0.46,0.0,0.0,24.28,4.97,0.1207,1.0258,0.2565
3092,2026-09-02 05:00:00,2026-09-02,05:00,5.0,2,0,228.15,3.87,0.8829,0.25,0.0,0.0,18.56,1.51,0.028,0.9109,0.2277
3093,2026-09-02 05:15:00,2026-09-02,05:15,5.25,2,0,231.24,4.42,1.0221,0.59,0.0,0.0,27.7,4.72,0.1307,1.1528,0.2882
3094,2026-09-02 05:30:00,2026-09-02,05:30,5.5,2,0,223.75,4.83,1.0807,0.38,0.0,0.0,26.7,5.41,0.1444,1.2251,0.3063
3095,2026-09-02 05:45:00,2026-09-02,05:45,5.75,2,0,228.77,3.99,0.9128,0.19,0.0,0.0,24.28,4.59,0.1115,1.0243,0.2561
3096,2026-09-02 06:00:00,2026-09-02,06:00,6.0,2,0,225.77,3.65,0.8241,31.58,0.29,0.0092,26.75,5.14,0.1375,0.9708,0.2427
3097,2026-09-02 06:15:00,2026-09-02,06:15,6.25,2,0,231.05,3.97,0.9173,32.88,0.36,0.0118,25.94,4.51,0.117,1.0461,0.2615
3098,2026-09-02 06:30:00,2026-09-02,06:30,6.5,2,0,229.85,3.74,0.8596,33.2,1.6,0.0531,24.78,3.43,0.085,0.9977,0.2494
3099,2026-09-02 06:45:00,2026-09-02,06:45,6.75,2,0,227.17,3.58,0.8133,33.76,2.35,0.0793,17.6,0.0,0.0,0.8926,0.2231
3100,2026-09-02 07:00:00,2026-09-02,07:00,7.0,2,0,229.65,4.09,0.9393,35.02,2.93,0.1026,16.63,1.17,0.0195,1.0614,0.2653
3101,2026-09-02 07:15:00,2026-09-02,07:15,7.25,2,0,228.11,4.01,0.9147,36.19,4.91,0.1777,23.92,3.03,0.0725,1.1649,0.2912
3102,2026-09-02 07:30:00,2026-09-02,07:30,7.5,2,0,224.74,2.71,0.609,36.19,5.62,0.2034,20.7,3.36,0.0696,0.882,0.2205
3103,2026-09-02 07:45:00,2026-09-02,07:45,7.75,2,0,226.85,3.94,0.8938,38.43,5.94,0.2283,26.45,4.53,0.1198,1.2419,0.3105
3104,2026-09-02 08:00:00,2026-09-02,08:00,8.0,2,0,224.2,11.02,2.4707,40.57,7.07,0.2868,31.55,8.48,0.2675,3.025,0.7562
3105,2026-09-02 08:15:00,2026-09-02,08:15,8.25,2,0,227.76,12.42,2.8288,40.08,8.83,0.3539,32.28,6.05,0.1953,3.378,0.8445
3106,2026-09-02 08:30:00,2026-09-02,08:30,8.5,2,0,226.71,12.2,2.7659,39.71,9.16,0.3637,23.76,3.02,0.0718,3.2014,0.8004
3107,2026-09-02 08:45:00,2026-09-02,08:45,8.75,2,0,228.86,12.08,2.7646,42.72,9.82,0.4195,32.82,8.02,0.2632,3.4473,0.8618
3108,2026-09-02 09:00:00,2026-09-02,09:00,9.0,2,0,223.47,12.44,2.78,40.27,9.03,0.3636,31.84,8.06,0.2566,3.4002,0.85
3109,2026-09-02 09:15:00,2026-09-02,09:15,9.25,2,0,222.88,12.83,2.8596,41.26,9.53,0.3932,42.17,11.27,0.4753,3.7281,0.932
3110,2026-09-02 09:30:00,2026-09-02,09:30,9.5,2,0,222.35,12.64,2.8105,41.25,10.64,0.4389,31.62,7.86,0.2485,3.4979,0.8745
3111,2026-09-02 09:45:00,2026-09-02,09:45,9.75,2,0,222.25,13.8,3.0671,41.66,10.61,0.442,30.98,7.56,0.2342,3.7433,0.9358
3112,2026-09-02 10:00:00,2026-09-02,10:00,10.0,2,0,217.71,12.63,2.7497,40.8,10.38,0.4235,34.38,10.04,0.3452,3.5184,0.8796
3113,2026-09-02 10:15:00,2026-09-02,10:15,10.25,2,0,219.63,12.15,2.6685,41.08,9.1,0.3738,34.12,9.12,0.3112,3.3535,0.8384
3114,2026-09-02 10:30:00,2026-09-02,10:30,10.5,2,0,223.99,14.57,3.2635,42.35,8.75,0.3706,40.06,11.73,0.4699,4.104,1.026
3115,2026-09-02 10:45:00,2026-09-02,10:45,10.75,2,0,223.62,12.76,2.8534,40.05,10.23,0.4097,41.1,11.77,0.4838,3.7469,0.9367
3116,2026-09-02 11:00:00,2026-09-02,11:00,11.0,2,0,224.01,14.62,3.275,41.75,9.56,0.3991,38.45,11.37,0.4372,4.1113,1.0278
3117,2026-09-02 11:15:00,2026-09-02,11:15,11.25,2,0,222.14,14.13,3.1388,41.94,10.69,0.4483,32.98,10.81,0.3565,3.9436,0.9859
3118,2026-09-02 11:30:00,2026-09-02,11:30,11.5,2,0,226.03,14.02,3.1689,41.73,11.02,0.4599,38.38,10.49,0.4026,4.0314,1.0078
3119,2026-09-02 11:45:00,2026-09-02,11:45,11.75,2,0,221.46,13.65,3.0229,43.9,12.04,0.5286,39.56,13.3,0.5262,4.0777,1.0194
3120,2026-09-02 12:00:00,2026-09-02,12:00,12.0,2,0,219.83,15.18,3.337,42.35,12.06,0.5107,42.34,12.17,0.5153,4.363,1.0908
3121,2026-09-02 12:15:00,2026-09-02,12:15,12.25,2,0,222.14,14.85,3.2988,44.97,13.79,0.6201,30.96,8.43,0.261,4.1799,1.045
3122,2026-09-02 12:30:00,2026-09-02,12:30,12.5,2,0,222.36,13.95,3.1019,45.39,13.69,0.6214,33.07,9.24,0.3056,4.0289,1.0072
3123,2026-09-02 12:45:00,2026-09-02,12:45,12.75,2,0,220.92,14.34,3.168,45.43,15.16,0.6887,35.58,9.87,0.3512,4.2079,1.052
3124,2026-09-02 13:00:00,2026-09-02,13:00,13.0,2,0,229.9,14.99,3.4462,47.05,15.09,0.71,35.58,8.36,0.2974,4.4536,1.1134
3125,2026-09-02 13:15:00,2026-09-02,13:15,13.25,2,0,222.65,15.21,3.3865,45.82,14.8,0.6781,33.26,8.62,0.2867,4.3513,1.0878
3126,2026-09-02 13:30:00,2026-09-02,13:30,13.5,2,0,224.0,14.84,3.3242,44.26,14.16,0.6267,31.07,5.89,0.183,4.1339,1.0335
3127,2026-09-02 13:45:00,2026-09-02,13:45,13.75,2,0,221.75,15.01,3.3285,43.71,13.79,0.6028,21.41,1.4,0.03,3.9613,0.9903
3128,2026-09-02 14:00:00,2026-09-02,14:00,14.0,2,0,226.96,15.74,3.5723,44.22,12.82,0.5669,23.63,4.03,0.0952,4.2344,1.0586
3129,2026-09-02 14:15:00,2026-09-02,14:15,14.25,2,0,222.75,15.44,3.4393,44.15,12.34,0.5448,20.76,1.97,0.0409,4.025,1.0063
3130,2026-09-02 14:30:00,2026-09-02,14:30,14.5,2,0,224.41,14.92,3.3482,43.22,12.43,0.5372,23.28,3.13,0.0729,3.9583,0.9896
3131,2026-09-02 14:45:00,2026-09-02,14:45,14.75,2,0,224.05,14.7,3.2935,41.99,10.66,0.4476,16.99,1.75,0.0297,3.7708,0.9427
3132,2026-09-02 15:00:00,2026-09-02,15:00,15.0,2,0,226.27,15.21,3.4416,41.18,9.88,0.4069,24.78,3.35,0.083,3.9315,0.9829
3133,2026-09-02 15:15:00,2026-09-02,15:15,15.25,2,0,222.86,14.3,3.1869,40.12,8.41,0.3374,19.57,0.58,0.0113,3.5356,0.8839
3134,2026-09-02 15:30:00,2026-09-02,15:30,15.5,2,0,225.33,15.32,3.4521,37.43,7.4,0.277,19.85,1.99,0.0395,3.7686,0.9422
3135,2026-09-02 15:45:00,2026-09-02,15:45,15.75,2,0,227.81,14.77,3.3647,39.35,6.92,0.2723,15.0,0.0,0.0,3.637,0.9093
3136,2026-09-02 16:00:00,2026-09-02,16:00,16.0,2,0,226.04,14.17,3.203,37.81,6.08,0.2299,27.73,6.83,0.1894,3.6223,0.9056
3137,2026-09-02 16:15:00,2026-09-02,16:15,16.25,2,0,225.59,13.93,3.1425,38.4,6.46,0.2481,23.34,3.36,0.0784,3.469,0.8672
3138,2026-09-02 16:30:00,2026-09-02,16:30,16.5,2,0,225.8,13.93,3.1454,36.46,5.1,0.1859,23.31,3.02,0.0704,3.4017,0.8504
3139,2026-09-02 16:45:00,2026-09-02,16:45,16.75,2,0,223.65,13.09,2.9276,34.04,4.57,0.1556,25.0,5.71,0.1427,3.2259,0.8065
3140,2026-09-02 17:00:00,2026-09-02,17:00,17.0,2,0,227.22,13.76,3.1266,34.85,4.19,0.146,23.73,3.8,0.0902,3.3628,0.8407
3141,2026-09-02 17:15:00,2026-09-02,17:15,17.25,2,0,223.13,12.28,2.74,36.39,3.8,0.1383,25.76,5.52,0.1422,3.0205,0.7551
3142,2026-09-02 17:30:00,2026-09-02,17:30,17.5,2,0,226.59,13.33,3.0204,34.45,2.97,0.1023,31.77,7.52,0.2389,3.3616,0.8404
3143,2026-09-02 17:45:00,2026-09-02,17:45,17.75,2,0,227.83,12.83,2.9231,35.6,2.99,0.1064,21.5,3.54,0.0761,3.1056,0.7764
3144,2026-09-02 18:00:00,2026-09-02,18:00,18.0,2,0,223.76,11.86,2.6538,33.17,1.68,0.0557,29.38,7.27,0.2136,2.9231,0.7308
3145,2026-09-02 18:15:00,2026-09-02,18:15,18.25,2,0,230.2,11.97,2.7555,31.81,1.45,0.0461,28.23,6.81,0.1923,2.9939,0.7485
3146,2026-09-02 18:30:00,2026-09-02,18:30,18.5,2,0,229.49,11.63,2.669,32.21,0.0,0.0,38.79,11.66,0.4523,3.1213,0.7803
3147,2026-09-02 18:45:00,2026-09-02,18:45,18.75,2,0,227.57,11.15,2.5374,0.52,0.0,0.0,30.17,6.16,0.1858,2.7232,0.6808
3148,2026-09-02 19:00:00,2026-09-02,19:00,19.0,2,0,233.37,10.38,2.4224,0.45,0.0,0.0,34.74,8.9,0.3092,2.7316,0.6829
3149,2026-09-02 19:15:00,2026-09-02,19:15,19.25,2,0,232.81,3.87,0.901,0.65,0.0,0.0,30.09,8.66,0.2606,1.1616,0.2904
3150,2026-09-02 19:30:00,2026-09-02,19:30,19.5,2,0,233.91,4.55,1.0643,0.27,0.0,0.0,27.65,6.54,0.1808,1.2451,0.3113
3151,2026-09-02 19:45:00,2026-09-02,19:45,19.75,2,0,231.6,5.11,1.1835,0.7,0.0,0.0,31.95,6.24,0.1994,1.3829,0.3457
3152,2026-09-02 20:00:00,2026-09-02,20:00,20.0,2,0,234.62,4.02,0.9432,0.2,0.0,0.0,30.39,7.48,0.2273,1.1705,0.2926
3153,2026-09-02 20:15:00,2026-09-02,20:15,20.25,2,0,233.14,4.65,1.0841,0.29,0.0,0.0,33.64,10.2,0.3431,1.4272,0.3568
3154,2026-09-02 20:30:00,2026-09-02,20:30,20.5,2,0,234.63,4.03,0.9456,0.25,0.0,0.0,32.19,8.3,0.2672,1.2128,0.3032
3155,2026-09-02 20:45:00,2026-09-02,20:45,20.75,2,0,235.01,5.89,1.3842,0.41,0.0,0.0,31.46,6.81,0.2142,1.5984,0.3996
3156,2026-09-02 21:00:00,2026-09-02,21:00,21.0,2,0,233.25,4.98,1.1616,0.7,0.0,0.0,25.17,4.86,0.1223,1.2839,0.321
3157,2026-09-02 21:15:00,2026-09-02,21:15,21.25,2,0,234.7,3.86,0.9059,0.6,0.0,0.0,27.42,6.85,0.1878,1.0937,0.2734
3158,2026-09-02 21:30:00,2026-09-02,21:30,21.5,2,0,236.4,4.26,1.0071,0.01,0.0,0.0,31.32,6.72,0.2105,1.2176,0.3044
3159,2026-09-02 21:45:00,2026-09-02,21:45,21.75,2,0,231.64,3.44,0.7968,0.38,0.0,0.0,24.21,3.87,0.0937,0.8905,0.2226
3160,2026-09-02 22:00:00,2026-09-02,22:00,22.0,2,0,232.64,3.35,0.7793,0.05,0.0,0.0,25.91,3.35,0.0868,0.8661,0.2165
3161,2026-09-02 22:15:00,2026-09-02,22:15,22.25,2,0,235.43,4.04,0.9511,0.75,0.0,0.0,26.66,4.75,0.1266,1.0777,0.2694
3162,2026-09-02 22:30:00,2026-09-02,22:30,22.5,2,0,234.36,4.8,1.1249,0.02,0.0,0.0,20.5,4.13,0.0847,1.2096,0.3024
3163,2026-09-02 22:45:00,2026-09-02,22:45,22.75,2,0,233.95,2.86,0.6691,0.43,0.0,0.0,18.42,0.62,0.0114,0.6805,0.1701
3164,2026-09-02 23:00:00,2026-09-02,23:00,23.0,2,0,233.33,4.35,1.015,0.0,0.0,0.0,19.08,2.08,0.0397,1.0547,0.2637
3165,2026-09-02 23:15:00,2026-09-02,23:15,23.25,2,0,232.75,3.77,0.8775,0.19,0.0,0.0,21.19,2.3,0.0487,0.9262,0.2316
3166,2026-09-02 23:30:00,2026-09-02,23:30,23.5,2,0,234.74,3.78,0.8873,0.15,0.0,0.0,19.93,2.63,0.0524,0.9397,0.2349
3167,2026-09-02 23:45:00,2026-09-02,23:45,23.75,2,0,235.0,4.13,0.9705,0.53,0.0,0.0,21.26,2.19,0.0466,1.0171,0.2543
3168,2026-09-03 00:00:00,2026-09-03,00:00,0.0,3,0,231.62,3.91,0.9056,0.25,0.0,0.0,19.74,3.44,0.0679,0.9735,0.2434
3169,2026-09-03 00:15:00,2026-09-03,00:15,0.25,3,0,234.31,4.03,0.9443,0.03,0.0,0.0,20.3,1.86,0.0378,0.9821,0.2455
3170,2026-09-03 00:30:00,2026-09-03,00:30,0.5,3,0,235.67,3.2,0.7541,0.01,0.0,0.0,19.58,1.87,0.0366,0.7907,0.1977
3171,2026-09-03 00:45:00,2026-09-03,00:45,0.75,3,0,235.07,2.6,0.6112,0.51,0.0,0.0,22.38,3.12,0.0698,0.681,0.1703
3172,2026-09-03 01:00:00,2026-09-03,01:00,1.0,3,0,234.38,4.42,1.036,0.43,0.0,0.0,26.2,4.94,0.1294,1.1654,0.2913
3173,2026-09-03 01:15:00,2026-09-03,01:15,1.25,3,0,233.62,3.39,0.792,0.3,0.0,0.0,27.1,3.32,0.09,0.882,0.2205
3174,2026-09-03 01:30:00,2026-09-03,01:30,1.5,3,0,232.28,3.82,0.8873,0.49,0.0,0.0,27.38,4.96,0.1358,1.0231,0.2558
3175,2026-09-03 01:45:00,2026-09-03,01:45,1.75,3,0,231.52,3.27,0.7571,0.32,0.0,0.0,27.78,5.59,0.1553,0.9124,0.2281
3176,2026-09-03 02:00:00,2026-09-03,02:00,2.0,3,0,234.79,4.76,1.1176,0.71,0.0,0.0,29.89,6.66,0.1991,1.3167,0.3292
3177,2026-09-03 02:15:00,2026-09-03,02:15,2.25,3,0,232.73,4.74,1.1031,0.14,0.0,0.0,32.68,8.32,0.2719,1.375,0.3438
3178,2026-09-03 02:30:00,2026-09-03,02:30,2.5,3,0,232.4,3.59,0.8343,0.41,0.0,0.0,32.71,6.78,0.2218,1.0561,0.264
3179,2026-09-03 02:45:00,2026-09-03,02:45,2.75,3,0,232.06,4.59,1.0652,0.3,0.0,0.0,31.07,7.86,0.2442,1.3094,0.3273
3180,2026-09-03 03:00:00,2026-09-03,03:00,3.0,3,0,232.71,5.19,1.2078,0.24,0.0,0.0,34.94,9.71,0.3393,1.5471,0.3868
3181,2026-09-03 03:15:00,2026-09-03,03:15,3.25,3,0,234.79,3.23,0.7584,0.15,0.0,0.0,28.93,7.5,0.217,0.9754,0.2439
3182,2026-09-03 03:30:00,2026-09-03,03:30,3.5,3,0,231.75,3.4,0.788,0.67,0.0,0.0,32.47,8.6,0.2792,1.0672,0.2668
3183,2026-09-03 03:45:00,2026-09-03,03:45,3.75,3,0,233.88,5.26,1.2302,0.05,0.0,0.0,36.87,9.45,0.3484,1.5786,0.3947
3184,2026-09-03 04:00:00,2026-09-03,04:00,4.0,3,0,231.25,3.46,0.8001,0.63,0.0,0.0,37.75,11.02,0.416,1.2161,0.304
3185,2026-09-03 04:15:00,2026-09-03,04:15,4.25,3,0,231.26,3.92,0.9065,0.41,0.0,0.0,36.88,10.82,0.399,1.3055,0.3264
3186,2026-09-03 04:30:00,2026-09-03,04:30,4.5,3,0,233.89,3.93,0.9192,0.47,0.0,0.0,31.55,9.16,0.289,1.2082,0.302
3187,2026-09-03 04:45:00,2026-09-03,04:45,4.75,3,0,232.56,5.28,1.2279,0.42,0.0,0.0,34.73,8.76,0.3042,1.5321,0.383
3188,2026-09-03 05:00:00,2026-09-03,05:00,5.0,3,0,232.07,4.91,1.1395,0.07,0.0,0.0,28.48,6.63,0.1888,1.3283,0.3321
3189,2026-09-03 05:15:00,2026-09-03,05:15,5.25,3,0,232.05,5.07,1.1765,0.31,0.0,0.0,30.05,7.89,0.2371,1.4136,0.3534
3190,2026-09-03 05:30:00,2026-09-03,05:30,5.5,3,0,229.75,4.63,1.0637,0.42,0.0,0.0,30.91,6.82,0.2108,1.2745,0.3186
3191,2026-09-03 05:45:00,2026-09-03,05:45,5.75,3,0,233.01,3.74,0.8715,0.06,0.0,0.0,27.74,4.86,0.1348,1.0063,0.2516
3192,2026-09-03 06:00:00,2026-09-03,06:00,6.0,3,0,234.64,5.14,1.206,32.47,0.0,0.0,31.02,7.13,0.2212,1.4272,0.3568
3193,2026-09-03 06:15:00,2026-09-03,06:15,6.25,3,0,232.07,5.09,1.1812,32.25,0.77,0.0248,30.06,7.08,0.2128,1.4188,0.3547
3194,2026-09-03 06:30:00,2026-09-03,06:30,6.5,3,0,232.95,4.34,1.011,33.25,1.27,0.0422,28.9,5.45,0.1575,1.2107,0.3027
3195,2026-09-03 06:45:00,2026-09-03,06:45,6.75,3,0,232.89,3.92,0.9129,35.81,2.22,0.0795,26.23,4.8,0.1259,1.1183,0.2796
3196,2026-09-03 07:00:00,2026-09-03,07:00,7.0,3,0,231.62,4.53,1.0492,35.26,1.84,0.0649,24.41,5.56,0.1357,1.2498,0.3125
3197,2026-09-03 07:15:00,2026-09-03,07:15,7.25,3,0,232.43,3.45,0.8019,35.86,3.3,0.1183,21.9,3.61,0.0791,0.9993,0.2498
3198,2026-09-03 07:30:00,2026-09-03,07:30,7.5,3,0,232.93,2.48,0.5777,36.44,2.96,0.1079,18.85,1.69,0.0319,0.7175,0.1794
3199,2026-09-03 07:45:00,2026-09-03,07:45,7.75,3,0,230.04,2.84,0.6533,37.21,5.13,0.1909,19.93,2.0,0.0399,0.8841,0.221
3200,2026-09-03 08:00:00,2026-09-03,08:00,8.0,3,0,234.87,11.51,2.7033,38.18,5.52,0.2107,19.81,2.73,0.0541,2.9681,0.742
3201,2026-09-03 08:15:00,2026-09-03,08:15,8.25,3,0,229.27,11.48,2.632,38.13,5.76,0.2196,19.04,1.27,0.0242,2.8758,0.7189
3202,2026-09-03 08:30:00,2026-09-03,08:30,8.5,3,0,231.29,12.02,2.7801,37.31,6.46,0.241,18.77,1.95,0.0366,3.0577,0.7644
3203,2026-09-03 08:45:00,2026-09-03,08:45,8.75,3,0,229.02,14.14,3.2383,40.39,8.32,0.336,15.1,0.56,0.0085,3.5828,0.8957
3204,2026-09-03 09:00:00,2026-09-03,09:00,9.0,3,0,227.11,12.37,2.8093,39.82,7.78,0.3098,18.23,0.95,0.0173,3.1364,0.7841
3205,2026-09-03 09:15:00,2026-09-03,09:15,9.25,3,0,225.48,12.16,2.7418,42.58,10.06,0.4284,22.96,2.47,0.0567,3.2269,0.8067
3206,2026-09-03 09:30:00,2026-09-03,09:30,9.5,3,0,227.51,13.9,3.1624,43.45,11.07,0.481,20.8,2.68,0.0557,3.6991,0.9248
3207,2026-09-03 09:45:00,2026-09-03,09:45,9.75,3,0,223.03,13.62,3.0377,42.81,12.84,0.5497,20.89,2.38,0.0497,3.6371,0.9093
3208,2026-09-03 10:00:00,2026-09-03,10:00,10.0,3,0,224.54,13.71,3.0784,44.29,13.11,0.5806,23.84,3.26,0.0777,3.7367,0.9342
3209,2026-09-03 10:15:00,2026-09-03,10:15,10.25,3,0,224.17,14.76,3.3087,44.74,14.32,0.6407,23.53,1.85,0.0435,3.9929,0.9982
3210,2026-09-03 10:30:00,2026-09-03,10:30,10.5,3,0,224.61,14.1,3.167,45.91,14.08,0.6464,18.6,0.94,0.0175,3.8309,0.9577
3211,2026-09-03 10:45:00,2026-09-03,10:45,10.75,3,0,222.72,13.96,3.1092,43.63,14.46,0.6309,27.81,4.23,0.1176,3.8577,0.9644
3212,2026-09-03 11:00:00,2026-09-03,11:00,11.0,3,0,223.28,14.88,3.3224,46.2,14.62,0.6754,27.73,5.38,0.1492,4.147,1.0368
3213,2026-09-03 11:15:00,2026-09-03,11:15,11.25,3,0,226.16,13.99,3.164,45.16,13.51,0.6101,27.79,4.87,0.1353,3.9094,0.9774
3214,2026-09-03 11:30:00,2026-09-03,11:30,11.5,3,0,223.75,14.37,3.2153,43.73,13.62,0.5956,26.58,5.44,0.1446,3.9555,0.9889
3215,2026-09-03 11:45:00,2026-09-03,11:45,11.75,3,0,221.83,15.55,3.4495,43.75,12.56,0.5495,29.42,7.46,0.2195,4.2185,1.0546
3216,2026-09-03 12:00:00,2026-09-03,12:00,12.0,3,0,222.57,14.03,3.1227,42.64,12.22,0.5211,26.0,5.31,0.1381,3.7819,0.9455
3217,2026-09-03 12:15:00,2026-09-03,12:15,12.25,3,0,222.29,15.86,3.5255,42.48,11.29,0.4796,21.04,3.11,0.0654,4.0705,1.0176
3218,2026-09-03 12:30:00,2026-09-03,12:30,12.5,3,0,223.44,15.36,3.432,41.36,11.3,0.4674,29.86,7.06,0.2108,4.1102,1.0275
3219,2026-09-03 12:45:00,2026-09-03,12:45,12.75,3,0,221.74,15.3,3.3926,43.61,11.39,0.4967,31.73,7.26,0.2304,4.1197,1.0299
3220,2026-09-03 13:00:00,2026-09-03,13:00,13.0,3,0,219.14,14.09,3.0877,41.55,10.28,0.4271,26.68,5.18,0.1382,3.653,0.9133
3221,2026-09-03 13:15:00,2026-09-03,13:15,13.25,3,0,223.63,15.54,3.4752,41.53,10.93,0.4539,24.92,4.77,0.1189,4.048,1.012
3222,2026-09-03 13:30:00,2026-09-03,13:30,13.5,3,0,219.97,14.65,3.2226,42.54,10.24,0.4356,22.76,3.05,0.0694,3.7276,0.9319
3223,2026-09-03 13:45:00,2026-09-03,13:45,13.75,3,0,224.19,15.07,3.3785,40.89,9.81,0.4011,25.32,4.18,0.1058,3.8854,0.9714
3224,2026-09-03 14:00:00,2026-09-03,14:00,14.0,3,0,223.81,15.19,3.3997,42.79,10.16,0.4348,26.75,4.27,0.1142,3.9487,0.9872
3225,2026-09-03 14:15:00,2026-09-03,14:15,14.25,3,0,221.61,14.58,3.2311,42.18,11.16,0.4707,21.84,4.79,0.1046,3.8064,0.9516
3226,2026-09-03 14:30:00,2026-09-03,14:30,14.5,3,0,223.89,14.96,3.3494,42.68,11.11,0.4742,20.91,4.51,0.0943,3.9179,0.9795
3227,2026-09-03 14:45:00,2026-09-03,14:45,14.75,3,0,222.92,13.65,3.0429,41.98,11.47,0.4815,23.24,3.37,0.0783,3.6027,0.9007
3228,2026-09-03 15:00:00,2026-09-03,15:00,15.0,3,0,221.77,13.33,2.9562,42.31,10.97,0.4641,24.74,4.73,0.117,3.5373,0.8843
3229,2026-09-03 15:15:00,2026-09-03,15:15,15.25,3,0,225.61,13.82,3.1179,41.89,10.62,0.4449,19.18,2.42,0.0464,3.6092,0.9023
3230,2026-09-03 15:30:00,2026-09-03,15:30,15.5,3,0,224.19,15.27,3.4234,41.39,9.81,0.406,24.96,3.33,0.0831,3.9125,0.9781
3231,2026-09-03 15:45:00,2026-09-03,15:45,15.75,3,0,227.23,14.24,3.2358,38.88,10.41,0.4047,17.85,1.25,0.0223,3.6628,0.9157
3232,2026-09-03 16:00:00,2026-09-03,16:00,16.0,3,0,223.8,15.23,3.4085,41.23,9.75,0.402,19.32,1.67,0.0323,3.8428,0.9607
3233,2026-09-03 16:15:00,2026-09-03,16:15,16.25,3,0,225.01,13.53,3.0444,40.16,7.41,0.2976,19.63,1.35,0.0265,3.3685,0.8421
3234,2026-09-03 16:30:00,2026-09-03,16:30,16.5,3,0,218.63,13.19,2.8837,36.43,6.61,0.2408,17.97,1.98,0.0356,3.1601,0.79
3235,2026-09-03 16:45:00,2026-09-03,16:45,16.75,3,0,223.25,15.32,3.4202,37.91,6.02,0.2282,18.58,1.04,0.0193,3.6677,0.9169
3236,2026-09-03 17:00:00,2026-09-03,17:00,17.0,3,0,222.08,13.26,2.9448,36.42,5.03,0.1832,18.04,0.87,0.0157,3.1437,0.7859
3237,2026-09-03 17:15:00,2026-09-03,17:15,17.25,3,0,222.91,12.53,2.7931,35.24,3.49,0.123,19.63,2.07,0.0406,2.9567,0.7392
3238,2026-09-03 17:30:00,2026-09-03,17:30,17.5,3,0,221.52,12.64,2.8,35.54,2.74,0.0974,19.22,0.9,0.0173,2.9147,0.7287
3239,2026-09-03 17:45:00,2026-09-03,17:45,17.75,3,0,223.31,13.18,2.9432,32.99,2.07,0.0683,18.27,1.68,0.0307,3.0422,0.7605
3240,2026-09-03 18:00:00,2026-09-03,18:00,18.0,3,0,223.56,11.46,2.562,32.46,0.21,0.0068,20.68,0.78,0.0161,2.5849,0.6462
3241,2026-09-03 18:15:00,2026-09-03,18:15,18.25,3,0,225.79,12.95,2.924,32.85,0.18,0.0059,20.26,1.85,0.0375,2.9674,0.7419
3242,2026-09-03 18:30:00,2026-09-03,18:30,18.5,3,0,225.92,12.41,2.8037,31.51,0.79,0.0249,19.91,1.96,0.039,2.8676,0.7169
3243,2026-09-03 18:45:00,2026-09-03,18:45,18.75,3,0,224.73,11.3,2.5394,0.52,0.0,0.0,17.7,0.57,0.0101,2.5495,0.6374
3244,2026-09-03 19:00:00,2026-09-03,19:00,19.0,3,0,228.04,10.65,2.4286,0.11,0.0,0.0,21.44,2.57,0.0551,2.4837,0.6209
3245,2026-09-03 19:15:00,2026-09-03,19:15,19.25,3,0,229.39,5.25,1.2043,0.73,0.0,0.0,19.08,1.09,0.0208,1.2251,0.3063
3246,2026-09-03 19:30:00,2026-09-03,19:30,19.5,3,0,226.43,4.28,0.9691,0.6,0.0,0.0,21.36,1.63,0.0348,1.0039,0.251
3247,2026-09-03 19:45:00,2026-09-03,19:45,19.75,3,0,225.18,5.49,1.2362,0.59,0.0,0.0,18.84,1.98,0.0373,1.2735,0.3184
3248,2026-09-03 20:00:00,2026-09-03,20:00,20.0,3,0,221.38,5.61,1.2419,0.74,0.0,0.0,21.15,2.43,0.0514,1.2933,0.3233
3249,2026-09-03 20:15:00,2026-09-03,20:15,20.25,3,0,226.12,4.38,0.9904,0.05,0.0,0.0,18.85,2.92,0.055,1.0454,0.2614
3250,2026-09-03 20:30:00,2026-09-03,20:30,20.5,3,0,227.67,5.05,1.1497,0.02,0.0,0.0,20.2,2.85,0.0576,1.2073,0.3018
3251,2026-09-03 20:45:00,2026-09-03,20:45,20.75,3,0,224.99,4.47,1.0057,0.65,0.0,0.0,20.57,3.33,0.0685,1.0742,0.2686
3252,2026-09-03 21:00:00,2026-09-03,21:00,21.0,3,0,230.68,4.49,1.0357,0.02,0.0,0.0,20.87,2.86,0.0597,1.0954,0.2738
3253,2026-09-03 21:15:00,2026-09-03,21:15,21.25,3,0,226.03,5.58,1.2612,0.12,0.0,0.0,19.35,1.77,0.0343,1.2955,0.3239
3254,2026-09-03 21:30:00,2026-09-03,21:30,21.5,3,0,226.8,4.82,1.0932,0.56,0.0,0.0,19.42,2.14,0.0416,1.1348,0.2837
3255,2026-09-03 21:45:00,2026-09-03,21:45,21.75,3,0,224.95,4.74,1.0663,0.29,0.0,0.0,19.61,2.25,0.0441,1.1104,0.2776
3256,2026-09-03 22:00:00,2026-09-03,22:00,22.0,3,0,225.92,4.26,0.9624,0.24,0.0,0.0,21.26,2.16,0.0459,1.0083,0.2521
3257,2026-09-03 22:15:00,2026-09-03,22:15,22.25,3,0,227.03,3.4,0.7719,0.4,0.0,0.0,19.09,1.68,0.0321,0.804,0.201
3258,2026-09-03 22:30:00,2026-09-03,22:30,22.5,3,0,229.01,4.87,1.1153,0.67,0.0,0.0,18.62,1.45,0.027,1.1423,0.2856
3259,2026-09-03 22:45:00,2026-09-03,22:45,22.75,3,0,226.9,3.89,0.8826,0.56,0.0,0.0,17.57,0.95,0.0167,0.8993,0.2248
3260,2026-09-03 23:00:00,2026-09-03,23:00,23.0,3,0,231.21,4.35,1.0058,0.75,0.0,0.0,18.76,0.99,0.0186,1.0244,0.2561
3261,2026-09-03 23:15:00,2026-09-03,23:15,23.25,3,0,235.62,3.71,0.8741,0.71,0.0,0.0,17.57,0.65,0.0114,0.8855,0.2214
3262,2026-09-03 23:30:00,2026-09-03,23:30,23.5,3,0,229.64,3.51,0.806,0.22,0.0,0.0,19.32,0.07,0.0014,0.8074,0.2019
3263,2026-09-03 23:45:00,2026-09-03,23:45,23.75,3,0,228.93,3.32,0.7601,0.14,0.0,0.0,18.74,1.27,0.0238,0.7839,0.196
3264,2026-09-04 00:00:00,2026-09-04,00:00,0.0,4,0,228.89,3.45,0.7897,0.79,0.0,0.0,22.22,3.16,0.0702,0.8599,0.215
3265,2026-09-04 00:15:00,2026-09-04,00:15,0.25,4,0,232.81,4.04,0.9405,0.52,0.0,0.0,20.69,2.95,0.061,1.0015,0.2504
3266,2026-09-04 00:30:00,2026-09-04,00:30,0.5,4,0,229.27,3.57,0.8185,0.63,0.0,0.0,19.66,0.93,0.0183,0.8368,0.2092
3267,2026-09-04 00:45:00,2026-09-04,00:45,0.75,4,0,230.89,4.52,1.0436,0.56,0.0,0.0,24.37,3.21,0.0782,1.1218,0.2804
3268,2026-09-04 01:00:00,2026-09-04,01:00,1.0,4,0,229.26,3.84,0.8804,0.67,0.0,0.0,17.05,0.95,0.0162,0.8966,0.2241
3269,2026-09-04 01:15:00,2026-09-04,01:15,1.25,4,0,228.83,2.71,0.6201,0.25,0.0,0.0,20.53,0.71,0.0146,0.6347,0.1587
3270,2026-09-04 01:30:00,2026-09-04,01:30,1.5,4,0,231.65,4.16,0.9637,0.41,0.0,0.0,17.33,0.39,0.0068,0.9705,0.2426
3271,2026-09-04 01:45:00,2026-09-04,01:45,1.75,4,0,231.49,2.28,0.5278,0.53,0.0,0.0,17.6,0.66,0.0116,0.5394,0.1348
3272,2026-09-04 02:00:00,2026-09-04,02:00,2.0,4,0,231.08,5.24,1.2109,0.36,0.0,0.0,21.55,1.85,0.0399,1.2508,0.3127
3273,2026-09-04 02:15:00,2026-09-04,02:15,2.25,4,0,231.88,6.01,1.3936,0.65,0.0,0.0,19.4,1.47,0.0285,1.4221,0.3555
3274,2026-09-04 02:30:00,2026-09-04,02:30,2.5,4,0,231.47,4.69,1.0856,0.3,0.0,0.0,21.59,1.98,0.0428,1.1284,0.2821
3275,2026-09-04 02:45:00,2026-09-04,02:45,2.75,4,0,230.93,4.53,1.0461,0.62,0.0,0.0,21.44,2.47,0.053,1.0991,0.2748
3276,2026-09-04 03:00:00,2026-09-04,03:00,3.0,4,0,230.74,4.41,1.0176,0.34,0.0,0.0,18.19,1.2,0.0218,1.0394,0.2599
3277,2026-09-04 03:15:00,2026-09-04,03:15,3.25,4,0,229.8,5.68,1.3053,0.62,0.0,0.0,16.73,1.54,0.0258,1.3311,0.3328
3278,2026-09-04 03:30:00,2026-09-04,03:30,3.5,4,0,229.19,6.18,1.4164,0.7,0.0,0.0,20.07,2.1,0.0421,1.4585,0.3646
3279,2026-09-04 03:45:00,2026-09-04,03:45,3.75,4,0,228.64,3.79,0.8665,0.53,0.0,0.0,21.61,2.97,0.0642,0.9307,0.2327
3280,2026-09-04 04:00:00,2026-09-04,04:00,4.0,4,0,232.87,3.89,0.9059,0.43,0.0,0.0,20.88,3.0,0.0626,0.9685,0.2421
3281,2026-09-04 04:15:00,2026-09-04,04:15,4.25,4,0,229.93,5.95,1.3681,0.03,0.0,0.0,19.65,2.5,0.0491,1.4172,0.3543
3282,2026-09-04 04:30:00,2026-09-04,04:30,4.5,4,0,234.69,3.77,0.8848,0.13,0.0,0.0,20.99,2.66,0.0558,0.9406,0.2351
3283,2026-09-04 04:45:00,2026-09-04,04:45,4.75,4,0,233.29,3.84,0.8958,0.2,0.0,0.0,20.36,2.67,0.0544,0.9502,0.2376
3284,2026-09-04 05:00:00,2026-09-04,05:00,5.0,4,0,234.01,4.91,1.149,0.8,0.0,0.0,22.37,2.83,0.0633,1.2123,0.3031
3285,2026-09-04 05:15:00,2026-09-04,05:15,5.25,4,0,233.04,5.36,1.2491,0.16,0.0,0.0,22.86,3.88,0.0887,1.3378,0.3345
3286,2026-09-04 05:30:00,2026-09-04,05:30,5.5,4,0,234.75,3.75,0.8803,0.22,0.0,0.0,22.67,4.03,0.0914,0.9717,0.2429
3287,2026-09-04 05:45:00,2026-09-04,05:45,5.75,4,0,234.4,3.54,0.8298,0.35,0.0,0.0,22.32,3.11,0.0694,0.8992,0.2248
3288,2026-09-04 06:00:00,2026-09-04,06:00,6.0,4,0,232.3,3.85,0.8944,31.65,0.0,0.0,19.78,3.04,0.0601,0.9545,0.2386
3289,2026-09-04 06:15:00,2026-09-04,06:15,6.25,4,0,231.93,3.69,0.8558,31.86,1.15,0.0366,24.11,2.55,0.0615,0.9539,0.2385
3290,2026-09-04 06:30:00,2026-09-04,06:30,6.5,4,0,234.53,4.98,1.168,34.09,2.01,0.0685,21.28,3.22,0.0685,1.305,0.3262
3291,2026-09-04 06:45:00,2026-09-04,06:45,6.75,4,0,234.3,2.97,0.6959,34.25,3.34,0.1144,21.56,2.34,0.0505,0.8608,0.2152
3292,2026-09-04 07:00:00,2026-09-04,07:00,7.0,4,0,235.92,4.87,1.1489,36.57,4.45,0.1627,19.95,2.15,0.0429,1.3545,0.3386
3293,2026-09-04 07:15:00,2026-09-04,07:15,7.25,4,0,233.91,4.56,1.0666,37.41,4.96,0.1856,17.37,1.82,0.0316,1.2838,0.321
3294,2026-09-04 07:30:00,2026-09-04,07:30,7.5,4,0,235.48,3.36,0.7912,38.86,5.04,0.1958,18.41,1.16,0.0214,1.0084,0.2521
3295,2026-09-04 07:45:00,2026-09-04,07:45,7.75,4,0,234.88,2.97,0.6976,36.84,6.81,0.2509,17.18,0.24,0.0041,0.9526,0.2382
3296,2026-09-04 08:00:00,2026-09-04,08:00,8.0,4,0,234.34,11.63,2.7254,40.22,7.47,0.3004,20.48,1.45,0.0297,3.0555,0.7639
3297,2026-09-04 08:15:00,2026-09-04,08:15,8.25,4,0,234.22,12.16,2.8481,39.73,7.27,0.2888,17.97,0.9,0.0162,3.1531,0.7883
3298,2026-09-04 08:30:00,2026-09-04,08:30,8.5,4,0,231.99,12.02,2.7885,38.56,7.65,0.295,17.67,1.13,0.02,3.1035,0.7759
3299,2026-09-04 08:45:00,2026-09-04,08:45,8.75,4,0,234.13,12.42,2.9079,39.32,8.49,0.3338,19.69,1.1,0.0217,3.2634,0.8158
3300,2026-09-04 09:00:00,2026-09-04,09:00,9.0,4,0,229.57,12.01,2.7571,40.11,8.05,0.3229,16.96,0.33,0.0056,3.0856,0.7714
3301,2026-09-04 09:15:00,2026-09-04,09:15,9.25,4,0,230.83,11.73,2.7076,40.21,8.69,0.3494,19.81,0.75,0.0149,3.0719,0.768
3302,2026-09-04 09:30:00,2026-09-04,09:30,9.5,4,0,227.63,12.76,2.9046,40.14,8.7,0.3492,16.29,0.08,0.0013,3.2551,0.8138
3303,2026-09-04 09:45:00,2026-09-04,09:45,9.75,4,0,229.23,12.79,2.9318,39.37,8.31,0.3272,19.48,1.19,0.0232,3.2822,0.8206
3304,2026-09-04 10:00:00,2026-09-04,10:00,10.0,4,0,232.71,14.07,3.2742,41.24,8.82,0.3637,17.0,0.61,0.0104,3.6483,0.9121
3305,2026-09-04 10:15:00,2026-09-04,10:15,10.25,4,0,230.42,14.1,3.2489,41.33,9.35,0.3864,18.02,1.14,0.0205,3.6558,0.914
3306,2026-09-04 10:30:00,2026-09-04,10:30,10.5,4,0,227.5,13.04,2.9666,42.44,9.99,0.424,17.18,0.58,0.01,3.4006,0.8501
3307,2026-09-04 10:45:00,2026-09-04,10:45,10.75,4,0,231.16,13.2,3.0513,42.27,10.86,0.4591,17.77,1.05,0.0187,3.5291,0.8823
3308,2026-09-04 11:00:00,2026-09-04,11:00,11.0,4,0,229.04,13.49,3.0897,44.99,11.41,0.5133,18.31,1.7,0.0311,3.6341,0.9085
3309,2026-09-04 11:15:00,2026-09-04,11:15,11.25,4,0,229.0,13.6,3.1144,42.85,13.22,0.5665,17.47,0.15,0.0026,3.6835,0.9209
3310,2026-09-04 11:30:00,2026-09-04,11:30,11.5,4,0,227.27,14.24,3.2363,43.9,12.91,0.5667,18.01,1.3,0.0234,3.8264,0.9566
3311,2026-09-04 11:45:00,2026-09-04,11:45,11.75,4,0,231.25,14.5,3.3531,45.02,14.14,0.6366,16.82,0.82,0.0138,4.0035,1.0009
3312,2026-09-04 12:00:00,2026-09-04,12:00,12.0,4,0,228.37,14.56,3.3251,45.67,13.98,0.6385,16.37,1.82,0.0298,3.9934,0.9983
3313,2026-09-04 12:15:00,2026-09-04,12:15,12.25,4,0,228.96,15.32,3.5077,44.62,14.5,0.647,17.26,2.19,0.0378,4.1925,1.0481
3314,2026-09-04 12:30:00,2026-09-04,12:30,12.5,4,0,230.21,16.0,3.6834,46.25,15.84,0.7326,17.37,0.42,0.0073,4.4233,1.1058
3315,2026-09-04 12:45:00,2026-09-04,12:45,12.75,4,0,226.87,14.7,3.335,46.41,16.0,0.7426,17.57,0.0,0.0,4.0776,1.0194
3316,2026-09-04 13:00:00,2026-09-04,13:00,13.0,4,0,228.32,15.18,3.4659,46.41,14.97,0.6948,18.2,0.77,0.014,4.1747,1.0437
3317,2026-09-04 13:15:00,2026-09-04,13:15,13.25,4,0,227.05,13.69,3.1083,44.99,14.01,0.6303,17.38,0.62,0.0108,3.7494,0.9374
3318,2026-09-04 13:30:00,2026-09-04,13:30,13.5,4,0,229.47,14.81,3.3984,45.33,14.29,0.6478,17.62,0.94,0.0166,4.0628,1.0157
3319,2026-09-04 13:45:00,2026-09-04,13:45,13.75,4,0,231.45,14.89,3.4463,44.37,11.83,0.5249,18.89,0.31,0.0059,3.9771,0.9943
3320,2026-09-04 14:00:00,2026-09-04,14:00,14.0,4,0,228.2,13.86,3.1628,44.53,12.08,0.5379,18.11,0.98,0.0177,3.7184,0.9296
3321,2026-09-04 14:15:00,2026-09-04,14:15,14.25,4,0,230.75,14.56,3.3597,42.62,11.05,0.4709,15.4,0.68,0.0105,3.8411,0.9603
3322,2026-09-04 14:30:00,2026-09-04,14:30,14.5,4,0,226.24,14.96,3.3846,39.59,8.62,0.3413,19.52,1.44,0.0281,3.754,0.9385
3323,2026-09-04 14:45:00,2026-09-04,14:45,14.75,4,0,228.54,14.88,3.4007,41.27,8.57,0.3537,18.68,0.56,0.0105,3.7649,0.9412
3324,2026-09-04 15:00:00,2026-09-04,15:00,15.0,4,0,230.0,14.37,3.3051,40.69,8.31,0.3381,18.03,0.97,0.0175,3.6607,0.9152
3325,2026-09-04 15:15:00,2026-09-04,15:15,15.25,4,0,225.88,14.67,3.3137,40.63,8.55,0.3474,18.11,0.0,0.0,3.6611,0.9153
3326,2026-09-04 15:30:00,2026-09-04,15:30,15.5,4,0,228.74,15.23,3.4837,39.0,7.42,0.2894,18.16,1.79,0.0325,3.8056,0.9514
3327,2026-09-04 15:45:00,2026-09-04,15:45,15.75,4,0,226.7,14.95,3.3892,38.66,6.64,0.2567,16.19,1.99,0.0322,3.6781,0.9195
3328,2026-09-04 16:00:00,2026-09-04,16:00,16.0,4,0,226.09,14.38,3.2512,39.92,6.53,0.2607,18.85,1.5,0.0283,3.5402,0.8851
3329,2026-09-04 16:15:00,2026-09-04,16:15,16.25,4,0,230.12,15.07,3.4679,38.73,7.26,0.2812,19.68,1.46,0.0287,3.7778,0.9445
3330,2026-09-04 16:30:00,2026-09-04,16:30,16.5,4,0,224.19,14.63,3.2799,38.34,6.2,0.2377,17.63,1.11,0.0196,3.5372,0.8843
3331,2026-09-04 16:45:00,2026-09-04,16:45,16.75,4,0,226.92,13.23,3.0021,37.32,5.71,0.2131,17.78,0.48,0.0085,3.2237,0.8059
3332,2026-09-04 17:00:00,2026-09-04,17:00,17.0,4,0,225.85,13.83,3.1235,35.66,5.2,0.1854,18.32,2.58,0.0473,3.3562,0.839
3333,2026-09-04 17:15:00,2026-09-04,17:15,17.25,4,0,225.23,13.11,2.9528,36.19,3.65,0.1321,18.78,1.8,0.0338,3.1187,0.7797
3334,2026-09-04 17:30:00,2026-09-04,17:30,17.5,4,0,226.8,13.98,3.1707,34.7,3.51,0.1218,20.64,2.42,0.05,3.3425,0.8356
3335,2026-09-04 17:45:00,2026-09-04,17:45,17.75,4,0,223.64,12.46,2.7866,34.58,2.42,0.0837,16.89,1.55,0.0262,2.8965,0.7241
3336,2026-09-04 18:00:00,2026-09-04,18:00,18.0,4,0,225.44,13.45,3.0322,33.95,1.52,0.0516,19.94,2.4,0.0479,3.1317,0.7829
3337,2026-09-04 18:15:00,2026-09-04,18:15,18.25,4,0,226.72,12.97,2.9406,33.75,1.08,0.0365,17.6,1.18,0.0208,2.9979,0.7495
3338,2026-09-04 18:30:00,2026-09-04,18:30,18.5,4,0,228.88,12.42,2.8427,32.81,0.0,0.0,17.45,0.54,0.0094,2.8521,0.713
3339,2026-09-04 18:45:00,2026-09-04,18:45,18.75,4,0,229.69,11.0,2.5266,0.4,0.0,0.0,18.53,1.69,0.0313,2.5579,0.6395
3340,2026-09-04 19:00:00,2026-09-04,19:00,19.0,4,0,229.62,11.55,2.6521,0.76,0.0,0.0,17.01,1.61,0.0274,2.6795,0.6699
3341,2026-09-04 19:15:00,2026-09-04,19:15,19.25,4,0,227.79,3.76,0.8565,0.39,0.0,0.0,18.31,1.44,0.0264,0.8829,0.2207
3342,2026-09-04 19:30:00,2026-09-04,19:30,19.5,4,0,226.1,5.57,1.2594,0.15,0.0,0.0,16.05,1.21,0.0194,1.2788,0.3197
3343,2026-09-04 19:45:00,2026-09-04,19:45,19.75,4,0,224.42,5.41,1.2141,0.13,0.0,0.0,19.85,2.12,0.0421,1.2562,0.314
3344,2026-09-04 20:00:00,2026-09-04,20:00,20.0,4,0,225.21,5.77,1.2995,0.12,0.0,0.0,18.9,2.27,0.0429,1.3424,0.3356
3345,2026-09-04 20:15:00,2026-09-04,20:15,20.25,4,0,228.66,5.12,1.1707,0.11,0.0,0.0,16.98,0.69,0.0117,1.1824,0.2956
3346,2026-09-04 20:30:00,2026-09-04,20:30,20.5,4,0,229.1,4.36,0.9989,0.3,0.0,0.0,20.44,0.63,0.0129,1.0118,0.253
3347,2026-09-04 20:45:00,2026-09-04,20:45,20.75,4,0,227.11,5.23,1.1878,0.35,0.0,0.0,20.5,1.55,0.0318,1.2196,0.3049
3348,2026-09-04 21:00:00,2026-09-04,21:00,21.0,4,0,226.6,4.73,1.0718,0.31,0.0,0.0,16.36,1.21,0.0198,1.0916,0.2729
3349,2026-09-04 21:15:00,2026-09-04,21:15,21.25,4,0,228.37,3.52,0.8039,0.4,0.0,0.0,20.69,2.74,0.0567,0.8606,0.2152
3350,2026-09-04 21:30:00,2026-09-04,21:30,21.5,4,0,228.12,3.0,0.6844,0.03,0.0,0.0,24.45,2.82,0.0689,0.7533,0.1883
3351,2026-09-04 21:45:00,2026-09-04,21:45,21.75,4,0,229.26,4.44,1.0179,0.13,0.0,0.0,19.11,2.96,0.0566,1.0745,0.2686
3352,2026-09-04 22:00:00,2026-09-04,22:00,22.0,4,0,231.1,5.03,1.1624,0.07,0.0,0.0,25.77,3.83,0.0987,1.2611,0.3153
3353,2026-09-04 22:15:00,2026-09-04,22:15,22.25,4,0,226.64,4.64,1.0516,0.11,0.0,0.0,20.63,2.63,0.0543,1.1059,0.2765
3354,2026-09-04 22:30:00,2026-09-04,22:30,22.5,4,0,227.95,3.51,0.8001,0.62,0.0,0.0,25.59,4.63,0.1185,0.9186,0.2296
3355,2026-09-04 22:45:00,2026-09-04,22:45,22.75,4,0,229.55,2.61,0.5991,0.72,0.0,0.0,26.96,5.43,0.1464,0.7455,0.1864
3356,2026-09-04 23:00:00,2026-09-04,23:00,23.0,4,0,227.86,3.17,0.7223,0.52,0.0,0.0,25.29,7.07,0.1788,0.9011,0.2253
3357,2026-09-04 23:15:00,2026-09-04,23:15,23.25,4,0,228.26,4.04,0.9222,0.25,0.0,0.0,24.87,4.19,0.1042,1.0264,0.2566
3358,2026-09-04 23:30:00,2026-09-04,23:30,23.5,4,0,227.75,4.13,0.9406,0.15,0.0,0.0,25.86,4.67,0.1208,1.0614,0.2653
3359,2026-09-04 23:45:00,2026-09-04,23:45,23.75,4,0,228.62,3.34,0.7636,0.0,0.0,0.0,23.55,5.09,0.1199,0.8835,0.2209
3360,2026-09-05 00:00:00,2026-09-05,00:00,0.0,5,1,227.11,2.68,0.6087,0.65,0.0,0.0,15.71,0.87,0.0137,0.6224,0.1556
3361,2026-09-05 00:15:00,2026-09-05,00:15,0.25,5,1,228.57,4.28,0.9783,0.42,0.0,0.0,17.93,2.19,0.0393,1.0176,0.2544
3362,2026-09-05 00:30:00,2026-09-05,00:30,0.5,5,1,225.43,3.82,0.8611,0.21,0.0,0.0,17.42,0.0,0.0,0.8611,0.2153
3363,2026-09-05 00:45:00,2026-09-05,00:45,0.75,5,1,224.16,3.42,0.7666,0.01,0.0,0.0,18.26,0.0,0.0,0.7666,0.1916
3364,2026-09-05 01:00:00,2026-09-05,01:00,1.0,5,1,226.2,3.1,0.7012,0.66,0.0,0.0,16.0,1.09,0.0174,0.7186,0.1797
3365,2026-09-05 01:15:00,2026-09-05,01:15,1.25,5,1,225.66,3.87,0.8733,0.21,0.0,0.0,15.76,0.0,0.0,0.8733,0.2183
3366,2026-09-05 01:30:00,2026-09-05,01:30,1.5,5,1,225.69,4.27,0.9637,0.52,0.0,0.0,20.32,0.23,0.0047,0.9684,0.2421
3367,2026-09-05 01:45:00,2026-09-05,01:45,1.75,5,1,224.71,4.5,1.0112,0.76,0.0,0.0,18.52,0.55,0.0102,1.0214,0.2554
3368,2026-09-05 02:00:00,2026-09-05,02:00,2.0,5,1,224.0,3.21,0.719,0.37,0.0,0.0,19.7,2.75,0.0542,0.7732,0.1933
3369,2026-09-05 02:15:00,2026-09-05,02:15,2.25,5,1,222.3,4.9,1.0893,0.45,0.0,0.0,18.73,1.33,0.0249,1.1142,0.2786
3370,2026-09-05 02:30:00,2026-09-05,02:30,2.5,5,1,227.71,3.94,0.8972,0.02,0.0,0.0,17.95,0.91,0.0163,0.9135,0.2284
3371,2026-09-05 02:45:00,2026-09-05,02:45,2.75,5,1,229.58,5.81,1.3339,0.03,0.0,0.0,18.17,0.0,0.0,1.3339,0.3335
3372,2026-09-05 03:00:00,2026-09-05,03:00,3.0,5,1,225.89,5.33,1.204,0.21,0.0,0.0,19.59,2.16,0.0423,1.2463,0.3116
3373,2026-09-05 03:15:00,2026-09-05,03:15,3.25,5,1,226.26,4.27,0.9661,0.18,0.0,0.0,19.78,0.5,0.0099,0.976,0.244
3374,2026-09-05 03:30:00,2026-09-05,03:30,3.5,5,1,227.39,3.3,0.7504,0.02,0.0,0.0,18.0,1.49,0.0268,0.7772,0.1943
3375,2026-09-05 03:45:00,2026-09-05,03:45,3.75,5,1,224.9,5.1,1.147,0.73,0.0,0.0,17.27,0.41,0.0071,1.1541,0.2885
3376,2026-09-05 04:00:00,2026-09-05,04:00,4.0,5,1,229.45,5.25,1.2046,0.43,0.0,0.0,18.08,1.21,0.0219,1.2265,0.3066
3377,2026-09-05 04:15:00,2026-09-05,04:15,4.25,5,1,225.3,5.97,1.345,0.22,0.0,0.0,19.81,1.21,0.024,1.369,0.3422
3378,2026-09-05 04:30:00,2026-09-05,04:30,4.5,5,1,226.98,5.52,1.2529,0.6,0.0,0.0,16.68,0.44,0.0073,1.2602,0.315
3379,2026-09-05 04:45:00,2026-09-05,04:45,4.75,5,1,225.42,5.52,1.2443,0.06,0.0,0.0,19.46,0.35,0.0068,1.2511,0.3128
3380,2026-09-05 05:00:00,2026-09-05,05:00,5.0,5,1,226.17,3.34,0.7554,0.57,0.0,0.0,18.23,1.88,0.0343,0.7897,0.1974
3381,2026-09-05 05:15:00,2026-09-05,05:15,5.25,5,1,228.11,4.63,1.0562,0.3,0.0,0.0,19.91,0.74,0.0147,1.0709,0.2677
3382,2026-09-05 05:30:00,2026-09-05,05:30,5.5,5,1,226.73,4.16,0.9432,0.21,0.0,0.0,17.78,1.98,0.0352,0.9784,0.2446
3383,2026-09-05 05:45:00,2026-09-05,05:45,5.75,5,1,227.82,3.77,0.8589,0.35,0.0,0.0,18.64,1.54,0.0287,0.8876,0.2219
3384,2026-09-05 06:00:00,2026-09-05,06:00,6.0,5,1,227.98,3.82,0.8709,30.67,0.32,0.0098,20.25,1.01,0.0204,0.9011,0.2253
3385,2026-09-05 06:15:00,2026-09-05,06:15,6.25,5,1,227.53,3.77,0.8578,32.39,0.0,0.0,20.02,1.0,0.02,0.8778,0.2195
3386,2026-09-05 06:30:00,2026-09-05,06:30,6.5,5,1,229.63,4.55,1.0448,33.06,0.66,0.0218,17.1,0.45,0.0077,1.0743,0.2686
3387,2026-09-05 06:45:00,2026-09-05,06:45,6.75,5,1,228.15,3.86,0.8807,31.81,0.71,0.0226,20.89,2.51,0.0524,0.9557,0.2389
3388,2026-09-05 07:00:00,2026-09-05,07:00,7.0,5,1,231.15,3.05,0.705,33.28,1.68,0.0559,19.16,2.07,0.0397,0.8006,0.2001
3389,2026-09-05 07:15:00,2026-09-05,07:15,7.25,5,1,229.34,3.11,0.7133,34.85,1.61,0.0561,19.92,2.71,0.054,0.8234,0.2059
3390,2026-09-05 07:30:00,2026-09-05,07:30,7.5,5,1,230.21,4.7,1.082,33.63,1.52,0.0511,22.38,3.54,0.0792,1.2123,0.3031
3391,2026-09-05 07:45:00,2026-09-05,07:45,7.75,5,1,226.4,3.31,0.7494,33.08,1.31,0.0433,27.1,4.59,0.1244,0.9171,0.2293
3392,2026-09-05 08:00:00,2026-09-05,08:00,8.0,5,1,229.53,2.89,0.6633,33.36,2.1,0.0701,24.69,4.9,0.121,0.8544,0.2136
3393,2026-09-05 08:15:00,2026-09-05,08:15,8.25,5,1,229.01,2.13,0.4878,35.61,1.72,0.0612,28.44,5.66,0.161,0.71,0.1775
3394,2026-09-05 08:30:00,2026-09-05,08:30,8.5,5,1,229.41,2.56,0.5873,35.22,3.3,0.1162,23.79,3.96,0.0942,0.7977,0.1994
3395,2026-09-05 08:45:00,2026-09-05,08:45,8.75,5,1,229.87,4.24,0.9747,35.36,2.75,0.0972,24.68,3.43,0.0847,1.1566,0.2892
3396,2026-09-05 09:00:00,2026-09-05,09:00,9.0,5,1,228.82,3.51,0.8032,35.99,3.74,0.1346,22.02,2.61,0.0575,0.9953,0.2488
3397,2026-09-05 09:15:00,2026-09-05,09:15,9.25,5,1,233.15,1.64,0.3824,35.89,4.54,0.1629,27.72,5.2,0.1441,0.6894,0.1724
3398,2026-09-05 09:30:00,2026-09-05,09:30,9.5,5,1,233.34,2.06,0.4807,36.61,5.06,0.1852,28.27,7.39,0.2089,0.8748,0.2187
3399,2026-09-05 09:45:00,2026-09-05,09:45,9.75,5,1,231.04,2.37,0.5476,36.17,5.06,0.183,26.87,5.01,0.1346,0.8652,0.2163
3400,2026-09-05 10:00:00,2026-09-05,10:00,10.0,5,1,230.44,2.24,0.5162,36.25,5.29,0.1918,22.21,3.21,0.0713,0.7793,0.1948
3401,2026-09-05 10:15:00,2026-09-05,10:15,10.25,5,1,229.46,1.6,0.3671,36.14,5.04,0.1822,24.34,4.04,0.0983,0.6476,0.1619
3402,2026-09-05 10:30:00,2026-09-05,10:30,10.5,5,1,231.17,2.76,0.638,36.04,5.51,0.1986,23.67,4.69,0.111,0.9476,0.2369
3403,2026-09-05 10:45:00,2026-09-05,10:45,10.75,5,1,232.93,1.07,0.2492,36.97,5.09,0.1882,25.77,4.87,0.1255,0.5629,0.1407
3404,2026-09-05 11:00:00,2026-09-05,11:00,11.0,5,1,231.31,1.63,0.377,36.34,3.96,0.1439,23.66,4.6,0.1088,0.6297,0.1574
3405,2026-09-05 11:15:00,2026-09-05,11:15,11.25,5,1,231.68,1.57,0.3637,36.93,4.21,0.1555,23.47,2.94,0.069,0.5882,0.147
3406,2026-09-05 11:30:00,2026-09-05,11:30,11.5,5,1,234.07,2.67,0.625,37.86,4.31,0.1632,22.13,3.27,0.0724,0.8606,0.2152
3407,2026-09-05 11:45:00,2026-09-05,11:45,11.75,5,1,235.74,2.04,0.4809,36.54,3.78,0.1381,24.2,2.73,0.0661,0.6851,0.1713
3408,2026-09-05 12:00:00,2026-09-05,12:00,12.0,5,1,228.64,1.93,0.4413,35.05,4.29,0.1504,17.88,1.08,0.0193,0.611,0.1527
3409,2026-09-05 12:15:00,2026-09-05,12:15,12.25,5,1,233.2,1.24,0.2892,36.77,4.06,0.1493,18.99,1.61,0.0306,0.4691,0.1173
3410,2026-09-05 12:30:00,2026-09-05,12:30,12.5,5,1,236.38,1.76,0.416,35.11,3.84,0.1348,18.15,2.1,0.0381,0.5889,0.1472
3411,2026-09-05 12:45:00,2026-09-05,12:45,12.75,5,1,230.59,1.73,0.3989,37.05,4.13,0.153,20.31,2.13,0.0433,0.5952,0.1488
3412,2026-09-05 13:00:00,2026-09-05,13:00,13.0,5,1,234.18,1.0,0.2342,37.35,3.65,0.1363,22.29,3.13,0.0698,0.4403,0.1101
3413,2026-09-05 13:15:00,2026-09-05,13:15,13.25,5,1,236.28,2.78,0.6569,37.21,4.63,0.1723,19.8,1.65,0.0327,0.8619,0.2155
3414,2026-09-05 13:30:00,2026-09-05,13:30,13.5,5,1,234.02,2.0,0.468,36.4,4.26,0.1551,20.97,2.41,0.0505,0.6736,0.1684
3415,2026-09-05 13:45:00,2026-09-05,13:45,13.75,5,1,230.31,2.21,0.509,35.76,4.87,0.1741,22.05,2.88,0.0635,0.7466,0.1867
3416,2026-09-05 14:00:00,2026-09-05,14:00,14.0,5,1,232.35,1.87,0.4345,38.2,5.56,0.2124,19.71,2.04,0.0402,0.6871,0.1718
3417,2026-09-05 14:15:00,2026-09-05,14:15,14.25,5,1,234.52,2.36,0.5535,35.52,5.16,0.1833,23.85,4.27,0.1018,0.8386,0.2097
3418,2026-09-05 14:30:00,2026-09-05,14:30,14.5,5,1,234.96,2.03,0.477,37.4,4.24,0.1586,19.29,2.92,0.0563,0.6919,0.173
3419,2026-09-05 14:45:00,2026-09-05,14:45,14.75,5,1,231.68,2.44,0.5653,36.66,4.9,0.1796,22.74,2.37,0.0539,0.7988,0.1997
3420,2026-09-05 15:00:00,2026-09-05,15:00,15.0,5,1,237.04,2.06,0.4883,36.48,4.97,0.1813,26.98,4.0,0.1079,0.7775,0.1944
3421,2026-09-05 15:15:00,2026-09-05,15:15,15.25,5,1,232.29,3.02,0.7015,36.51,4.96,0.1811,23.27,3.79,0.0882,0.9708,0.2427
3422,2026-09-05 15:30:00,2026-09-05,15:30,15.5,5,1,238.04,4.13,0.9831,35.62,4.58,0.1631,26.47,3.77,0.0998,1.246,0.3115
3423,2026-09-05 15:45:00,2026-09-05,15:45,15.75,5,1,234.63,3.94,0.9244,35.1,3.83,0.1344,26.81,4.86,0.1303,1.1891,0.2973
3424,2026-09-05 16:00:00,2026-09-05,16:00,16.0,5,1,235.47,2.49,0.5863,34.14,3.74,0.1277,22.08,3.29,0.0726,0.7866,0.1966
3425,2026-09-05 16:15:00,2026-09-05,16:15,16.25,5,1,234.63,3.19,0.7485,33.65,3.29,0.1107,32.01,7.05,0.2257,1.0849,0.2712
3426,2026-09-05 16:30:00,2026-09-05,16:30,16.5,5,1,234.54,3.79,0.8889,33.64,1.3,0.0437,30.97,7.48,0.2317,1.1643,0.2911
3427,2026-09-05 16:45:00,2026-09-05,16:45,16.75,5,1,233.89,3.37,0.7882,34.42,1.35,0.0465,27.93,6.86,0.1916,1.0263,0.2566
3428,2026-09-05 17:00:00,2026-09-05,17:00,17.0,5,1,236.78,3.02,0.7151,33.18,2.82,0.0936,32.23,7.63,0.2459,1.0546,0.2636
3429,2026-09-05 17:15:00,2026-09-05,17:15,17.25,5,1,236.04,3.76,0.8875,32.93,0.86,0.0283,32.57,9.05,0.2948,1.2106,0.3026
3430,2026-09-05 17:30:00,2026-09-05,17:30,17.5,5,1,236.78,4.6,1.0892,33.81,0.24,0.0081,31.47,7.01,0.2206,1.3179,0.3295
3431,2026-09-05 17:45:00,2026-09-05,17:45,17.75,5,1,231.91,4.73,1.0969,32.35,2.08,0.0673,33.16,9.54,0.3164,1.4806,0.3701
3432,2026-09-05 18:00:00,2026-09-05,18:00,18.0,5,1,236.62,4.39,1.0388,31.92,0.58,0.0185,30.51,6.48,0.1977,1.255,0.3137
3433,2026-09-05 18:15:00,2026-09-05,18:15,18.25,5,1,235.21,3.67,0.8632,32.77,0.14,0.0046,32.12,8.35,0.2682,1.136,0.284
3434,2026-09-05 18:30:00,2026-09-05,18:30,18.5,5,1,234.32,4.3,1.0076,30.62,0.17,0.0052,30.87,7.59,0.2343,1.2471,0.3118
3435,2026-09-05 18:45:00,2026-09-05,18:45,18.75,5,1,232.82,3.0,0.6985,0.59,0.0,0.0,33.04,7.76,0.2564,0.9549,0.2387
3436,2026-09-05 19:00:00,2026-09-05,19:00,19.0,5,1,229.71,3.7,0.8499,0.19,0.0,0.0,31.89,8.57,0.2733,1.1232,0.2808
3437,2026-09-05 19:15:00,2026-09-05,19:15,19.25,5,1,234.35,3.63,0.8507,0.75,0.0,0.0,28.36,6.18,0.1753,1.026,0.2565
3438,2026-09-05 19:30:00,2026-09-05,19:30,19.5,5,1,235.18,4.52,1.063,0.57,0.0,0.0,28.03,6.79,0.1903,1.2533,0.3133
3439,2026-09-05 19:45:00,2026-09-05,19:45,19.75,5,1,232.94,4.52,1.0529,0.41,0.0,0.0,25.87,4.83,0.125,1.1779,0.2945
3440,2026-09-05 20:00:00,2026-09-05,20:00,20.0,5,1,233.09,4.68,1.0909,0.33,0.0,0.0,25.47,5.15,0.1312,1.2221,0.3055
3441,2026-09-05 20:15:00,2026-09-05,20:15,20.25,5,1,232.23,3.36,0.7803,0.15,0.0,0.0,18.98,1.91,0.0362,0.8165,0.2041
3442,2026-09-05 20:30:00,2026-09-05,20:30,20.5,5,1,232.84,5.17,1.2038,0.02,0.0,0.0,17.9,1.11,0.0199,1.2237,0.3059
3443,2026-09-05 20:45:00,2026-09-05,20:45,20.75,5,1,235.56,3.91,0.921,0.11,0.0,0.0,26.87,4.52,0.1215,1.0425,0.2606
3444,2026-09-05 21:00:00,2026-09-05,21:00,21.0,5,1,230.48,3.81,0.8781,0.67,0.0,0.0,21.9,3.42,0.0749,0.953,0.2382
3445,2026-09-05 21:15:00,2026-09-05,21:15,21.25,5,1,231.28,5.05,1.168,0.19,0.0,0.0,24.06,3.34,0.0804,1.2484,0.3121
3446,2026-09-05 21:30:00,2026-09-05,21:30,21.5,5,1,231.13,3.38,0.7812,0.62,0.0,0.0,25.12,2.56,0.0643,0.8455,0.2114
3447,2026-09-05 21:45:00,2026-09-05,21:45,21.75,5,1,232.04,4.37,1.014,0.07,0.0,0.0,18.92,2.66,0.0503,1.0643,0.2661
3448,2026-09-05 22:00:00,2026-09-05,22:00,22.0,5,1,235.74,4.97,1.1716,0.46,0.0,0.0,21.59,1.96,0.0423,1.2139,0.3035
3449,2026-09-05 22:15:00,2026-09-05,22:15,22.25,5,1,231.34,3.47,0.8027,0.65,0.0,0.0,23.52,3.93,0.0924,0.8951,0.2238
3450,2026-09-05 22:30:00,2026-09-05,22:30,22.5,5,1,230.49,3.32,0.7652,0.03,0.0,0.0,17.68,0.11,0.0019,0.7671,0.1918
3451,2026-09-05 22:45:00,2026-09-05,22:45,22.75,5,1,231.05,5.04,1.1645,0.05,0.0,0.0,16.82,0.86,0.0145,1.179,0.2948
3452,2026-09-05 23:00:00,2026-09-05,23:00,23.0,5,1,231.77,2.55,0.591,0.47,0.0,0.0,21.35,1.85,0.0395,0.6305,0.1576
3453,2026-09-05 23:15:00,2026-09-05,23:15,23.25,5,1,229.33,1.95,0.4472,0.26,0.0,0.0,32.32,8.19,0.2647,0.7119,0.178
3454,2026-09-05 23:30:00,2026-09-05,23:30,23.5,5,1,229.24,4.13,0.9468,0.69,0.0,0.0,25.39,5.39,0.1368,1.0836,0.2709
3455,2026-09-05 23:45:00,2026-09-05,23:45,23.75,5,1,234.13,2.89,0.6766,0.79,0.0,0.0,26.03,5.49,0.1429,0.8195,0.2049
3456,2026-09-06 00:00:00,2026-09-06,00:00,0.0,6,1,228.69,2.6,0.5946,0.41,0.0,0.0,21.16,3.43,0.0726,0.6672,0.1668
3457,2026-09-06 00:15:00,2026-09-06,00:15,0.25,6,1,228.04,3.79,0.8643,0.28,0.0,0.0,21.95,3.89,0.0854,0.9497,0.2374
3458,2026-09-06 00:30:00,2026-09-06,00:30,0.5,6,1,231.06,3.83,0.885,0.23,0.0,0.0,27.16,6.48,0.176,1.061,0.2652
3459,2026-09-06 00:45:00,2026-09-06,00:45,0.75,6,1,227.29,3.81,0.866,0.41,0.0,0.0,26.39,4.46,0.1177,0.9837,0.2459
3460,2026-09-06 01:00:00,2026-09-06,01:00,1.0,6,1,226.53,3.59,0.8132,0.28,0.0,0.0,26.62,5.32,0.1416,0.9548,0.2387
3461,2026-09-06 01:15:00,2026-09-06,01:15,1.25,6,1,229.52,4.56,1.0466,0.22,0.0,0.0,26.76,5.34,0.1429,1.1895,0.2974
3462,2026-09-06 01:30:00,2026-09-06,01:30,1.5,6,1,225.95,4.27,0.9648,0.2,0.0,0.0,27.39,6.58,0.1802,1.145,0.2863
3463,2026-09-06 01:45:00,2026-09-06,01:45,1.75,6,1,226.58,3.82,0.8655,0.19,0.0,0.0,32.55,8.35,0.2718,1.1373,0.2843
3464,2026-09-06 02:00:00,2026-09-06,02:00,2.0,6,1,230.21,4.76,1.0958,0.01,0.0,0.0,36.9,10.13,0.3738,1.4696,0.3674
3465,2026-09-06 02:15:00,2026-09-06,02:15,2.25,6,1,227.01,5.65,1.2826,0.41,0.0,0.0,30.23,5.8,0.1753,1.4579,0.3645
3466,2026-09-06 02:30:00,2026-09-06,02:30,2.5,6,1,226.93,4.34,0.9849,0.79,0.0,0.0,32.78,8.01,0.2626,1.2475,0.3119
3467,2026-09-06 02:45:00,2026-09-06,02:45,2.75,6,1,226.53,4.62,1.0466,0.7,0.0,0.0,29.18,7.31,0.2133,1.2599,0.315
3468,2026-09-06 03:00:00,2026-09-06,03:00,3.0,6,1,228.13,3.9,0.8897,0.41,0.0,0.0,29.33,5.75,0.1686,1.0583,0.2646
3469,2026-09-06 03:15:00,2026-09-06,03:15,3.25,6,1,227.43,3.73,0.8483,0.74,0.0,0.0,33.59,10.39,0.349,1.1973,0.2993
3470,2026-09-06 03:30:00,2026-09-06,03:30,3.5,6,1,228.17,4.5,1.0268,0.01,0.0,0.0,30.44,7.48,0.2277,1.2545,0.3136
3471,2026-09-06 03:45:00,2026-09-06,03:45,3.75,6,1,231.02,5.05,1.1667,0.16,0.0,0.0,26.71,5.36,0.1432,1.3099,0.3275
3472,2026-09-06 04:00:00,2026-09-06,04:00,4.0,6,1,230.09,5.56,1.2793,0.76,0.0,0.0,31.43,5.68,0.1785,1.4578,0.3644
3473,2026-09-06 04:15:00,2026-09-06,04:15,4.25,6,1,226.9,3.44,0.7805,0.22,0.0,0.0,25.05,4.19,0.105,0.8855,0.2214
3474,2026-09-06 04:30:00,2026-09-06,04:30,4.5,6,1,224.4,3.93,0.8819,0.78,0.0,0.0,27.06,4.58,0.1239,1.0058,0.2515
3475,2026-09-06 04:45:00,2026-09-06,04:45,4.75,6,1,223.07,4.7,1.0484,0.17,0.0,0.0,24.95,5.4,0.1347,1.1831,0.2958
3476,2026-09-06 05:00:00,2026-09-06,05:00,5.0,6,1,224.51,4.08,0.916,0.2,0.0,0.0,22.21,3.28,0.0728,0.9888,0.2472
3477,2026-09-06 05:15:00,2026-09-06,05:15,5.25,6,1,224.98,4.4,0.9899,0.45,0.0,0.0,19.27,1.58,0.0304,1.0203,0.2551
3478,2026-09-06 05:30:00,2026-09-06,05:30,5.5,6,1,223.23,3.91,0.8728,0.73,0.0,0.0,24.04,3.06,0.0736,0.9464,0.2366
3479,2026-09-06 05:45:00,2026-09-06,05:45,5.75,6,1,228.0,3.04,0.6931,0.12,0.0,0.0,21.28,1.22,0.026,0.7191,0.1798
3480,2026-09-06 06:00:00,2026-09-06,06:00,6.0,6,1,225.44,4.97,1.1204,31.64,0.0,0.0,25.74,4.89,0.1259,1.2463,0.3116
3481,2026-09-06 06:15:00,2026-09-06,06:15,6.25,6,1,223.05,5.16,1.1509,32.29,0.69,0.0223,20.03,1.32,0.0264,1.1996,0.2999
3482,2026-09-06 06:30:00,2026-09-06,06:30,6.5,6,1,227.0,4.03,0.9148,33.74,1.43,0.0483,24.43,5.27,0.1288,1.0919,0.273
3483,2026-09-06 06:45:00,2026-09-06,06:45,6.75,6,1,226.76,4.65,1.0544,35.81,2.76,0.0988,24.74,3.23,0.0799,1.2331,0.3083
3484,2026-09-06 07:00:00,2026-09-06,07:00,7.0,6,1,224.13,3.43,0.7688,34.46,3.86,0.133,24.49,3.29,0.0806,0.9824,0.2456
3485,2026-09-06 07:15:00,2026-09-06,07:15,7.25,6,1,227.86,2.32,0.5286,34.98,4.33,0.1515,23.33,3.33,0.0777,0.7578,0.1895
3486,2026-09-06 07:30:00,2026-09-06,07:30,7.5,6,1,229.17,3.46,0.7929,37.64,5.44,0.2048,18.75,2.73,0.0512,1.0489,0.2622
3487,2026-09-06 07:45:00,2026-09-06,07:45,7.75,6,1,225.09,2.79,0.628,37.43,5.32,0.1991,20.88,3.55,0.0741,0.9012,0.2253
3488,2026-09-06 08:00:00,2026-09-06,08:00,8.0,6,1,225.76,2.18,0.4922,36.47,7.06,0.2575,24.89,3.66,0.0911,0.8408,0.2102
3489,2026-09-06 08:15:00,2026-09-06,08:15,8.25,6,1,226.59,3.98,0.9018,37.47,6.51,0.2439,24.39,3.1,0.0756,1.2213,0.3053
3490,2026-09-06 08:30:00,2026-09-06,08:30,8.5,6,1,225.3,2.61,0.588,37.88,6.36,0.2409,19.9,1.9,0.0378,0.8667,0.2167
3491,2026-09-06 08:45:00,2026-09-06,08:45,8.75,6,1,226.95,2.31,0.5242,37.97,6.91,0.2624,24.21,2.85,0.069,0.8556,0.2139
3492,2026-09-06 09:00:00,2026-09-06,09:00,9.0,6,1,228.13,3.02,0.689,38.22,7.63,0.2916,29.75,6.16,0.1833,1.1639,0.291
3493,2026-09-06 09:15:00,2026-09-06,09:15,9.25,6,1,226.74,1.85,0.4195,40.3,7.79,0.3139,31.9,7.12,0.2271,0.9605,0.2401
3494,2026-09-06 09:30:00,2026-09-06,09:30,9.5,6,1,219.65,1.94,0.4261,38.9,8.0,0.3112,33.27,8.47,0.2818,1.0191,0.2548
3495,2026-09-06 09:45:00,2026-09-06,09:45,9.75,6,1,228.24,2.61,0.5957,41.18,9.24,0.3805,38.36,11.04,0.4235,1.3997,0.3499
3496,2026-09-06 10:00:00,2026-09-06,10:00,10.0,6,1,222.95,2.8,0.6243,41.48,11.47,0.4758,34.32,9.31,0.3195,1.4196,0.3549
3497,2026-09-06 10:15:00,2026-09-06,10:15,10.25,6,1,224.49,2.22,0.4984,42.46,10.79,0.4581,39.22,12.15,0.4765,1.433,0.3583
3498,2026-09-06 10:30:00,2026-09-06,10:30,10.5,6,1,229.19,1.4,0.3209,43.13,13.09,0.5646,38.0,11.64,0.4423,1.3278,0.332
3499,2026-09-06 10:45:00,2026-09-06,10:45,10.75,6,1,225.66,1.0,0.2257,45.36,12.3,0.5579,45.1,15.93,0.7184,1.502,0.3755
3500,2026-09-06 11:00:00,2026-09-06,11:00,11.0,6,1,224.33,2.49,0.5586,45.47,14.12,0.642,40.23,11.46,0.461,1.6616,0.4154
3501,2026-09-06 11:15:00,2026-09-06,11:15,11.25,6,1,226.83,1.89,0.4287,45.34,14.52,0.6583,37.43,11.35,0.4248,1.5118,0.378
3502,2026-09-06 11:30:00,2026-09-06,11:30,11.5,6,1,226.57,1.22,0.2764,46.8,14.47,0.6772,35.51,10.41,0.3697,1.3233,0.3308
3503,2026-09-06 11:45:00,2026-09-06,11:45,11.75,6,1,227.54,2.07,0.471,46.15,15.04,0.6941,36.56,9.79,0.3579,1.523,0.3807
3504,2026-09-06 12:00:00,2026-09-06,12:00,12.0,6,1,229.75,1.44,0.3308,44.98,16.0,0.7197,35.95,9.91,0.3563,1.4068,0.3517
3505,2026-09-06 12:15:00,2026-09-06,12:15,12.25,6,1,229.19,1.59,0.3644,46.3,14.12,0.6538,40.47,12.42,0.5026,1.5208,0.3802
3506,2026-09-06 12:30:00,2026-09-06,12:30,12.5,6,1,227.82,1.69,0.385,45.06,14.94,0.6732,37.03,9.94,0.3681,1.4263,0.3566
3507,2026-09-06 12:45:00,2026-09-06,12:45,12.75,6,1,229.73,1.49,0.3423,46.19,13.61,0.6286,36.2,10.08,0.3649,1.3358,0.334
3508,2026-09-06 13:00:00,2026-09-06,13:00,13.0,6,1,230.19,3.41,0.785,45.43,13.2,0.5997,32.06,8.4,0.2693,1.654,0.4135
3509,2026-09-06 13:15:00,2026-09-06,13:15,13.25,6,1,226.51,2.21,0.5006,43.74,10.95,0.4789,29.76,6.49,0.1931,1.1726,0.2932
3510,2026-09-06 13:30:00,2026-09-06,13:30,13.5,6,1,228.98,1.1,0.2519,41.99,11.64,0.4888,28.14,5.46,0.1536,0.8943,0.2236
3511,2026-09-06 13:45:00,2026-09-06,13:45,13.75,6,1,228.55,1.0,0.2286,42.6,11.3,0.4814,21.37,3.47,0.0742,0.7842,0.1961
3512,2026-09-06 14:00:00,2026-09-06,14:00,14.0,6,1,231.36,2.25,0.5206,40.36,9.69,0.3911,20.6,2.48,0.0511,0.9628,0.2407
3513,2026-09-06 14:15:00,2026-09-06,14:15,14.25,6,1,227.22,1.83,0.4158,40.96,9.44,0.3867,19.36,1.19,0.023,0.8255,0.2064
3514,2026-09-06 14:30:00,2026-09-06,14:30,14.5,6,1,230.39,3.05,0.7027,40.17,9.33,0.3748,21.79,1.59,0.0347,1.1122,0.2781
3515,2026-09-06 14:45:00,2026-09-06,14:45,14.75,6,1,229.92,2.51,0.5771,39.61,9.28,0.3676,18.38,0.45,0.0083,0.953,0.2382
3516,2026-09-06 15:00:00,2026-09-06,15:00,15.0,6,1,227.91,3.74,0.8524,41.33,8.37,0.3459,20.41,1.65,0.0337,1.232,0.308
3517,2026-09-06 15:15:00,2026-09-06,15:15,15.25,6,1,227.98,3.61,0.823,40.66,8.79,0.3574,17.62,0.0,0.0,1.1804,0.2951
3518,2026-09-06 15:30:00,2026-09-06,15:30,15.5,6,1,231.4,3.26,0.7544,39.1,9.38,0.3668,18.14,1.07,0.0194,1.1406,0.2852
3519,2026-09-06 15:45:00,2026-09-06,15:45,15.75,6,1,227.85,3.2,0.7291,38.72,6.99,0.2707,18.22,1.85,0.0337,1.0335,0.2584
3520,2026-09-06 16:00:00,2026-09-06,16:00,16.0,6,1,230.4,3.44,0.7926,38.96,7.88,0.307,18.78,1.74,0.0327,1.1323,0.2831
3521,2026-09-06 16:15:00,2026-09-06,16:15,16.25,6,1,230.62,3.12,0.7195,39.12,8.08,0.3161,21.32,3.75,0.08,1.1156,0.2789
3522,2026-09-06 16:30:00,2026-09-06,16:30,16.5,6,1,231.16,3.9,0.9015,39.33,7.39,0.2906,29.1,4.27,0.1243,1.3164,0.3291
3523,2026-09-06 16:45:00,2026-09-06,16:45,16.75,6,1,229.82,4.48,1.0296,38.26,6.82,0.2609,29.87,5.42,0.1619,1.4524,0.3631
3524,2026-09-06 17:00:00,2026-09-06,17:00,17.0,6,1,233.49,4.76,1.1114,36.37,5.91,0.215,28.25,5.27,0.1489,1.4753,0.3688
3525,2026-09-06 17:15:00,2026-09-06,17:15,17.25,6,1,229.44,4.56,1.0462,37.09,4.55,0.1688,35.18,9.0,0.3166,1.5316,0.3829
3526,2026-09-06 17:30:00,2026-09-06,17:30,17.5,6,1,230.15,4.49,1.0334,35.88,4.0,0.1435,34.35,9.55,0.328,1.5049,0.3762
3527,2026-09-06 17:45:00,2026-09-06,17:45,17.75,6,1,228.22,4.82,1.1,34.38,2.88,0.099,30.09,5.4,0.1625,1.3615,0.3404
3528,2026-09-06 18:00:00,2026-09-06,18:00,18.0,6,1,233.21,4.47,1.0425,33.48,1.57,0.0526,34.94,8.58,0.2998,1.3949,0.3487
3529,2026-09-06 18:15:00,2026-09-06,18:15,18.25,6,1,229.71,4.21,0.9671,32.88,1.26,0.0414,34.4,9.41,0.3237,1.3322,0.3331
3530,2026-09-06 18:30:00,2026-09-06,18:30,18.5,6,1,233.73,3.59,0.8391,32.4,0.0,0.0,39.94,10.51,0.4198,1.2589,0.3147
3531,2026-09-06 18:45:00,2026-09-06,18:45,18.75,6,1,233.69,5.11,1.1942,0.46,0.0,0.0,33.77,8.72,0.2945,1.4887,0.3722
3532,2026-09-06 19:00:00,2026-09-06,19:00,19.0,6,1,229.65,4.11,0.9439,0.57,0.0,0.0,40.16,9.75,0.3916,1.3355,0.3339
3533,2026-09-06 19:15:00,2026-09-06,19:15,19.25,6,1,230.38,4.36,1.0045,0.21,0.0,0.0,41.2,10.97,0.452,1.4565,0.3641
3534,2026-09-06 19:30:00,2026-09-06,19:30,19.5,6,1,231.85,5.65,1.3099,0.76,0.0,0.0,44.21,12.77,0.5646,1.8745,0.4686
3535,2026-09-06 19:45:00,2026-09-06,19:45,19.75,6,1,233.4,5.19,1.2113,0.41,0.0,0.0,45.36,15.9,0.7212,1.9325,0.4831
3536,2026-09-06 20:00:00,2026-09-06,20:00,20.0,6,1,228.67,5.08,1.1616,0.57,0.0,0.0,41.2,12.08,0.4977,1.6593,0.4148
3537,2026-09-06 20:15:00,2026-09-06,20:15,20.25,6,1,233.54,5.77,1.3475,0.51,0.0,0.0,41.59,11.1,0.4617,1.8092,0.4523
3538,2026-09-06 20:30:00,2026-09-06,20:30,20.5,6,1,230.2,4.87,1.1211,0.52,0.0,0.0,41.72,13.28,0.554,1.6751,0.4188
3539,2026-09-06 20:45:00,2026-09-06,20:45,20.75,6,1,233.27,3.42,0.7978,0.41,0.0,0.0,36.08,9.78,0.3529,1.1507,0.2877
3540,2026-09-06 21:00:00,2026-09-06,21:00,21.0,6,1,234.45,5.04,1.1816,0.38,0.0,0.0,36.0,10.52,0.3787,1.5603,0.3901
3541,2026-09-06 21:15:00,2026-09-06,21:15,21.25,6,1,232.88,3.88,0.9036,0.22,0.0,0.0,26.55,5.26,0.1396,1.0432,0.2608
3542,2026-09-06 21:30:00,2026-09-06,21:30,21.5,6,1,231.93,5.8,1.3452,0.48,0.0,0.0,40.78,12.58,0.513,1.8582,0.4646
3543,2026-09-06 21:45:00,2026-09-06,21:45,21.75,6,1,235.1,2.64,0.6207,0.75,0.0,0.0,35.09,7.54,0.2646,0.8853,0.2213
3544,2026-09-06 22:00:00,2026-09-06,22:00,22.0,6,1,232.5,6.04,1.4043,0.34,0.0,0.0,26.01,4.7,0.1222,1.5265,0.3816
3545,2026-09-06 22:15:00,2026-09-06,22:15,22.25,6,1,232.79,4.43,1.0313,0.38,0.0,0.0,38.46,11.3,0.4346,1.4659,0.3665
3546,2026-09-06 22:30:00,2026-09-06,22:30,22.5,6,1,232.83,3.61,0.8405,0.72,0.0,0.0,35.79,10.25,0.3669,1.2074,0.3019
3547,2026-09-06 22:45:00,2026-09-06,22:45,22.75,6,1,233.55,3.25,0.759,0.71,0.0,0.0,26.09,5.19,0.1354,0.8944,0.2236
3548,2026-09-06 23:00:00,2026-09-06,23:00,23.0,6,1,234.42,3.21,0.7525,0.56,0.0,0.0,27.81,6.15,0.171,0.9235,0.2309
3549,2026-09-06 23:15:00,2026-09-06,23:15,23.25,6,1,230.46,3.53,0.8135,0.25,0.0,0.0,25.36,5.01,0.127,0.9405,0.2351
3550,2026-09-06 23:30:00,2026-09-06,23:30,23.5,6,1,237.03,4.3,1.0192,0.72,0.0,0.0,20.35,2.56,0.0521,1.0713,0.2678
3551,2026-09-06 23:45:00,2026-09-06,23:45,23.75,6,1,234.99,3.43,0.806,0.08,0.0,0.0,24.13,3.38,0.0816,0.8876,0.2219
3552,2026-09-07 00:00:00,2026-09-07,00:00,0.0,0,0,231.85,3.76,0.8718,0.65,0.0,0.0,17.57,2.27,0.0399,0.9117,0.2279
3553,2026-09-07 00:15:00,2026-09-07,00:15,0.25,0,0,234.46,4.84,1.1348,0.29,0.0,0.0,24.38,2.43,0.0592,1.194,0.2985
3554,2026-09-07 00:30:00,2026-09-07,00:30,0.5,0,0,234.51,2.59,0.6074,0.43,0.0,0.0,20.82,2.12,0.0441,0.6515,0.1629
3555,2026-09-07 00:45:00,2026-09-07,00:45,0.75,0,0,235.9,4.21,0.9931,0.59,0.0,0.0,21.14,1.92,0.0406,1.0337,0.2584
3556,2026-09-07 01:00:00,2026-09-07,01:00,1.0,0,0,231.89,4.7,1.0899,0.34,0.0,0.0,22.2,3.92,0.087,1.1769,0.2942
3557,2026-09-07 01:15:00,2026-09-07,01:15,1.25,0,0,232.98,5.51,1.2837,0.44,0.0,0.0,28.51,5.62,0.1602,1.4439,0.361
3558,2026-09-07 01:30:00,2026-09-07,01:30,1.5,0,0,236.39,4.17,0.9858,0.52,0.0,0.0,28.71,6.21,0.1783,1.1641,0.291
3559,2026-09-07 01:45:00,2026-09-07,01:45,1.75,0,0,233.19,3.34,0.7789,0.5,0.0,0.0,27.46,4.36,0.1197,0.8986,0.2246
3560,2026-09-07 02:00:00,2026-09-07,02:00,2.0,0,0,233.96,4.5,1.0528,0.15,0.0,0.0,28.83,6.88,0.1983,1.2511,0.3128
3561,2026-09-07 02:15:00,2026-09-07,02:15,2.25,0,0,232.32,3.55,0.8247,0.35,0.0,0.0,31.07,6.94,0.2156,1.0403,0.2601
3562,2026-09-07 02:30:00,2026-09-07,02:30,2.5,0,0,229.37,4.34,0.9955,0.75,0.0,0.0,38.63,11.48,0.4435,1.439,0.3598
3563,2026-09-07 02:45:00,2026-09-07,02:45,2.75,0,0,235.33,4.44,1.0449,0.49,0.0,0.0,34.42,9.39,0.3232,1.3681,0.342
3564,2026-09-07 03:00:00,2026-09-07,03:00,3.0,0,0,236.04,4.33,1.022,0.77,0.0,0.0,37.18,11.48,0.4268,1.4488,0.3622
3565,2026-09-07 03:15:00,2026-09-07,03:15,3.25,0,0,234.56,4.34,1.018,0.72,0.0,0.0,34.88,9.03,0.315,1.333,0.3332
3566,2026-09-07 03:30:00,2026-09-07,03:30,3.5,0,0,234.94,4.59,1.0784,0.75,0.0,0.0,42.03,12.75,0.5359,1.6143,0.4036
3567,2026-09-07 03:45:00,2026-09-07,03:45,3.75,0,0,232.16,4.71,1.0935,0.15,0.0,0.0,44.63,13.19,0.5887,1.6822,0.4205
3568,2026-09-07 04:00:00,2026-09-07,04:00,4.0,0,0,232.88,4.84,1.1271,0.46,0.0,0.0,42.31,13.17,0.5572,1.6843,0.4211
3569,2026-09-07 04:15:00,2026-09-07,04:15,4.25,0,0,233.37,4.16,0.9708,0.28,0.0,0.0,39.23,12.45,0.4884,1.4592,0.3648
3570,2026-09-07 04:30:00,2026-09-07,04:30,4.5,0,0,231.34,4.12,0.9531,0.03,0.0,0.0,38.79,10.95,0.4248,1.3779,0.3445
3571,2026-09-07 04:45:00,2026-09-07,04:45,4.75,0,0,230.71,5.04,1.1628,0.22,0.0,0.0,39.48,11.58,0.4572,1.62,0.405
3572,2026-09-07 05:00:00,2026-09-07,05:00,5.0,0,0,232.09,4.67,1.0839,0.53,0.0,0.0,39.03,11.99,0.468,1.5519,0.388
3573,2026-09-07 05:15:00,2026-09-07,05:15,5.25,0,0,229.37,4.74,1.0872,0.67,0.0,0.0,45.02,13.12,0.5907,1.6779,0.4195
3574,2026-09-07 05:30:00,2026-09-07,05:30,5.5,0,0,231.52,4.97,1.1507,0.51,0.0,0.0,38.62,11.09,0.4283,1.579,0.3947
3575,2026-09-07 05:45:00,2026-09-07,05:45,5.75,0,0,226.73,4.32,0.9795,0.23,0.0,0.0,36.26,9.57,0.347,1.3265,0.3316
3576,2026-09-07 06:00:00,2026-09-07,06:00,6.0,0,0,231.6,4.62,1.07,30.72,0.33,0.0101,32.33,7.8,0.2522,1.3323,0.3331
3577,2026-09-07 06:15:00,2026-09-07,06:15,6.25,0,0,232.81,3.28,0.7636,33.75,1.87,0.0631,26.95,6.11,0.1647,0.9914,0.2478
3578,2026-09-07 06:30:00,2026-09-07,06:30,6.5,0,0,228.89,3.78,0.8652,33.45,1.02,0.0341,33.84,8.19,0.2771,1.1764,0.2941
3579,2026-09-07 06:45:00,2026-09-07,06:45,6.75,0,0,228.61,4.66,1.0653,35.15,2.32,0.0815,25.58,3.82,0.0977,1.2445,0.3111
3580,2026-09-07 07:00:00,2026-09-07,07:00,7.0,0,0,229.22,4.45,1.02,34.3,2.5,0.0858,34.7,8.22,0.2852,1.391,0.3478
3581,2026-09-07 07:15:00,2026-09-07,07:15,7.25,0,0,231.0,2.95,0.6815,35.45,2.99,0.106,28.93,6.04,0.1747,0.9622,0.2406
3582,2026-09-07 07:30:00,2026-09-07,07:30,7.5,0,0,229.72,3.26,0.7489,36.01,5.1,0.1837,24.79,3.54,0.0878,1.0204,0.2551
3583,2026-09-07 07:45:00,2026-09-07,07:45,7.75,0,0,229.46,3.14,0.7205,37.01,6.21,0.2298,16.92,0.93,0.0157,0.966,0.2415
3584,2026-09-07 08:00:00,2026-09-07,08:00,8.0,0,0,233.26,10.54,2.4586,38.74,7.27,0.2816,22.9,3.84,0.0879,2.8281,0.707
3585,2026-09-07 08:15:00,2026-09-07,08:15,8.25,0,0,224.89,11.75,2.6425,38.5,8.23,0.3169,19.81,2.42,0.0479,3.0073,0.7518
3586,2026-09-07 08:30:00,2026-09-07,08:30,8.5,0,0,229.56,12.61,2.8948,40.29,8.86,0.357,19.24,0.18,0.0035,3.2553,0.8138
3587,2026-09-07 08:45:00,2026-09-07,08:45,8.75,0,0,230.2,12.76,2.9373,41.56,9.56,0.3973,21.48,1.6,0.0344,3.369,0.8423
3588,2026-09-07 09:00:00,2026-09-07,09:00,9.0,0,0,225.16,13.53,3.0464,41.63,10.26,0.4271,19.25,1.03,0.0198,3.4933,0.8733
3589,2026-09-07 09:15:00,2026-09-07,09:15,9.25,0,0,226.55,13.52,3.063,43.28,9.96,0.4311,27.86,5.22,0.1454,3.6395,0.9099
3590,2026-09-07 09:30:00,2026-09-07,09:30,9.5,0,0,226.98,13.24,3.0052,43.49,10.26,0.4462,21.95,3.58,0.0786,3.53,0.8825
3591,2026-09-07 09:45:00,2026-09-07,09:45,9.75,0,0,225.47,12.51,2.8206,43.86,10.79,0.4733,21.21,2.23,0.0473,3.3412,0.8353
3592,2026-09-07 10:00:00,2026-09-07,10:00,10.0,0,0,220.44,13.31,2.9341,41.1,11.0,0.4521,32.17,7.78,0.2503,3.6365,0.9091
3593,2026-09-07 10:15:00,2026-09-07,10:15,10.25,0,0,221.54,14.19,3.1437,43.73,11.37,0.4972,23.25,3.45,0.0802,3.7211,0.9303
3594,2026-09-07 10:30:00,2026-09-07,10:30,10.5,0,0,223.43,13.81,3.0856,43.72,10.52,0.4599,29.26,5.58,0.1633,3.7088,0.9272
3595,2026-09-07 10:45:00,2026-09-07,10:45,10.75,0,0,222.7,14.67,3.267,41.98,11.36,0.4769,32.32,7.84,0.2534,3.9973,0.9993
3596,2026-09-07 11:00:00,2026-09-07,11:00,11.0,0,0,225.64,13.42,3.0281,40.86,9.98,0.4078,38.41,10.77,0.4137,3.8496,0.9624
3597,2026-09-07 11:15:00,2026-09-07,11:15,11.25,0,0,225.87,15.03,3.3948,43.17,10.98,0.474,40.06,12.71,0.5092,4.378,1.0945
3598,2026-09-07 11:30:00,2026-09-07,11:30,11.5,0,0,225.74,15.74,3.5532,42.18,10.28,0.4336,35.41,8.59,0.3042,4.291,1.0728
3599,2026-09-07 11:45:00,2026-09-07,11:45,11.75,0,0,223.61,13.96,3.1216,42.28,11.12,0.4701,41.75,11.44,0.4776,4.0693,1.0173
3600,2026-09-07 12:00:00,2026-09-07,12:00,12.0,0,0,223.09,14.35,3.2013,42.1,11.04,0.4648,37.59,10.69,0.4018,4.0679,1.017
3601,2026-09-07 12:15:00,2026-09-07,12:15,12.25,0,0,224.76,15.01,3.3737,43.59,12.06,0.5257,42.69,14.38,0.6139,4.5133,1.1283
3602,2026-09-07 12:30:00,2026-09-07,12:30,12.5,0,0,223.64,16.0,3.5782,43.18,12.08,0.5216,31.47,8.37,0.2634,4.3632,1.0908
3603,2026-09-07 12:45:00,2026-09-07,12:45,12.75,0,0,221.67,14.4,3.1921,44.66,13.54,0.6047,43.79,13.94,0.6104,4.4072,1.1018
3604,2026-09-07 13:00:00,2026-09-07,13:00,13.0,0,0,219.58,15.05,3.3047,45.06,13.75,0.6196,41.13,12.76,0.5248,4.4491,1.1123
3605,2026-09-07 13:15:00,2026-09-07,13:15,13.25,0,0,225.7,13.81,3.1169,45.89,14.7,0.6746,38.04,11.14,0.4238,4.2153,1.0538
3606,2026-09-07 13:30:00,2026-09-07,13:30,13.5,0,0,226.35,16.0,3.6216,44.54,14.06,0.6262,45.0,14.1,0.6345,4.8823,1.2206
3607,2026-09-07 13:45:00,2026-09-07,13:45,13.75,0,0,220.96,14.3,3.1597,44.22,13.09,0.5788,37.17,10.18,0.3784,4.1169,1.0292
3608,2026-09-07 14:00:00,2026-09-07,14:00,14.0,0,0,223.61,14.81,3.3117,45.07,13.6,0.6129,35.41,9.7,0.3435,4.2681,1.067
3609,2026-09-07 14:15:00,2026-09-07,14:15,14.25,0,0,220.5,14.11,3.1113,44.82,13.32,0.597,45.34,13.0,0.5894,4.2977,1.0744
3610,2026-09-07 14:30:00,2026-09-07,14:30,14.5,0,0,222.39,14.16,3.149,43.04,12.14,0.5225,46.62,14.41,0.6718,4.3433,1.0858
3611,2026-09-07 14:45:00,2026-09-07,14:45,14.75,0,0,218.64,15.05,3.2905,43.19,10.95,0.4729,39.76,12.78,0.5081,4.2715,1.0679
3612,2026-09-07 15:00:00,2026-09-07,15:00,15.0,0,0,222.94,13.66,3.0454,41.62,10.46,0.4354,37.98,10.93,0.4151,3.8959,0.974
3613,2026-09-07 15:15:00,2026-09-07,15:15,15.25,0,0,222.07,14.96,3.3222,42.19,8.82,0.3721,28.85,6.94,0.2002,3.8945,0.9736
3614,2026-09-07 15:30:00,2026-09-07,15:30,15.5,0,0,222.88,12.96,2.8885,40.28,8.07,0.3251,30.03,7.55,0.2267,3.4403,0.8601
3615,2026-09-07 15:45:00,2026-09-07,15:45,15.75,0,0,225.55,14.02,3.1622,37.25,7.96,0.2965,32.47,8.41,0.2731,3.7318,0.9329
3616,2026-09-07 16:00:00,2026-09-07,16:00,16.0,0,0,222.7,15.3,3.4073,38.81,6.28,0.2437,37.14,9.9,0.3677,4.0187,1.0047
3617,2026-09-07 16:15:00,2026-09-07,16:15,16.25,0,0,223.32,13.38,2.988,38.05,5.96,0.2268,27.52,5.32,0.1464,3.3612,0.8403
3618,2026-09-07 16:30:00,2026-09-07,16:30,16.5,0,0,223.62,14.52,3.247,35.83,4.61,0.1652,23.79,3.07,0.073,3.4852,0.8713
3619,2026-09-07 16:45:00,2026-09-07,16:45,16.75,0,0,224.0,14.39,3.2234,35.52,3.55,0.1261,25.37,3.97,0.1007,3.4502,0.8626
3620,2026-09-07 17:00:00,2026-09-07,17:00,17.0,0,0,220.29,12.76,2.8109,34.92,3.75,0.1309,18.86,1.0,0.0189,2.9607,0.7402
3621,2026-09-07 17:15:00,2026-09-07,17:15,17.25,0,0,223.97,12.49,2.7974,35.58,3.52,0.1252,25.97,4.98,0.1293,3.0519,0.763
3622,2026-09-07 17:30:00,2026-09-07,17:30,17.5,0,0,224.41,13.33,2.9914,35.1,2.66,0.0934,26.51,5.42,0.1437,3.2285,0.8071
3623,2026-09-07 17:45:00,2026-09-07,17:45,17.75,0,0,221.45,12.11,2.6818,34.02,2.27,0.0772,20.21,2.16,0.0437,2.8027,0.7007
3624,2026-09-07 18:00:00,2026-09-07,18:00,18.0,0,0,222.13,14.09,3.1298,33.87,1.74,0.0589,21.62,2.84,0.0614,3.2501,0.8125
3625,2026-09-07 18:15:00,2026-09-07,18:15,18.25,0,0,226.71,13.24,3.0016,31.48,0.69,0.0217,27.58,5.32,0.1467,3.17,0.7925
3626,2026-09-07 18:30:00,2026-09-07,18:30,18.5,0,0,225.9,12.73,2.8757,31.3,0.0,0.0,27.88,5.94,0.1656,3.0413,0.7603
3627,2026-09-07 18:45:00,2026-09-07,18:45,18.75,0,0,225.79,11.35,2.5627,0.06,0.0,0.0,25.04,2.58,0.0646,2.6273,0.6568
3628,2026-09-07 19:00:00,2026-09-07,19:00,19.0,0,0,229.43,12.02,2.7578,0.42,0.0,0.0,40.38,11.33,0.4575,3.2153,0.8038
3629,2026-09-07 19:15:00,2026-09-07,19:15,19.25,0,0,229.6,3.84,0.8817,0.44,0.0,0.0,28.34,4.44,0.1258,1.0075,0.2519
3630,2026-09-07 19:30:00,2026-09-07,19:30,19.5,0,0,229.46,4.47,1.0257,0.06,0.0,0.0,43.67,11.87,0.5184,1.5441,0.386
3631,2026-09-07 19:45:00,2026-09-07,19:45,19.75,0,0,224.19,4.25,0.9528,0.7,0.0,0.0,39.64,11.95,0.4737,1.4265,0.3566
3632,2026-09-07 20:00:00,2026-09-07,20:00,20.0,0,0,228.7,5.62,1.2853,0.42,0.0,0.0,34.09,8.67,0.2956,1.5809,0.3952
3633,2026-09-07 20:15:00,2026-09-07,20:15,20.25,0,0,228.65,4.53,1.0358,0.68,0.0,0.0,41.63,12.47,0.5191,1.5549,0.3887
3634,2026-09-07 20:30:00,2026-09-07,20:30,20.5,0,0,229.25,4.6,1.0545,0.31,0.0,0.0,38.33,9.89,0.3791,1.4336,0.3584
3635,2026-09-07 20:45:00,2026-09-07,20:45,20.75,0,0,227.09,4.09,0.9288,0.51,0.0,0.0,46.41,14.41,0.6688,1.5976,0.3994
3636,2026-09-07 21:00:00,2026-09-07,21:00,21.0,0,0,229.17,4.78,1.0954,0.23,0.0,0.0,41.56,14.36,0.5968,1.6922,0.423
3637,2026-09-07 21:15:00,2026-09-07,21:15,21.25,0,0,227.48,4.27,0.9713,0.66,0.0,0.0,44.1,13.61,0.6002,1.5715,0.3929
3638,2026-09-07 21:30:00,2026-09-07,21:30,21.5,0,0,228.83,3.31,0.7574,0.67,0.0,0.0,39.57,11.82,0.4677,1.2251,0.3063
3639,2026-09-07 21:45:00,2026-09-07,21:45,21.75,0,0,226.11,5.35,1.2097,0.06,0.0,0.0,46.39,14.92,0.6921,1.9018,0.4754
3640,2026-09-07 22:00:00,2026-09-07,22:00,22.0,0,0,232.42,4.14,0.9622,0.73,0.0,0.0,47.36,14.22,0.6735,1.6357,0.4089
3641,2026-09-07 22:15:00,2026-09-07,22:15,22.25,0,0,230.95,4.76,1.0993,0.24,0.0,0.0,45.2,14.75,0.6667,1.766,0.4415
3642,2026-09-07 22:30:00,2026-09-07,22:30,22.5,0,0,232.95,2.99,0.6965,0.32,0.0,0.0,44.02,13.1,0.5767,1.2732,0.3183
3643,2026-09-07 22:45:00,2026-09-07,22:45,22.75,0,0,231.44,3.99,0.9234,0.11,0.0,0.0,39.09,11.88,0.4644,1.3878,0.3469
3644,2026-09-07 23:00:00,2026-09-07,23:00,23.0,0,0,230.76,5.27,1.2161,0.13,0.0,0.0,39.86,12.74,0.5078,1.7239,0.431
3645,2026-09-07 23:15:00,2026-09-07,23:15,23.25,0,0,231.26,3.5,0.8094,0.27,0.0,0.0,37.73,11.02,0.4158,1.2252,0.3063
3646,2026-09-07 23:30:00,2026-09-07,23:30,23.5,0,0,232.4,4.19,0.9738,0.08,0.0,0.0,45.52,16.0,0.7283,1.7021,0.4255
3647,2026-09-07 23:45:00,2026-09-07,23:45,23.75,0,0,230.41,3.48,0.8018,0.49,0.0,0.0,38.01,11.31,0.4299,1.2317,0.3079
3648,2026-09-08 00:00:00,2026-09-08,00:00,0.0,1,0,229.79,3.61,0.8295,0.74,0.0,0.0,40.02,11.13,0.4454,1.2749,0.3187
3649,2026-09-08 00:15:00,2026-09-08,00:15,0.25,1,0,229.38,4.72,1.0827,0.55,0.0,0.0,29.66,7.02,0.2082,1.2909,0.3227
3650,2026-09-08 00:30:00,2026-09-08,00:30,0.5,1,0,234.27,3.86,0.9043,0.6,0.0,0.0,27.99,7.76,0.2172,1.1215,0.2804
3651,2026-09-08 00:45:00,2026-09-08,00:45,0.75,1,0,231.25,3.57,0.8256,0.61,0.0,0.0,27.52,6.67,0.1836,1.0092,0.2523
3652,2026-09-08 01:00:00,2026-09-08,01:00,1.0,1,0,232.2,3.85,0.894,0.1,0.0,0.0,23.67,4.4,0.1042,0.9982,0.2495
3653,2026-09-08 01:15:00,2026-09-08,01:15,1.25,1,0,228.96,4.26,0.9754,0.37,0.0,0.0,28.33,6.57,0.1861,1.1615,0.2904
3654,2026-09-08 01:30:00,2026-09-08,01:30,1.5,1,0,231.57,5.19,1.2018,0.72,0.0,0.0,24.68,4.65,0.1148,1.3166,0.3291
3655,2026-09-08 01:45:00,2026-09-08,01:45,1.75,1,0,230.06,4.79,1.102,0.4,0.0,0.0,28.74,5.51,0.1584,1.2604,0.3151
3656,2026-09-08 02:00:00,2026-09-08,02:00,2.0,1,0,229.73,3.99,0.9166,0.69,0.0,0.0,21.67,1.46,0.0316,0.9482,0.2371
3657,2026-09-08 02:15:00,2026-09-08,02:15,2.25,1,0,233.39,3.33,0.7772,0.19,0.0,0.0,17.94,1.2,0.0215,0.7987,0.1997
3658,2026-09-08 02:30:00,2026-09-08,02:30,2.5,1,0,230.83,3.9,0.9002,0.01,0.0,0.0,22.97,5.28,0.1213,1.0215,0.2554
3659,2026-09-08 02:45:00,2026-09-08,02:45,2.75,1,0,230.78,3.34,0.7708,0.75,0.0,0.0,20.09,1.5,0.0301,0.8009,0.2002
3660,2026-09-08 03:00:00,2026-09-08,03:00,3.0,1,0,230.37,4.16,0.9583,0.17,0.0,0.0,28.45,6.83,0.1943,1.1526,0.2882
3661,2026-09-08 03:15:00,2026-09-08,03:15,3.25,1,0,234.94,5.03,1.1818,0.21,0.0,0.0,17.24,0.41,0.0071,1.1889,0.2972
3662,2026-09-08 03:30:00,2026-09-08,03:30,3.5,1,0,231.85,4.67,1.0827,0.07,0.0,0.0,23.2,3.8,0.0882,1.1709,0.2927
3663,2026-09-08 03:45:00,2026-09-08,03:45,3.75,1,0,232.76,4.18,0.9729,0.05,0.0,0.0,25.48,4.86,0.1238,1.0967,0.2742
3664,2026-09-08 04:00:00,2026-09-08,04:00,4.0,1,0,231.8,5.77,1.3375,0.26,0.0,0.0,29.74,6.19,0.1841,1.5216,0.3804
3665,2026-09-08 04:15:00,2026-09-08,04:15,4.25,1,0,234.66,4.91,1.1522,0.11,0.0,0.0,33.39,6.84,0.2284,1.3806,0.3452
3666,2026-09-08 04:30:00,2026-09-08,04:30,4.5,1,0,234.25,4.69,1.0986,0.63,0.0,0.0,34.08,7.68,0.2617,1.3603,0.3401
3667,2026-09-08 04:45:00,2026-09-08,04:45,4.75,1,0,232.67,5.62,1.3076,0.27,0.0,0.0,36.93,10.8,0.3988,1.7064,0.4266
3668,2026-09-08 05:00:00,2026-09-08,05:00,5.0,1,0,236.36,4.44,1.0494,0.08,0.0,0.0,36.72,10.19,0.3742,1.4236,0.3559
3669,2026-09-08 05:15:00,2026-09-08,05:15,5.25,1,0,230.98,4.61,1.0648,0.52,0.0,0.0,43.72,14.61,0.6388,1.7036,0.4259
3670,2026-09-08 05:30:00,2026-09-08,05:30,5.5,1,0,233.29,5.26,1.2271,0.14,0.0,0.0,35.48,9.59,0.3402,1.5673,0.3918
3671,2026-09-08 05:45:00,2026-09-08,05:45,5.75,1,0,232.2,4.69,1.089,0.46,0.0,0.0,36.93,11.87,0.4384,1.5274,0.3819
3672,2026-09-08 06:00:00,2026-09-08,06:00,6.0,1,0,233.07,4.46,1.0395,30.68,0.26,0.008,35.23,9.45,0.3329,1.3804,0.3451
3673,2026-09-08 06:15:00,2026-09-08,06:15,6.25,1,0,234.31,3.58,0.8388,33.31,1.11,0.037,44.21,13.46,0.5951,1.4709,0.3677
3674,2026-09-08 06:30:00,2026-09-08,06:30,6.5,1,0,234.94,3.89,0.9139,33.85,2.04,0.0691,41.21,13.33,0.5493,1.5323,0.3831
3675,2026-09-08 06:45:00,2026-09-08,06:45,6.75,1,0,236.14,4.05,0.9564,34.64,2.48,0.0859,45.78,14.53,0.6652,1.7075,0.4269
3676,2026-09-08 07:00:00,2026-09-08,07:00,7.0,1,0,235.99,3.33,0.7859,35.72,3.71,0.1325,44.5,14.82,0.6595,1.5779,0.3945
3677,2026-09-08 07:15:00,2026-09-08,07:15,7.25,1,0,233.63,3.21,0.75,35.66,4.1,0.1462,40.61,12.1,0.4914,1.3876,0.3469
3678,2026-09-08 07:30:00,2026-09-08,07:30,7.5,1,0,236.07,3.23,0.7625,35.03,3.43,0.1202,42.44,13.9,0.5899,1.4726,0.3681
3679,2026-09-08 07:45:00,2026-09-08,07:45,7.75,1,0,231.55,2.89,0.6692,35.4,4.9,0.1735,43.64,12.79,0.5582,1.4009,0.3502
3680,2026-09-08 08:00:00,2026-09-08,08:00,8.0,1,0,232.56,11.66,2.7117,35.58,5.05,0.1797,45.31,13.67,0.6194,3.5108,0.8777
3681,2026-09-08 08:15:00,2026-09-08,08:15,8.25,1,0,232.77,11.31,2.6326,39.15,6.53,0.2556,39.83,12.68,0.505,3.3932,0.8483
3682,2026-09-08 08:30:00,2026-09-08,08:30,8.5,1,0,231.76,12.75,2.9549,38.78,6.25,0.2424,39.67,11.18,0.4435,3.6408,0.9102
3683,2026-09-08 08:45:00,2026-09-08,08:45,8.75,1,0,235.49,12.18,2.8683,39.22,7.97,0.3126,29.82,7.84,0.2338,3.4147,0.8537
3684,2026-09-08 09:00:00,2026-09-08,09:00,9.0,1,0,231.36,12.0,2.7763,38.78,7.65,0.2967,28.34,5.99,0.1698,3.2428,0.8107
3685,2026-09-08 09:15:00,2026-09-08,09:15,9.25,1,0,230.57,12.13,2.7968,40.4,7.84,0.3167,31.62,6.16,0.1948,3.3083,0.8271
3686,2026-09-08 09:30:00,2026-09-08,09:30,9.5,1,0,230.85,12.53,2.8926,42.07,9.96,0.419,29.8,7.57,0.2256,3.5372,0.8843
3687,2026-09-08 09:45:00,2026-09-08,09:45,9.75,1,0,230.5,12.68,2.9227,42.5,10.74,0.4564,26.69,5.12,0.1366,3.5157,0.8789
3688,2026-09-08 10:00:00,2026-09-08,10:00,10.0,1,0,230.12,13.43,3.0905,44.23,11.72,0.5184,17.06,0.0,0.0,3.6089,0.9022
3689,2026-09-08 10:15:00,2026-09-08,10:15,10.25,1,0,230.39,12.43,2.8638,43.45,12.65,0.5496,29.9,7.5,0.2243,3.6377,0.9094
3690,2026-09-08 10:30:00,2026-09-08,10:30,10.5,1,0,230.56,14.83,3.4192,45.58,14.13,0.644,26.09,5.91,0.1542,4.2174,1.0543
3691,2026-09-08 10:45:00,2026-09-08,10:45,10.75,1,0,230.91,13.31,3.0734,45.01,13.72,0.6175,26.74,5.15,0.1377,3.8286,0.9571
3692,2026-09-08 11:00:00,2026-09-08,11:00,11.0,1,0,226.93,14.1,3.1997,45.3,14.54,0.6587,18.59,0.91,0.0169,3.8753,0.9688
3693,2026-09-08 11:15:00,2026-09-08,11:15,11.25,1,0,226.84,13.37,3.0328,44.86,14.36,0.6442,24.65,4.29,0.1057,3.7827,0.9457
3694,2026-09-08 11:30:00,2026-09-08,11:30,11.5,1,0,227.57,15.19,3.4568,45.26,14.49,0.6558,24.2,3.69,0.0893,4.2019,1.0505
3695,2026-09-08 11:45:00,2026-09-08,11:45,11.75,1,0,229.48,14.57,3.3435,45.88,13.46,0.6175,16.49,1.46,0.0241,3.9851,0.9963
3696,2026-09-08 12:00:00,2026-09-08,12:00,12.0,1,0,228.33,14.75,3.3679,43.85,13.34,0.585,21.13,2.81,0.0594,4.0123,1.0031
3697,2026-09-08 12:15:00,2026-09-08,12:15,12.25,1,0,229.23,15.17,3.4774,44.53,11.86,0.5281,27.85,5.04,0.1404,4.1459,1.0365
3698,2026-09-08 12:30:00,2026-09-08,12:30,12.5,1,0,228.28,14.68,3.3512,43.83,12.01,0.5264,28.44,4.26,0.1212,3.9988,0.9997
3699,2026-09-08 12:45:00,2026-09-08,12:45,12.75,1,0,227.96,13.69,3.1208,42.08,11.59,0.4877,24.19,6.31,0.1526,3.7611,0.9403
3700,2026-09-08 13:00:00,2026-09-08,13:00,13.0,1,0,225.44,16.0,3.607,42.15,10.52,0.4434,37.31,9.04,0.3373,4.3877,1.0969
3701,2026-09-08 13:15:00,2026-09-08,13:15,13.25,1,0,226.78,15.58,3.5332,42.13,10.93,0.4605,39.43,10.59,0.4176,4.4113,1.1028
3702,2026-09-08 13:30:00,2026-09-08,13:30,13.5,1,0,227.9,15.23,3.4709,41.54,10.55,0.4382,38.71,11.3,0.4374,4.3465,1.0866
3703,2026-09-08 13:45:00,2026-09-08,13:45,13.75,1,0,228.08,15.34,3.4987,40.75,9.74,0.3969,43.69,11.65,0.509,4.4046,1.1012
3704,2026-09-08 14:00:00,2026-09-08,14:00,14.0,1,0,226.09,14.98,3.3868,40.88,9.63,0.3937,43.71,11.51,0.5031,4.2836,1.0709
3705,2026-09-08 14:15:00,2026-09-08,14:15,14.25,1,0,226.61,15.24,3.4535,42.31,10.31,0.4362,46.03,15.59,0.7176,4.6073,1.1518
3706,2026-09-08 14:30:00,2026-09-08,14:30,14.5,1,0,225.55,14.9,3.3607,40.85,10.75,0.4391,41.83,12.34,0.5162,4.316,1.079
3707,2026-09-08 14:45:00,2026-09-08,14:45,14.75,1,0,227.57,15.06,3.4272,41.13,9.94,0.4088,43.25,14.17,0.6129,4.4489,1.1122
3708,2026-09-08 15:00:00,2026-09-08,15:00,15.0,1,0,226.86,15.39,3.4914,40.66,11.44,0.4651,45.46,14.46,0.6573,4.6138,1.1535
3709,2026-09-08 15:15:00,2026-09-08,15:15,15.25,1,0,224.12,14.0,3.1377,43.38,9.83,0.4264,37.83,10.46,0.3957,3.9598,0.9899
3710,2026-09-08 15:30:00,2026-09-08,15:30,15.5,1,0,225.95,15.21,3.4367,41.09,9.36,0.3846,43.84,14.37,0.63,4.4513,1.1128
3711,2026-09-08 15:45:00,2026-09-08,15:45,15.75,1,0,224.9,14.12,3.1756,41.02,9.62,0.3946,39.73,10.93,0.4343,4.0045,1.0011
3712,2026-09-08 16:00:00,2026-09-08,16:00,16.0,1,0,224.51,14.65,3.2891,41.2,8.69,0.358,45.97,14.0,0.6436,4.2907,1.0727
3713,2026-09-08 16:15:00,2026-09-08,16:15,16.25,1,0,222.36,14.83,3.2976,39.45,7.51,0.2963,30.02,7.39,0.2218,3.8157,0.9539
3714,2026-09-08 16:30:00,2026-09-08,16:30,16.5,1,0,223.89,13.05,2.9218,38.41,7.81,0.3,32.0,9.0,0.288,3.5098,0.8774
3715,2026-09-08 16:45:00,2026-09-08,16:45,16.75,1,0,225.85,13.72,3.0987,37.37,6.19,0.2313,33.76,8.62,0.291,3.621,0.9052
3716,2026-09-08 17:00:00,2026-09-08,17:00,17.0,1,0,226.19,13.35,3.0196,37.15,5.21,0.1935,36.87,10.16,0.3746,3.5877,0.8969
3717,2026-09-08 17:15:00,2026-09-08,17:15,17.25,1,0,223.13,12.19,2.7199,35.02,3.93,0.1376,25.25,6.01,0.1517,3.0092,0.7523
3718,2026-09-08 17:30:00,2026-09-08,17:30,17.5,1,0,224.83,12.64,2.8418,36.81,2.31,0.085,35.67,10.24,0.3653,3.2921,0.823
3719,2026-09-08 17:45:00,2026-09-08,17:45,17.75,1,0,224.45,11.41,2.561,34.21,2.41,0.0825,23.31,2.64,0.0615,2.705,0.6763
3720,2026-09-08 18:00:00,2026-09-08,18:00,18.0,1,0,225.3,11.67,2.6292,33.91,1.97,0.0668,29.37,6.06,0.178,2.874,0.7185
3721,2026-09-08 18:15:00,2026-09-08,18:15,18.25,1,0,227.05,11.89,2.6996,33.11,0.26,0.0086,28.12,6.32,0.1777,2.8859,0.7215
3722,2026-09-08 18:30:00,2026-09-08,18:30,18.5,1,0,228.39,11.51,2.6288,32.52,0.28,0.0091,25.76,4.18,0.1077,2.7456,0.6864
3723,2026-09-08 18:45:00,2026-09-08,18:45,18.75,1,0,229.13,13.01,2.981,0.17,0.0,0.0,22.98,4.48,0.1029,3.0839,0.771
3724,2026-09-08 19:00:00,2026-09-08,19:00,19.0,1,0,225.27,11.0,2.478,0.66,0.0,0.0,26.75,6.24,0.1669,2.6449,0.6612
3725,2026-09-08 19:15:00,2026-09-08,19:15,19.25,1,0,227.82,5.46,1.2439,0.67,0.0,0.0,26.7,4.95,0.1322,1.3761,0.344
3726,2026-09-08 19:30:00,2026-09-08,19:30,19.5,1,0,227.69,3.72,0.847,0.46,0.0,0.0,18.17,2.15,0.0391,0.8861,0.2215
3727,2026-09-08 19:45:00,2026-09-08,19:45,19.75,1,0,227.6,5.17,1.1767,0.71,0.0,0.0,25.96,4.96,0.1288,1.3055,0.3264
3728,2026-09-08 20:00:00,2026-09-08,20:00,20.0,1,0,228.62,4.97,1.1362,0.47,0.0,0.0,21.92,2.96,0.0649,1.2011,0.3003
3729,2026-09-08 20:15:00,2026-09-08,20:15,20.25,1,0,225.93,5.13,1.159,0.04,0.0,0.0,21.99,1.59,0.035,1.194,0.2985
3730,2026-09-08 20:30:00,2026-09-08,20:30,20.5,1,0,224.4,4.15,0.9313,0.8,0.0,0.0,22.9,2.5,0.0573,0.9886,0.2472
3731,2026-09-08 20:45:00,2026-09-08,20:45,20.75,1,0,224.98,5.33,1.1991,0.23,0.0,0.0,27.53,5.92,0.163,1.3621,0.3405
3732,2026-09-08 21:00:00,2026-09-08,21:00,21.0,1,0,224.44,3.56,0.799,0.42,0.0,0.0,27.44,4.84,0.1328,0.9318,0.2329
3733,2026-09-08 21:15:00,2026-09-08,21:15,21.25,1,0,226.64,4.4,0.9972,0.58,0.0,0.0,22.74,4.24,0.0964,1.0936,0.2734
3734,2026-09-08 21:30:00,2026-09-08,21:30,21.5,1,0,225.67,3.73,0.8417,0.73,0.0,0.0,22.96,2.66,0.0611,0.9028,0.2257
3735,2026-09-08 21:45:00,2026-09-08,21:45,21.75,1,0,225.36,5.21,1.1741,0.77,0.0,0.0,29.33,7.33,0.215,1.3891,0.3473
3736,2026-09-08 22:00:00,2026-09-08,22:00,22.0,1,0,228.02,4.63,1.0557,0.06,0.0,0.0,34.28,10.4,0.3565,1.4122,0.353
3737,2026-09-08 22:15:00,2026-09-08,22:15,22.25,1,0,223.89,4.64,1.0388,0.01,0.0,0.0,38.41,12.21,0.469,1.5078,0.377
3738,2026-09-08 22:30:00,2026-09-08,22:30,22.5,1,0,228.73,4.0,0.9149,0.27,0.0,0.0,36.19,8.11,0.2935,1.2084,0.3021
3739,2026-09-08 22:45:00,2026-09-08,22:45,22.75,1,0,224.0,3.31,0.7414,0.06,0.0,0.0,39.57,10.17,0.4024,1.1438,0.2859
3740,2026-09-08 23:00:00,2026-09-08,23:00,23.0,1,0,223.37,4.07,0.9091,0.36,0.0,0.0,30.03,7.17,0.2153,1.1244,0.2811
3741,2026-09-08 23:15:00,2026-09-08,23:15,23.25,1,0,226.14,3.34,0.7553,0.57,0.0,0.0,35.35,11.26,0.398,1.1533,0.2883
3742,2026-09-08 23:30:00,2026-09-08,23:30,23.5,1,0,223.61,2.51,0.5613,0.3,0.0,0.0,35.3,9.54,0.3368,0.8981,0.2245
3743,2026-09-08 23:45:00,2026-09-08,23:45,23.75,1,0,228.73,3.09,0.7068,0.77,0.0,0.0,35.25,7.81,0.2753,0.9821,0.2455
3744,2026-09-09 00:00:00,2026-09-09,00:00,0.0,2,0,227.71,3.43,0.781,0.26,0.0,0.0,42.99,12.86,0.5529,1.3339,0.3335
3745,2026-09-09 00:15:00,2026-09-09,00:15,0.25,2,0,225.84,3.5,0.7904,0.43,0.0,0.0,45.12,13.33,0.6015,1.3919,0.348
3746,2026-09-09 00:30:00,2026-09-09,00:30,0.5,2,0,225.32,3.81,0.8585,0.34,0.0,0.0,38.39,11.96,0.4591,1.3176,0.3294
3747,2026-09-09 00:45:00,2026-09-09,00:45,0.75,2,0,225.91,3.23,0.7297,0.77,0.0,0.0,34.09,8.62,0.2939,1.0236,0.2559
3748,2026-09-09 01:00:00,2026-09-09,01:00,1.0,2,0,227.97,4.34,0.9894,0.57,0.0,0.0,39.77,12.57,0.4999,1.4893,0.3723
3749,2026-09-09 01:15:00,2026-09-09,01:15,1.25,2,0,226.86,4.33,0.9823,0.33,0.0,0.0,44.64,13.09,0.5843,1.5666,0.3916
3750,2026-09-09 01:30:00,2026-09-09,01:30,1.5,2,0,228.5,4.44,1.0145,0.63,0.0,0.0,34.74,10.06,0.3495,1.364,0.341
3751,2026-09-09 01:45:00,2026-09-09,01:45,1.75,2,0,225.72,4.15,0.9367,0.46,0.0,0.0,40.85,13.12,0.536,1.4727,0.3682
3752,2026-09-09 02:00:00,2026-09-09,02:00,2.0,2,0,226.83,3.82,0.8665,0.73,0.0,0.0,32.89,7.72,0.2539,1.1204,0.2801
3753,2026-09-09 02:15:00,2026-09-09,02:15,2.25,2,0,225.97,4.71,1.0643,0.34,0.0,0.0,34.99,9.46,0.331,1.3953,0.3488
3754,2026-09-09 02:30:00,2026-09-09,02:30,2.5,2,0,229.24,5.51,1.2631,0.26,0.0,0.0,25.78,4.59,0.1183,1.3814,0.3453
3755,2026-09-09 02:45:00,2026-09-09,02:45,2.75,2,0,227.58,5.69,1.2949,0.48,0.0,0.0,42.23,12.25,0.5173,1.8122,0.4531
3756,2026-09-09 03:00:00,2026-09-09,03:00,3.0,2,0,230.69,4.25,0.9804,0.51,0.0,0.0,27.08,6.55,0.1774,1.1578,0.2894
3757,2026-09-09 03:15:00,2026-09-09,03:15,3.25,2,0,227.81,4.48,1.0206,0.79,0.0,0.0,25.55,4.47,0.1142,1.1348,0.2837
3758,2026-09-09 03:30:00,2026-09-09,03:30,3.5,2,0,226.52,4.18,0.9468,0.34,0.0,0.0,24.11,3.55,0.0856,1.0324,0.2581
3759,2026-09-09 03:45:00,2026-09-09,03:45,3.75,2,0,226.52,3.98,0.9015,0.33,0.0,0.0,21.75,1.87,0.0407,0.9422,0.2356
3760,2026-09-09 04:00:00,2026-09-09,04:00,4.0,2,0,229.0,5.35,1.2252,0.73,0.0,0.0,21.82,2.53,0.0552,1.2804,0.3201
3761,2026-09-09 04:15:00,2026-09-09,04:15,4.25,2,0,226.81,5.18,1.1749,0.02,0.0,0.0,15.84,0.35,0.0055,1.1804,0.2951
3762,2026-09-09 04:30:00,2026-09-09,04:30,4.5,2,0,228.74,4.69,1.0728,0.41,0.0,0.0,16.21,0.68,0.011,1.0838,0.271
3763,2026-09-09 04:45:00,2026-09-09,04:45,4.75,2,0,229.57,4.75,1.0905,0.01,0.0,0.0,24.66,5.46,0.1346,1.2251,0.3063
3764,2026-09-09 05:00:00,2026-09-09,05:00,5.0,2,0,226.87,4.31,0.9778,0.42,0.0,0.0,21.58,2.31,0.0498,1.0276,0.2569
3765,2026-09-09 05:15:00,2026-09-09,05:15,5.25,2,0,228.0,4.01,0.9143,0.78,0.0,0.0,29.66,6.82,0.2023,1.1166,0.2792
3766,2026-09-09 05:30:00,2026-09-09,05:30,5.5,2,0,229.79,4.39,1.0088,0.05,0.0,0.0,21.76,3.43,0.0746,1.0834,0.2708
3767,2026-09-09 05:45:00,2026-09-09,05:45,5.75,2,0,229.69,3.9,0.8958,0.76,0.0,0.0,22.17,3.7,0.082,0.9778,0.2445
3768,2026-09-09 06:00:00,2026-09-09,06:00,6.0,2,0,228.92,3.21,0.7348,32.5,0.27,0.0088,30.49,6.96,0.2122,0.9558,0.2389
3769,2026-09-09 06:15:00,2026-09-09,06:15,6.25,2,0,230.29,4.23,0.9741,32.01,1.03,0.033,31.89,7.64,0.2436,1.2507,0.3127
3770,2026-09-09 06:30:00,2026-09-09,06:30,6.5,2,0,228.06,3.35,0.764,31.6,0.87,0.0275,34.06,8.47,0.2885,1.08,0.27
3771,2026-09-09 06:45:00,2026-09-09,06:45,6.75,2,0,227.88,3.52,0.8021,31.29,1.17,0.0366,44.83,14.26,0.6393,1.478,0.3695
3772,2026-09-09 07:00:00,2026-09-09,07:00,7.0,2,0,230.39,3.95,0.91,33.23,1.73,0.0575,31.21,7.16,0.2235,1.191,0.2978
3773,2026-09-09 07:15:00,2026-09-09,07:15,7.25,2,0,230.56,2.78,0.641,34.9,1.61,0.0562,27.43,6.39,0.1753,0.8725,0.2181
3774,2026-09-09 07:30:00,2026-09-09,07:30,7.5,2,0,231.99,3.66,0.8491,33.46,1.93,0.0646,35.72,9.46,0.3379,1.2516,0.3129
3775,2026-09-09 07:45:00,2026-09-09,07:45,7.75,2,0,230.2,2.8,0.6446,34.05,2.59,0.0882,44.15,13.58,0.5996,1.3324,0.3331
3776,2026-09-09 08:00:00,2026-09-09,08:00,8.0,2,0,230.45,12.69,2.9244,35.44,3.4,0.1205,42.31,13.73,0.5809,3.6258,0.9064
3777,2026-09-09 08:15:00,2026-09-09,08:15,8.25,2,0,228.75,12.84,2.9371,35.63,3.43,0.1222,38.17,11.07,0.4225,3.4818,0.8704
3778,2026-09-09 08:30:00,2026-09-09,08:30,8.5,2,0,230.31,11.53,2.6555,34.41,3.66,0.1259,42.34,10.82,0.4581,3.2395,0.8099
3779,2026-09-09 08:45:00,2026-09-09,08:45,8.75,2,0,230.19,12.25,2.8198,35.9,3.84,0.1379,40.83,12.11,0.4945,3.4522,0.863
3780,2026-09-09 09:00:00,2026-09-09,09:00,9.0,2,0,230.32,12.1,2.7869,35.09,3.95,0.1386,44.9,14.78,0.6636,3.5891,0.8973
3781,2026-09-09 09:15:00,2026-09-09,09:15,9.25,2,0,227.92,13.11,2.988,34.16,3.47,0.1185,36.49,8.79,0.3207,3.4272,0.8568
3782,2026-09-09 09:30:00,2026-09-09,09:30,9.5,2,0,232.42,11.21,2.6054,35.87,3.01,0.108,33.67,9.05,0.3047,3.0181,0.7545
3783,2026-09-09 09:45:00,2026-09-09,09:45,9.75,2,0,227.0,12.4,2.8148,34.46,3.77,0.1299,34.69,7.76,0.2692,3.2139,0.8035
3784,2026-09-09 10:00:00,2026-09-09,10:00,10.0,2,0,230.07,14.47,3.3291,35.57,2.79,0.0992,36.91,10.44,0.3853,3.8136,0.9534
3785,2026-09-09 10:15:00,2026-09-09,10:15,10.25,2,0,232.09,13.63,3.1634,35.98,3.41,0.1227,34.58,8.59,0.297,3.5831,0.8958
3786,2026-09-09 10:30:00,2026-09-09,10:30,10.5,2,0,229.9,14.49,3.3312,36.98,3.28,0.1213,32.66,8.55,0.2792,3.7317,0.9329
3787,2026-09-09 10:45:00,2026-09-09,10:45,10.75,2,0,229.05,14.16,3.2433,36.12,4.15,0.1499,33.64,6.82,0.2294,3.6226,0.9056
3788,2026-09-09 11:00:00,2026-09-09,11:00,11.0,2,0,228.46,14.59,3.3332,35.67,4.4,0.1569,35.35,8.76,0.3097,3.7998,0.9499
3789,2026-09-09 11:15:00,2026-09-09,11:15,11.25,2,0,232.45,14.4,3.3473,36.09,3.77,0.1361,24.34,4.13,0.1005,3.5839,0.896
3790,2026-09-09 11:30:00,2026-09-09,11:30,11.5,2,0,230.29,15.73,3.6225,37.23,5.25,0.1955,32.57,8.08,0.2632,4.0812,1.0203
3791,2026-09-09 11:45:00,2026-09-09,11:45,11.75,2,0,232.18,14.91,3.4618,36.89,5.14,0.1896,24.42,4.21,0.1028,3.7542,0.9385
3792,2026-09-09 12:00:00,2026-09-09,12:00,12.0,2,0,229.54,15.07,3.4592,37.81,5.18,0.1959,25.66,5.82,0.1493,3.8044,0.9511
3793,2026-09-09 12:15:00,2026-09-09,12:15,12.25,2,0,231.16,14.72,3.4027,37.5,5.6,0.21,21.29,2.28,0.0485,3.6612,0.9153
3794,2026-09-09 12:30:00,2026-09-09,12:30,12.5,2,0,232.29,13.39,3.1104,37.52,4.94,0.1853,17.97,2.12,0.0381,3.3338,0.8335
3795,2026-09-09 12:45:00,2026-09-09,12:45,12.75,2,0,232.38,14.97,3.4787,37.76,6.5,0.2454,25.13,5.25,0.1319,3.856,0.964
3796,2026-09-09 13:00:00,2026-09-09,13:00,13.0,2,0,228.64,14.69,3.3587,38.17,5.64,0.2153,18.51,2.49,0.0461,3.6201,0.905
3797,2026-09-09 13:15:00,2026-09-09,13:15,13.25,2,0,228.82,14.42,3.2996,38.67,5.51,0.2131,25.66,4.67,0.1198,3.6325,0.9081
3798,2026-09-09 13:30:00,2026-09-09,13:30,13.5,2,0,230.0,14.7,3.381,36.65,4.76,0.1744,25.52,4.58,0.1169,3.6723,0.9181
3799,2026-09-09 13:45:00,2026-09-09,13:45,13.75,2,0,225.36,14.87,3.3511,37.61,5.99,0.2253,23.87,3.36,0.0802,3.6566,0.9142
3800,2026-09-09 14:00:00,2026-09-09,14:00,14.0,2,0,231.17,14.8,3.4213,36.18,4.42,0.1599,20.64,1.26,0.026,3.6072,0.9018
3801,2026-09-09 14:15:00,2026-09-09,14:15,14.25,2,0,229.97,15.84,3.6427,35.25,4.83,0.1703,25.78,5.37,0.1384,3.9514,0.9879
3802,2026-09-09 14:30:00,2026-09-09,14:30,14.5,2,0,230.16,15.41,3.5468,35.16,5.15,0.1811,27.43,7.66,0.2101,3.938,0.9845
3803,2026-09-09 14:45:00,2026-09-09,14:45,14.75,2,0,229.45,15.78,3.6207,36.46,3.28,0.1196,27.6,6.46,0.1783,3.9186,0.9797
3804,2026-09-09 15:00:00,2026-09-09,15:00,15.0,2,0,230.55,14.17,3.2669,34.25,3.59,0.123,29.11,6.1,0.1776,3.5675,0.8919
3805,2026-09-09 15:15:00,2026-09-09,15:15,15.25,2,0,229.56,13.8,3.1679,35.62,2.09,0.0745,32.0,8.25,0.264,3.5064,0.8766
3806,2026-09-09 15:30:00,2026-09-09,15:30,15.5,2,0,231.51,14.53,3.3638,34.48,3.48,0.12,26.38,3.68,0.0971,3.5809,0.8952
3807,2026-09-09 15:45:00,2026-09-09,15:45,15.75,2,0,229.75,15.3,3.5152,36.38,2.81,0.1022,28.16,5.47,0.154,3.7714,0.9428
3808,2026-09-09 16:00:00,2026-09-09,16:00,16.0,2,0,228.37,14.3,3.2657,33.39,2.65,0.0885,27.19,5.69,0.1547,3.5089,0.8772
3809,2026-09-09 16:15:00,2026-09-09,16:15,16.25,2,0,229.12,14.33,3.2833,35.3,3.12,0.1101,28.36,5.86,0.1662,3.5596,0.8899
3810,2026-09-09 16:30:00,2026-09-09,16:30,16.5,2,0,229.94,14.78,3.3985,34.29,2.7,0.0926,38.91,11.94,0.4646,3.9557,0.9889
3811,2026-09-09 16:45:00,2026-09-09,16:45,16.75,2,0,231.07,13.78,3.1841,34.85,1.92,0.0669,34.23,10.08,0.345,3.596,0.899
3812,2026-09-09 17:00:00,2026-09-09,17:00,17.0,2,0,230.02,14.37,3.3054,34.96,1.28,0.0447,40.63,11.5,0.4672,3.8173,0.9543
3813,2026-09-09 17:15:00,2026-09-09,17:15,17.25,2,0,231.35,12.82,2.9659,34.71,1.75,0.0607,36.75,10.78,0.3962,3.4228,0.8557
3814,2026-09-09 17:30:00,2026-09-09,17:30,17.5,2,0,231.32,13.17,3.0465,33.81,1.04,0.0352,34.68,9.65,0.3347,3.4164,0.8541
3815,2026-09-09 17:45:00,2026-09-09,17:45,17.75,2,0,228.71,12.58,2.8772,31.66,1.12,0.0355,32.17,9.08,0.2921,3.2048,0.8012
3816,2026-09-09 18:00:00,2026-09-09,18:00,18.0,2,0,230.96,12.71,2.9355,33.35,0.49,0.0163,33.17,8.52,0.2826,3.2344,0.8086
3817,2026-09-09 18:15:00,2026-09-09,18:15,18.25,2,0,228.6,11.6,2.6518,33.17,0.0,0.0,32.14,7.19,0.2311,2.8829,0.7207
3818,2026-09-09 18:30:00,2026-09-09,18:30,18.5,2,0,235.53,11.98,2.8216,31.31,0.32,0.01,31.19,8.31,0.2592,3.0908,0.7727
3819,2026-09-09 18:45:00,2026-09-09,18:45,18.75,2,0,231.56,12.55,2.9061,0.78,0.0,0.0,28.67,7.06,0.2024,3.1085,0.7771
3820,2026-09-09 19:00:00,2026-09-09,19:00,19.0,2,0,234.53,11.77,2.7604,0.5,0.0,0.0,32.16,7.35,0.2364,2.9968,0.7492
3821,2026-09-09 19:15:00,2026-09-09,19:15,19.25,2,0,233.46,4.93,1.151,0.23,0.0,0.0,32.23,7.47,0.2408,1.3918,0.3479
3822,2026-09-09 19:30:00,2026-09-09,19:30,19.5,2,0,231.06,3.61,0.8341,0.15,0.0,0.0,29.51,4.98,0.147,0.9811,0.2453
3823,2026-09-09 19:45:00,2026-09-09,19:45,19.75,2,0,229.92,3.74,0.8599,0.26,0.0,0.0,20.27,1.85,0.0375,0.8974,0.2243
3824,2026-09-09 20:00:00,2026-09-09,20:00,20.0,2,0,231.1,3.88,0.8967,0.72,0.0,0.0,25.36,5.02,0.1273,1.024,0.256
3825,2026-09-09 20:15:00,2026-09-09,20:15,20.25,2,0,229.82,4.96,1.1399,0.34,0.0,0.0,24.19,4.5,0.1089,1.2488,0.3122
3826,2026-09-09 20:30:00,2026-09-09,20:30,20.5,2,0,230.65,4.52,1.0425,0.24,0.0,0.0,20.57,1.5,0.0309,1.0734,0.2683
3827,2026-09-09 20:45:00,2026-09-09,20:45,20.75,2,0,233.29,5.44,1.2691,0.14,0.0,0.0,23.37,3.73,0.0872,1.3563,0.3391
3828,2026-09-09 21:00:00,2026-09-09,21:00,21.0,2,0,229.48,5.73,1.3149,0.43,0.0,0.0,18.65,2.69,0.0502,1.3651,0.3413
3829,2026-09-09 21:15:00,2026-09-09,21:15,21.25,2,0,232.68,4.79,1.1145,0.76,0.0,0.0,21.77,4.87,0.106,1.2205,0.3051
3830,2026-09-09 21:30:00,2026-09-09,21:30,21.5,2,0,229.84,4.13,0.9492,0.44,0.0,0.0,18.49,2.69,0.0497,0.9989,0.2497
3831,2026-09-09 21:45:00,2026-09-09,21:45,21.75,2,0,229.57,3.64,0.8356,0.5,0.0,0.0,23.13,3.43,0.0793,0.9149,0.2287
3832,2026-09-09 22:00:00,2026-09-09,22:00,22.0,2,0,230.99,3.8,0.8778,0.34,0.0,0.0,18.88,2.15,0.0406,0.9184,0.2296
3833,2026-09-09 22:15:00,2026-09-09,22:15,22.25,2,0,228.46,3.41,0.779,0.71,0.0,0.0,21.06,2.05,0.0432,0.8222,0.2056
3834,2026-09-09 22:30:00,2026-09-09,22:30,22.5,2,0,227.53,2.58,0.587,0.25,0.0,0.0,24.14,5.44,0.1313,0.7183,0.1796
3835,2026-09-09 22:45:00,2026-09-09,22:45,22.75,2,0,229.5,3.63,0.8331,0.19,0.0,0.0,24.95,4.09,0.1021,0.9352,0.2338
3836,2026-09-09 23:00:00,2026-09-09,23:00,23.0,2,0,229.08,3.43,0.7857,0.34,0.0,0.0,22.02,1.95,0.0429,0.8286,0.2072
3837,2026-09-09 23:15:00,2026-09-09,23:15,23.25,2,0,231.15,3.49,0.8067,0.09,0.0,0.0,21.9,2.82,0.0618,0.8685,0.2171
3838,2026-09-09 23:30:00,2026-09-09,23:30,23.5,2,0,226.85,3.34,0.7577,0.63,0.0,0.0,20.15,2.96,0.0596,0.8173,0.2043
3839,2026-09-09 23:45:00,2026-09-09,23:45,23.75,2,0,228.67,3.48,0.7958,0.04,0.0,0.0,23.77,3.38,0.0803,0.8761,0.219
3840,2026-09-10 00:00:00,2026-09-10,00:00,0.0,3,0,227.53,2.51,0.5711,0.11,0.0,0.0,24.65,5.36,0.1321,0.7032,0.1758
3841,2026-09-10 00:15:00,2026-09-10,00:15,0.25,3,0,230.28,4.11,0.9465,0.71,0.0,0.0,33.61,8.67,0.2914,1.2379,0.3095
3842,2026-09-10 00:30:00,2026-09-10,00:30,0.5,3,0,226.69,4.02,0.9113,0.73,0.0,0.0,26.57,4.59,0.122,1.0333,0.2583
3843,2026-09-10 00:45:00,2026-09-10,00:45,0.75,3,0,229.93,3.11,0.7151,0.21,0.0,0.0,36.01,9.2,0.3313,1.0464,0.2616
3844,2026-09-10 01:00:00,2026-09-10,01:00,1.0,3,0,227.89,3.22,0.7338,0.71,0.0,0.0,38.05,10.9,0.4148,1.1486,0.2872
3845,2026-09-10 01:15:00,2026-09-10,01:15,1.25,3,0,228.81,3.73,0.8535,0.79,0.0,0.0,31.98,7.91,0.253,1.1065,0.2766
3846,2026-09-10 01:30:00,2026-09-10,01:30,1.5,3,0,227.77,4.09,0.9316,0.36,0.0,0.0,35.97,10.16,0.3655,1.2971,0.3243
3847,2026-09-10 01:45:00,2026-09-10,01:45,1.75,3,0,229.77,4.16,0.9558,0.01,0.0,0.0,37.21,10.83,0.403,1.3588,0.3397
3848,2026-09-10 02:00:00,2026-09-10,02:00,2.0,3,0,227.56,5.14,1.1697,0.08,0.0,0.0,32.64,9.51,0.3104,1.4801,0.37
3849,2026-09-10 02:15:00,2026-09-10,02:15,2.25,3,0,226.63,2.29,0.519,0.65,0.0,0.0,37.97,10.25,0.3892,0.9082,0.2271
3850,2026-09-10 02:30:00,2026-09-10,02:30,2.5,3,0,224.2,4.46,0.9999,0.64,0.0,0.0,36.37,9.73,0.3539,1.3538,0.3384
3851,2026-09-10 02:45:00,2026-09-10,02:45,2.75,3,0,225.91,4.08,0.9217,0.03,0.0,0.0,33.01,9.27,0.306,1.2277,0.3069
3852,2026-09-10 03:00:00,2026-09-10,03:00,3.0,3,0,222.36,4.24,0.9428,0.11,0.0,0.0,39.89,10.83,0.432,1.3748,0.3437
3853,2026-09-10 03:15:00,2026-09-10,03:15,3.25,3,0,229.51,4.64,1.0649,0.71,0.0,0.0,27.88,6.6,0.184,1.2489,0.3122
3854,2026-09-10 03:30:00,2026-09-10,03:30,3.5,3,0,224.97,5.45,1.2261,0.24,0.0,0.0,37.64,10.22,0.3847,1.6108,0.4027
3855,2026-09-10 03:45:00,2026-09-10,03:45,3.75,3,0,226.22,4.9,1.1085,0.42,0.0,0.0,30.29,7.7,0.2332,1.3417,0.3354
3856,2026-09-10 04:00:00,2026-09-10,04:00,4.0,3,0,222.73,4.57,1.0179,0.48,0.0,0.0,31.67,6.25,0.1979,1.2158,0.3039
3857,2026-09-10 04:15:00,2026-09-10,04:15,4.25,3,0,227.07,5.56,1.2625,0.2,0.0,0.0,25.3,4.24,0.1073,1.3698,0.3424
3858,2026-09-10 04:30:00,2026-09-10,04:30,4.5,3,0,227.1,4.76,1.081,0.58,0.0,0.0,30.35,6.18,0.1876,1.2686,0.3171
3859,2026-09-10 04:45:00,2026-09-10,04:45,4.75,3,0,224.06,4.0,0.8962,0.5,0.0,0.0,22.63,3.52,0.0797,0.9759,0.244
3860,2026-09-10 05:00:00,2026-09-10,05:00,5.0,3,0,226.51,4.37,0.9899,0.39,0.0,0.0,22.42,3.36,0.0753,1.0652,0.2663
3861,2026-09-10 05:15:00,2026-09-10,05:15,5.25,3,0,224.74,4.41,0.9911,0.04,0.0,0.0,23.55,3.15,0.0742,1.0653,0.2663
3862,2026-09-10 05:30:00,2026-09-10,05:30,5.5,3,0,225.36,5.06,1.1403,0.45,0.0,0.0,18.5,0.49,0.0091,1.1494,0.2873
3863,2026-09-10 05:45:00,2026-09-10,05:45,5.75,3,0,229.97,4.25,0.9774,0.46,0.0,0.0,17.83,2.31,0.0412,1.0186,0.2546
3864,2026-09-10 06:00:00,2026-09-10,06:00,6.0,3,0,224.89,4.49,1.0098,32.83,0.24,0.0079,22.55,2.14,0.0483,1.066,0.2665
3865,2026-09-10 06:15:00,2026-09-10,06:15,6.25,3,0,225.11,4.47,1.0062,31.08,1.48,0.046,21.57,1.68,0.0362,1.0884,0.2721
3866,2026-09-10 06:30:00,2026-09-10,06:30,6.5,3,0,223.7,3.69,0.8255,34.05,0.43,0.0146,22.1,3.09,0.0683,0.9084,0.2271
3867,2026-09-10 06:45:00,2026-09-10,06:45,6.75,3,0,226.5,4.03,0.9128,33.43,2.41,0.0806,16.96,0.83,0.0141,1.0075,0.2519
3868,2026-09-10 07:00:00,2026-09-10,07:00,7.0,3,0,225.45,2.42,0.5456,35.18,2.07,0.0728,20.77,2.27,0.0471,0.6655,0.1664
3869,2026-09-10 07:15:00,2026-09-10,07:15,7.25,3,0,228.22,3.52,0.8033,35.48,3.26,0.1157,24.44,3.42,0.0836,1.0026,0.2506
3870,2026-09-10 07:30:00,2026-09-10,07:30,7.5,3,0,227.58,4.43,1.0082,36.84,3.74,0.1378,24.7,4.82,0.1191,1.2651,0.3163
3871,2026-09-10 07:45:00,2026-09-10,07:45,7.75,3,0,227.26,3.46,0.7863,36.77,4.77,0.1754,23.02,3.41,0.0785,1.0402,0.2601
3872,2026-09-10 08:00:00,2026-09-10,08:00,8.0,3,0,229.48,11.83,2.7147,36.74,5.31,0.1951,25.0,3.99,0.0998,3.0096,0.7524
3873,2026-09-10 08:15:00,2026-09-10,08:15,8.25,3,0,223.85,10.54,2.3594,37.02,5.76,0.2132,27.46,5.46,0.1499,2.7225,0.6806
3874,2026-09-10 08:30:00,2026-09-10,08:30,8.5,3,0,223.88,11.9,2.6642,37.61,7.16,0.2693,30.8,6.78,0.2088,3.1423,0.7856
3875,2026-09-10 08:45:00,2026-09-10,08:45,8.75,3,0,227.83,11.88,2.7066,39.37,9.25,0.3642,22.75,3.72,0.0846,3.1554,0.7889
3876,2026-09-10 09:00:00,2026-09-10,09:00,9.0,3,0,221.5,12.94,2.8662,40.79,9.8,0.3997,27.83,7.0,0.1948,3.4607,0.8652
3877,2026-09-10 09:15:00,2026-09-10,09:15,9.25,3,0,222.1,13.67,3.0361,42.96,11.39,0.4893,26.97,7.12,0.192,3.7174,0.9294
3878,2026-09-10 09:30:00,2026-09-10,09:30,9.5,3,0,222.82,12.38,2.7585,42.76,10.95,0.4682,28.66,6.43,0.1843,3.411,0.8528
3879,2026-09-10 09:45:00,2026-09-10,09:45,9.75,3,0,225.29,13.61,3.0662,43.68,12.32,0.5381,28.25,6.3,0.178,3.7823,0.9456
3880,2026-09-10 10:00:00,2026-09-10,10:00,10.0,3,0,224.57,13.3,2.9868,44.58,12.41,0.5532,26.93,5.49,0.1478,3.6878,0.922
3881,2026-09-10 10:15:00,2026-09-10,10:15,10.25,3,0,226.15,14.11,3.191,43.74,13.42,0.587,27.73,5.3,0.147,3.925,0.9812
3882,2026-09-10 10:30:00,2026-09-10,10:30,10.5,3,0,225.74,12.84,2.8985,44.69,12.87,0.5752,30.77,7.41,0.228,3.7017,0.9254
3883,2026-09-10 10:45:00,2026-09-10,10:45,10.75,3,0,223.97,14.19,3.1781,44.66,13.24,0.5913,26.44,5.41,0.143,3.9124,0.9781
3884,2026-09-10 11:00:00,2026-09-10,11:00,11.0,3,0,225.61,13.93,3.1427,43.86,12.29,0.539,24.76,5.27,0.1305,3.8122,0.953
3885,2026-09-10 11:15:00,2026-09-10,11:15,11.25,3,0,223.48,14.58,3.2583,43.52,12.9,0.5614,26.61,5.8,0.1543,3.974,0.9935
3886,2026-09-10 11:30:00,2026-09-10,11:30,11.5,3,0,227.96,15.7,3.579,43.93,12.03,0.5285,29.28,6.34,0.1856,4.2931,1.0733
3887,2026-09-10 11:45:00,2026-09-10,11:45,11.75,3,0,225.63,14.72,3.3213,42.81,11.0,0.4709,27.68,5.27,0.1459,3.9381,0.9845
3888,2026-09-10 12:00:00,2026-09-10,12:00,12.0,3,0,225.56,14.49,3.2684,41.8,11.04,0.4615,23.58,5.11,0.1205,3.8504,0.9626
3889,2026-09-10 12:15:00,2026-09-10,12:15,12.25,3,0,224.45,14.26,3.2007,43.62,11.23,0.4899,25.85,4.46,0.1153,3.8059,0.9515
3890,2026-09-10 12:30:00,2026-09-10,12:30,12.5,3,0,224.15,15.19,3.4048,41.88,10.67,0.4469,28.19,5.14,0.1449,3.9966,0.9991
3891,2026-09-10 12:45:00,2026-09-10,12:45,12.75,3,0,226.47,14.13,3.2,42.47,10.67,0.4531,24.6,5.67,0.1395,3.7926,0.9482
3892,2026-09-10 13:00:00,2026-09-10,13:00,13.0,3,0,224.17,15.64,3.506,41.4,10.98,0.4546,24.46,3.84,0.0939,4.0545,1.0136
3893,2026-09-10 13:15:00,2026-09-10,13:15,13.25,3,0,226.24,15.18,3.4343,43.9,10.54,0.4627,21.81,2.54,0.0554,3.9524,0.9881
3894,2026-09-10 13:30:00,2026-09-10,13:30,13.5,3,0,226.01,15.75,3.5597,40.52,11.0,0.4457,17.14,2.71,0.0465,4.0519,1.013
3895,2026-09-10 13:45:00,2026-09-10,13:45,13.75,3,0,227.46,15.66,3.562,43.05,12.03,0.5179,19.07,0.41,0.0078,4.0877,1.0219
3896,2026-09-10 14:00:00,2026-09-10,14:00,14.0,3,0,225.63,15.32,3.4567,43.66,12.0,0.5239,18.01,1.51,0.0272,4.0078,1.0019
3897,2026-09-10 14:15:00,2026-09-10,14:15,14.25,3,0,225.83,15.84,3.5772,42.89,12.15,0.5211,21.32,3.66,0.078,4.1763,1.0441
3898,2026-09-10 14:30:00,2026-09-10,14:30,14.5,3,0,230.54,14.98,3.4535,43.21,11.8,0.5099,22.79,3.46,0.0788,4.0422,1.0106
3899,2026-09-10 14:45:00,2026-09-10,14:45,14.75,3,0,227.12,15.51,3.5226,43.44,11.59,0.5035,22.55,1.65,0.0372,4.0633,1.0158
3900,2026-09-10 15:00:00,2026-09-10,15:00,15.0,3,0,225.51,14.71,3.3173,43.89,11.09,0.4867,18.25,1.88,0.0343,3.8383,0.9596
3901,2026-09-10 15:15:00,2026-09-10,15:15,15.25,3,0,226.14,15.11,3.417,42.44,10.61,0.4503,16.28,0.95,0.0155,3.8828,0.9707
3902,2026-09-10 15:30:00,2026-09-10,15:30,15.5,3,0,228.37,13.2,3.0145,39.78,9.14,0.3636,20.39,1.89,0.0385,3.4166,0.8541
3903,2026-09-10 15:45:00,2026-09-10,15:45,15.75,3,0,229.65,14.02,3.2197,41.17,9.4,0.387,18.33,1.44,0.0264,3.6331,0.9083
3904,2026-09-10 16:00:00,2026-09-10,16:00,16.0,3,0,227.8,13.82,3.1482,39.71,7.22,0.2867,17.8,1.98,0.0352,3.4701,0.8675
3905,2026-09-10 16:15:00,2026-09-10,16:15,16.25,3,0,228.15,14.05,3.2055,39.52,6.84,0.2703,19.96,1.68,0.0335,3.5093,0.8773
3906,2026-09-10 16:30:00,2026-09-10,16:30,16.5,3,0,226.82,14.21,3.2231,38.52,6.3,0.2427,17.42,0.97,0.0169,3.4827,0.8707
3907,2026-09-10 16:45:00,2026-09-10,16:45,16.75,3,0,229.9,12.49,2.8714,36.54,5.03,0.1838,18.17,1.71,0.0311,3.0863,0.7716
3908,2026-09-10 17:00:00,2026-09-10,17:00,17.0,3,0,228.27,12.67,2.8922,36.0,4.02,0.1447,19.78,2.44,0.0483,3.0852,0.7713
3909,2026-09-10 17:15:00,2026-09-10,17:15,17.25,3,0,227.53,12.76,2.9033,35.53,3.56,0.1265,19.77,1.15,0.0227,3.0525,0.7631
3910,2026-09-10 17:30:00,2026-09-10,17:30,17.5,3,0,231.67,13.44,3.1136,35.08,1.89,0.0663,19.86,0.94,0.0187,3.1986,0.7996
3911,2026-09-10 17:45:00,2026-09-10,17:45,17.75,3,0,230.89,13.74,3.1724,35.55,1.47,0.0523,23.01,2.52,0.058,3.2827,0.8207
3912,2026-09-10 18:00:00,2026-09-10,18:00,18.0,3,0,228.41,11.18,2.5536,34.18,1.33,0.0455,21.09,2.43,0.0512,2.6503,0.6626
3913,2026-09-10 18:15:00,2026-09-10,18:15,18.25,3,0,233.36,12.09,2.8213,33.95,0.62,0.021,24.18,3.91,0.0945,2.9368,0.7342
3914,2026-09-10 18:30:00,2026-09-10,18:30,18.5,3,0,232.98,12.68,2.9542,32.09,0.0,0.0,21.4,1.87,0.04,2.9942,0.7486
3915,2026-09-10 18:45:00,2026-09-10,18:45,18.75,3,0,233.19,12.49,2.9125,0.59,0.0,0.0,23.51,3.41,0.0802,2.9927,0.7482
3916,2026-09-10 19:00:00,2026-09-10,19:00,19.0,3,0,233.56,12.43,2.9032,0.29,0.0,0.0,24.78,2.45,0.0607,2.9639,0.741
3917,2026-09-10 19:15:00,2026-09-10,19:15,19.25,3,0,235.68,5.83,1.374,0.67,0.0,0.0,19.41,2.14,0.0415,1.4155,0.3539
3918,2026-09-10 19:30:00,2026-09-10,19:30,19.5,3,0,235.74,3.28,0.7732,0.56,0.0,0.0,21.15,2.24,0.0474,0.8206,0.2051
3919,2026-09-10 19:45:00,2026-09-10,19:45,19.75,3,0,235.68,4.59,1.0818,0.8,0.0,0.0,23.19,2.86,0.0663,1.1481,0.287
3920,2026-09-10 20:00:00,2026-09-10,20:00,20.0,3,0,233.56,5.09,1.1888,0.78,0.0,0.0,22.29,1.65,0.0368,1.2256,0.3064
3921,2026-09-10 20:15:00,2026-09-10,20:15,20.25,3,0,235.49,5.24,1.234,0.31,0.0,0.0,20.53,2.49,0.0511,1.2851,0.3213
3922,2026-09-10 20:30:00,2026-09-10,20:30,20.5,3,0,235.48,4.47,1.0526,0.33,0.0,0.0,21.04,2.35,0.0494,1.102,0.2755
3923,2026-09-10 20:45:00,2026-09-10,20:45,20.75,3,0,236.15,3.98,0.9399,0.52,0.0,0.0,20.62,1.57,0.0324,0.9723,0.2431
3924,2026-09-10 21:00:00,2026-09-10,21:00,21.0,3,0,235.83,4.66,1.099,0.02,0.0,0.0,17.7,1.07,0.0189,1.1179,0.2795
3925,2026-09-10 21:15:00,2026-09-10,21:15,21.25,3,0,234.88,4.42,1.0382,0.65,0.0,0.0,18.5,1.12,0.0207,1.0589,0.2647
3926,2026-09-10 21:30:00,2026-09-10,21:30,21.5,3,0,232.47,4.56,1.0601,0.19,0.0,0.0,19.06,1.41,0.0269,1.087,0.2717
3927,2026-09-10 21:45:00,2026-09-10,21:45,21.75,3,0,230.68,4.8,1.1073,0.06,0.0,0.0,19.51,1.18,0.023,1.1303,0.2826
3928,2026-09-10 22:00:00,2026-09-10,22:00,22.0,3,0,231.65,2.84,0.6579,0.28,0.0,0.0,19.41,1.11,0.0215,0.6794,0.1699
3929,2026-09-10 22:15:00,2026-09-10,22:15,22.25,3,0,236.22,4.26,1.0063,0.74,0.0,0.0,18.78,1.65,0.031,1.0373,0.2593
3930,2026-09-10 22:30:00,2026-09-10,22:30,22.5,3,0,231.55,3.91,0.9054,0.1,0.0,0.0,17.44,1.86,0.0324,0.9378,0.2344
3931,2026-09-10 22:45:00,2026-09-10,22:45,22.75,3,0,235.69,3.3,0.7778,0.05,0.0,0.0,17.25,0.68,0.0117,0.7895,0.1974
3932,2026-09-10 23:00:00,2026-09-10,23:00,23.0,3,0,236.42,4.42,1.045,0.14,0.0,0.0,15.62,0.0,0.0,1.045,0.2612
3933,2026-09-10 23:15:00,2026-09-10,23:15,23.25,3,0,232.79,2.27,0.5284,0.37,0.0,0.0,17.06,1.02,0.0174,0.5458,0.1364
3934,2026-09-10 23:30:00,2026-09-10,23:30,23.5,3,0,234.2,2.65,0.6206,0.14,0.0,0.0,16.59,0.38,0.0063,0.6269,0.1567
3935,2026-09-10 23:45:00,2026-09-10,23:45,23.75,3,0,231.47,2.8,0.6481,0.45,0.0,0.0,19.04,0.11,0.0021,0.6502,0.1626
3936,2026-09-11 00:00:00,2026-09-11,00:00,0.0,4,0,232.51,3.79,0.8812,0.6,0.0,0.0,18.82,1.41,0.0265,0.9077,0.2269
3937,2026-09-11 00:15:00,2026-09-11,00:15,0.25,4,0,232.29,3.78,0.8781,0.68,0.0,0.0,17.46,1.09,0.019,0.8971,0.2243
3938,2026-09-11 00:30:00,2026-09-11,00:30,0.5,4,0,233.27,3.78,0.8818,0.17,0.0,0.0,23.04,4.73,0.109,0.9908,0.2477
3939,2026-09-11 00:45:00,2026-09-11,00:45,0.75,4,0,230.7,4.17,0.962,0.76,0.0,0.0,15.48,0.74,0.0115,0.9735,0.2434
3940,2026-09-11 01:00:00,2026-09-11,01:00,1.0,4,0,231.84,4.62,1.0711,0.65,0.0,0.0,18.96,1.04,0.0197,1.0908,0.2727
3941,2026-09-11 01:15:00,2026-09-11,01:15,1.25,4,0,235.88,3.95,0.9317,0.24,0.0,0.0,22.85,3.76,0.0859,1.0176,0.2544
3942,2026-09-11 01:30:00,2026-09-11,01:30,1.5,4,0,233.92,4.85,1.1345,0.13,0.0,0.0,20.98,2.0,0.042,1.1765,0.2941
3943,2026-09-11 01:45:00,2026-09-11,01:45,1.75,4,0,232.66,5.05,1.1749,0.29,0.0,0.0,18.61,0.81,0.0151,1.19,0.2975
3944,2026-09-11 02:00:00,2026-09-11,02:00,2.0,4,0,229.79,5.44,1.2501,0.31,0.0,0.0,22.23,3.33,0.074,1.3241,0.331
3945,2026-09-11 02:15:00,2026-09-11,02:15,2.25,4,0,233.86,4.26,0.9962,0.18,0.0,0.0,22.09,2.9,0.0641,1.0603,0.2651
3946,2026-09-11 02:30:00,2026-09-11,02:30,2.5,4,0,232.44,5.59,1.2993,0.36,0.0,0.0,24.04,4.01,0.0964,1.3957,0.3489
3947,2026-09-11 02:45:00,2026-09-11,02:45,2.75,4,0,231.14,4.89,1.1303,0.01,0.0,0.0,24.68,3.13,0.0772,1.2075,0.3019
3948,2026-09-11 03:00:00,2026-09-11,03:00,3.0,4,0,238.08,4.8,1.1428,0.19,0.0,0.0,22.66,1.82,0.0412,1.184,0.296
3949,2026-09-11 03:15:00,2026-09-11,03:15,3.25,4,0,229.41,4.2,0.9635,0.16,0.0,0.0,23.49,3.72,0.0874,1.0509,0.2627
3950,2026-09-11 03:30:00,2026-09-11,03:30,3.5,4,0,232.48,3.77,0.8765,0.59,0.0,0.0,25.6,3.79,0.097,0.9735,0.2434
3951,2026-09-11 03:45:00,2026-09-11,03:45,3.75,4,0,229.7,4.88,1.1209,0.17,0.0,0.0,25.98,4.93,0.1281,1.249,0.3123
3952,2026-09-11 04:00:00,2026-09-11,04:00,4.0,4,0,232.3,5.24,1.2172,0.11,0.0,0.0,23.26,3.8,0.0884,1.3056,0.3264
3953,2026-09-11 04:15:00,2026-09-11,04:15,4.25,4,0,231.05,4.71,1.0882,0.12,0.0,0.0,23.66,3.33,0.0788,1.167,0.2918
3954,2026-09-11 04:30:00,2026-09-11,04:30,4.5,4,0,233.54,5.77,1.3475,0.38,0.0,0.0,26.78,4.91,0.1315,1.479,0.3698
3955,2026-09-11 04:45:00,2026-09-11,04:45,4.75,4,0,234.29,4.42,1.0356,0.14,0.0,0.0,22.21,2.77,0.0615,1.0971,0.2743
3956,2026-09-11 05:00:00,2026-09-11,05:00,5.0,4,0,230.02,5.83,1.341,0.8,0.0,0.0,24.49,3.53,0.0864,1.4274,0.3569
3957,2026-09-11 05:15:00,2026-09-11,05:15,5.25,4,0,231.94,4.63,1.0739,0.44,0.0,0.0,18.63,1.95,0.0363,1.1102,0.2776
3958,2026-09-11 05:30:00,2026-09-11,05:30,5.5,4,0,228.76,3.76,0.8601,0.01,0.0,0.0,22.21,3.15,0.07,0.9301,0.2325
3959,2026-09-11 05:45:00,2026-09-11,05:45,5.75,4,0,233.08,5.37,1.2516,0.29,0.0,0.0,19.15,1.75,0.0335,1.2851,0.3213
3960,2026-09-11 06:00:00,2026-09-11,06:00,6.0,4,0,229.14,2.06,0.472,32.69,0.0,0.0,20.34,2.13,0.0433,0.5153,0.1288
3961,2026-09-11 06:15:00,2026-09-11,06:15,6.25,4,0,227.48,5.07,1.1533,34.16,1.41,0.0482,20.13,2.61,0.0525,1.254,0.3135
3962,2026-09-11 06:30:00,2026-09-11,06:30,6.5,4,0,229.06,4.9,1.1224,33.01,2.36,0.0779,18.97,1.61,0.0305,1.2308,0.3077
3963,2026-09-11 06:45:00,2026-09-11,06:45,6.75,4,0,229.01,4.14,0.9481,34.22,2.89,0.0989,18.42,1.23,0.0227,1.0697,0.2674
3964,2026-09-11 07:00:00,2026-09-11,07:00,7.0,4,0,231.63,4.1,0.9497,35.31,3.27,0.1155,17.62,0.35,0.0062,1.0714,0.2678
3965,2026-09-11 07:15:00,2026-09-11,07:15,7.25,4,0,227.32,3.53,0.8024,35.14,4.14,0.1455,18.43,1.56,0.0288,0.9767,0.2442
3966,2026-09-11 07:30:00,2026-09-11,07:30,7.5,4,0,228.8,3.43,0.7848,37.66,5.49,0.2067,16.54,1.75,0.029,1.0205,0.2551
3967,2026-09-11 07:45:00,2026-09-11,07:45,7.75,4,0,234.12,3.78,0.885,36.94,6.97,0.2575,18.01,0.73,0.0132,1.1557,0.2889
3968,2026-09-11 08:00:00,2026-09-11,08:00,8.0,4,0,228.49,11.19,2.5568,39.25,6.42,0.252,18.22,0.68,0.0124,2.8212,0.7053
3969,2026-09-11 08:15:00,2026-09-11,08:15,8.25,4,0,225.27,11.17,2.5163,39.13,7.03,0.2751,17.55,0.87,0.0153,2.8067,0.7017
3970,2026-09-11 08:30:00,2026-09-11,08:30,8.5,4,0,228.86,13.27,3.037,37.0,7.76,0.2871,16.26,0.84,0.0137,3.3378,0.8345
3971,2026-09-11 08:45:00,2026-09-11,08:45,8.75,4,0,230.25,13.47,3.1015,38.22,6.95,0.2656,17.78,0.91,0.0162,3.3833,0.8458
3972,2026-09-11 09:00:00,2026-09-11,09:00,9.0,4,0,225.76,12.79,2.8875,39.95,6.89,0.2753,19.12,0.45,0.0086,3.1714,0.7929
3973,2026-09-11 09:15:00,2026-09-11,09:15,9.25,4,0,222.42,13.25,2.9471,38.24,7.48,0.286,17.38,0.47,0.0082,3.2413,0.8103
3974,2026-09-11 09:30:00,2026-09-11,09:30,9.5,4,0,222.27,12.34,2.7428,39.31,7.6,0.2988,18.85,0.98,0.0185,3.0601,0.765
3975,2026-09-11 09:45:00,2026-09-11,09:45,9.75,4,0,226.04,12.59,2.8458,39.67,8.89,0.3527,17.52,0.73,0.0128,3.2113,0.8028
3976,2026-09-11 10:00:00,2026-09-11,10:00,10.0,4,0,221.5,11.53,2.5539,41.3,9.77,0.4035,16.84,0.34,0.0057,2.9631,0.7408
3977,2026-09-11 10:15:00,2026-09-11,10:15,10.25,4,0,222.62,14.3,3.1835,40.82,10.35,0.4225,15.11,0.53,0.008,3.614,0.9035
3978,2026-09-11 10:30:00,2026-09-11,10:30,10.5,4,0,226.13,13.31,3.0098,42.19,10.88,0.459,19.35,0.26,0.005,3.4738,0.8685
3979,2026-09-11 10:45:00,2026-09-11,10:45,10.75,4,0,223.09,14.51,3.237,42.68,11.83,0.5049,16.88,0.64,0.0108,3.7527,0.9382
3980,2026-09-11 11:00:00,2026-09-11,11:00,11.0,4,0,220.9,14.81,3.2715,44.25,12.49,0.5527,17.49,0.94,0.0164,3.8406,0.9601
3981,2026-09-11 11:15:00,2026-09-11,11:15,11.25,4,0,221.71,13.9,3.0818,44.73,13.64,0.6101,16.54,0.0,0.0,3.6919,0.923
3982,2026-09-11 11:30:00,2026-09-11,11:30,11.5,4,0,225.32,13.83,3.1162,46.81,14.91,0.6979,18.96,0.0,0.0,3.8141,0.9535
3983,2026-09-11 11:45:00,2026-09-11,11:45,11.75,4,0,220.3,14.77,3.2538,45.84,14.44,0.6619,17.81,1.37,0.0244,3.9401,0.985
3984,2026-09-11 12:00:00,2026-09-11,12:00,12.0,4,0,222.0,14.67,3.2567,47.67,14.49,0.6907,16.45,1.76,0.029,3.9764,0.9941
3985,2026-09-11 12:15:00,2026-09-11,12:15,12.25,4,0,226.95,14.93,3.3884,46.88,15.13,0.7093,17.6,0.0,0.0,4.0977,1.0244
3986,2026-09-11 12:30:00,2026-09-11,12:30,12.5,4,0,223.76,14.17,3.1707,46.0,14.99,0.6895,18.22,0.45,0.0082,3.8684,0.9671
3987,2026-09-11 12:45:00,2026-09-11,12:45,12.75,4,0,224.46,14.31,3.212,45.71,13.98,0.639,17.13,0.41,0.007,3.858,0.9645
3988,2026-09-11 13:00:00,2026-09-11,13:00,13.0,4,0,222.17,14.89,3.3081,45.54,14.13,0.6435,17.45,0.0,0.0,3.9516,0.9879
3989,2026-09-11 13:15:00,2026-09-11,13:15,13.25,4,0,221.69,15.99,3.5448,44.81,12.52,0.561,16.78,1.38,0.0232,4.129,1.0322
3990,2026-09-11 13:30:00,2026-09-11,13:30,13.5,4,0,224.24,14.45,3.2403,43.62,11.61,0.5064,16.79,0.32,0.0054,3.7521,0.938
3991,2026-09-11 13:45:00,2026-09-11,13:45,13.75,4,0,223.17,15.94,3.5573,42.71,10.75,0.4591,17.9,0.7,0.0125,4.0289,1.0072
3992,2026-09-11 14:00:00,2026-09-11,14:00,14.0,4,0,225.87,15.14,3.4197,42.42,9.32,0.3954,18.12,0.91,0.0165,3.8316,0.9579
3993,2026-09-11 14:15:00,2026-09-11,14:15,14.25,4,0,221.87,15.24,3.3813,41.99,9.46,0.3972,17.34,1.11,0.0192,3.7977,0.9494
3994,2026-09-11 14:30:00,2026-09-11,14:30,14.5,4,0,221.56,15.46,3.4253,40.28,8.8,0.3545,17.33,1.86,0.0322,3.812,0.953
3995,2026-09-11 14:45:00,2026-09-11,14:45,14.75,4,0,219.38,15.24,3.3434,42.37,9.14,0.3873,18.4,1.81,0.0333,3.764,0.941
3996,2026-09-11 15:00:00,2026-09-11,15:00,15.0,4,0,223.14,16.0,3.5702,39.0,8.86,0.3455,17.05,0.9,0.0153,3.931,0.9828
3997,2026-09-11 15:15:00,2026-09-11,15:15,15.25,4,0,219.87,12.29,2.7022,38.7,7.84,0.3034,16.38,0.77,0.0126,3.0182,0.7546
3998,2026-09-11 15:30:00,2026-09-11,15:30,15.5,4,0,223.26,14.04,3.1346,38.63,7.49,0.2893,16.47,1.95,0.0321,3.456,0.864
3999,2026-09-11 15:45:00,2026-09-11,15:45,15.75,4,0,225.37,14.05,3.1664,39.7,7.29,0.2894,20.57,1.7,0.035,3.4908,0.8727
4000,2026-09-11 16:00:00,2026-09-11,16:00,16.0,4,0,222.1,13.22,2.9362,38.9,7.61,0.296,17.94,2.09,0.0375,3.2697,0.8174
4001,2026-09-11 16:15:00,2026-09-11,16:15,16.25,4,0,223.17,13.64,3.044,39.27,7.53,0.2957,16.37,0.0,0.0,3.3397,0.8349
4002,2026-09-11 16:30:00,2026-09-11,16:30,16.5,4,0,222.7,14.64,3.2603,38.98,7.32,0.2853,17.3,0.0,0.0,3.5456,0.8864
4003,2026-09-11 16:45:00,2026-09-11,16:45,16.75,4,0,225.15,14.54,3.2737,37.07,7.02,0.2602,16.2,0.55,0.0089,3.5428,0.8857
4004,2026-09-11 17:00:00,2026-09-11,17:00,17.0,4,0,224.59,13.35,2.9983,36.79,5.8,0.2134,17.62,0.69,0.0122,3.2239,0.806
4005,2026-09-11 17:15:00,2026-09-11,17:15,17.25,4,0,222.62,13.51,3.0076,35.19,4.31,0.1517,16.55,0.89,0.0147,3.174,0.7935
4006,2026-09-11 17:30:00,2026-09-11,17:30,17.5,4,0,224.03,14.69,3.291,34.99,3.77,0.1319,19.83,1.76,0.0349,3.4578,0.8645
4007,2026-09-11 17:45:00,2026-09-11,17:45,17.75,4,0,221.06,12.61,2.7876,34.71,2.64,0.0916,18.43,1.81,0.0334,2.9126,0.7281
4008,2026-09-11 18:00:00,2026-09-11,18:00,18.0,4,0,225.49,13.09,2.9517,33.46,2.34,0.0783,18.04,1.15,0.0208,3.0508,0.7627
4009,2026-09-11 18:15:00,2026-09-11,18:15,18.25,4,0,224.87,11.3,2.541,32.5,0.35,0.0114,18.52,1.66,0.0307,2.5831,0.6458
4010,2026-09-11 18:30:00,2026-09-11,18:30,18.5,4,0,225.67,12.91,2.9134,32.39,0.2,0.0065,19.61,0.98,0.0192,2.9391,0.7348
4011,2026-09-11 18:45:00,2026-09-11,18:45,18.75,4,0,229.17,11.2,2.5667,0.56,0.0,0.0,17.61,1.28,0.0225,2.5892,0.6473
4012,2026-09-11 19:00:00,2026-09-11,19:00,19.0,4,0,228.55,11.67,2.6672,0.55,0.0,0.0,18.78,1.31,0.0246,2.6918,0.673
4013,2026-09-11 19:15:00,2026-09-11,19:15,19.25,4,0,228.6,3.33,0.7612,0.77,0.0,0.0,24.45,2.57,0.0628,0.824,0.206
4014,2026-09-11 19:30:00,2026-09-11,19:30,19.5,4,0,231.2,3.75,0.867,0.58,0.0,0.0,23.45,2.88,0.0675,0.9345,0.2336
4015,2026-09-11 19:45:00,2026-09-11,19:45,19.75,4,0,226.31,4.86,1.0999,0.76,0.0,0.0,20.32,4.2,0.0853,1.1852,0.2963
4016,2026-09-11 20:00:00,2026-09-11,20:00,20.0,4,0,228.06,4.99,1.138,0.31,0.0,0.0,19.02,1.27,0.0242,1.1622,0.2905
4017,2026-09-11 20:15:00,2026-09-11,20:15,20.25,4,0,228.79,4.25,0.9724,0.64,0.0,0.0,20.32,1.8,0.0366,1.009,0.2522
4018,2026-09-11 20:30:00,2026-09-11,20:30,20.5,4,0,229.52,4.11,0.9433,0.49,0.0,0.0,23.47,3.11,0.073,1.0163,0.2541
4019,2026-09-11 20:45:00,2026-09-11,20:45,20.75,4,0,228.8,4.36,0.9976,0.11,0.0,0.0,21.84,3.71,0.081,1.0786,0.2697
4020,2026-09-11 21:00:00,2026-09-11,21:00,21.0,4,0,230.33,5.42,1.2484,0.49,0.0,0.0,21.48,3.82,0.082,1.3304,0.3326
4021,2026-09-11 21:15:00,2026-09-11,21:15,21.25,4,0,231.15,4.46,1.0309,0.67,0.0,0.0,21.46,1.91,0.041,1.0719,0.268
4022,2026-09-11 21:30:00,2026-09-11,21:30,21.5,4,0,232.53,3.61,0.8394,0.02,0.0,0.0,24.21,3.95,0.0956,0.935,0.2338
4023,2026-09-11 21:45:00,2026-09-11,21:45,21.75,4,0,229.89,4.75,1.092,0.42,0.0,0.0,27.73,4.86,0.1348,1.2268,0.3067
4024,2026-09-11 22:00:00,2026-09-11,22:00,22.0,4,0,230.23,4.03,0.9278,0.18,0.0,0.0,22.78,3.16,0.072,0.9998,0.25
4025,2026-09-11 22:15:00,2026-09-11,22:15,22.25,4,0,230.1,4.66,1.0723,0.37,0.0,0.0,24.23,4.73,0.1146,1.1869,0.2967
4026,2026-09-11 22:30:00,2026-09-11,22:30,22.5,4,0,227.61,2.9,0.6601,0.28,0.0,0.0,26.17,4.08,0.1068,0.7669,0.1917
4027,2026-09-11 22:45:00,2026-09-11,22:45,22.75,4,0,232.2,4.25,0.9869,0.11,0.0,0.0,25.14,4.3,0.1081,1.095,0.2737
4028,2026-09-11 23:00:00,2026-09-11,23:00,23.0,4,0,229.41,4.0,0.9176,0.53,0.0,0.0,26.5,4.76,0.1261,1.0437,0.2609
4029,2026-09-11 23:15:00,2026-09-11,23:15,23.25,4,0,229.73,2.25,0.5169,0.25,0.0,0.0,22.72,3.37,0.0766,0.5935,0.1484
4030,2026-09-11 23:30:00,2026-09-11,23:30,23.5,4,0,231.57,2.46,0.5697,0.25,0.0,0.0,20.45,2.68,0.0548,0.6245,0.1561
4031,2026-09-11 23:45:00,2026-09-11,23:45,23.75,4,0,236.33,3.53,0.8342,0.27,0.0,0.0,20.03,3.62,0.0725,0.9067,0.2267
4032,2026-09-12 00:00:00,2026-09-12,00:00,0.0,5,1,233.91,4.06,0.9497,0.41,0.0,0.0,19.71,0.7,0.0138,0.9635,0.2409
4033,2026-09-12 00:15:00,2026-09-12,00:15,0.25,5,1,232.06,2.73,0.6335,0.07,0.0,0.0,18.16,1.31,0.0238,0.6573,0.1643
4034,2026-09-12 00:30:00,2026-09-12,00:30,0.5,5,1,229.5,3.29,0.7551,0.12,0.0,0.0,17.37,0.91,0.0158,0.7709,0.1927
4035,2026-09-12 00:45:00,2026-09-12,00:45,0.75,5,1,230.18,3.72,0.8563,0.35,0.0,0.0,18.49,1.07,0.0198,0.8761,0.219
4036,2026-09-12 01:00:00,2026-09-12,01:00,1.0,5,1,234.5,3.96,0.9286,0.41,0.0,0.0,17.87,1.7,0.0304,0.959,0.2397
4037,2026-09-12 01:15:00,2026-09-12,01:15,1.25,5,1,233.76,4.52,1.0566,0.56,0.0,0.0,19.06,0.6,0.0114,1.068,0.267
4038,2026-09-12 01:30:00,2026-09-12,01:30,1.5,5,1,235.35,4.29,1.0096,0.6,0.0,0.0,17.55,1.29,0.0226,1.0322,0.2581
4039,2026-09-12 01:45:00,2026-09-12,01:45,1.75,5,1,234.45,4.82,1.13,0.34,0.0,0.0,18.33,0.82,0.015,1.145,0.2863
4040,2026-09-12 02:00:00,2026-09-12,02:00,2.0,5,1,235.21,6.09,1.4324,0.26,0.0,0.0,15.5,0.0,0.0,1.4324,0.3581
4041,2026-09-12 02:15:00,2026-09-12,02:15,2.25,5,1,234.17,4.45,1.0421,0.42,0.0,0.0,16.7,0.68,0.0114,1.0535,0.2634
4042,2026-09-12 02:30:00,2026-09-12,02:30,2.5,5,1,232.81,4.98,1.1594,0.51,0.0,0.0,20.05,0.14,0.0028,1.1622,0.2905
4043,2026-09-12 02:45:00,2026-09-12,02:45,2.75,5,1,233.74,4.68,1.0939,0.63,0.0,0.0,15.85,0.55,0.0087,1.1026,0.2757
4044,2026-09-12 03:00:00,2026-09-12,03:00,3.0,5,1,234.09,4.15,0.9715,0.34,0.0,0.0,16.74,0.86,0.0144,0.9859,0.2465
4045,2026-09-12 03:15:00,2026-09-12,03:15,3.25,5,1,231.08,4.95,1.1438,0.18,0.0,0.0,18.2,0.72,0.0131,1.1569,0.2892
4046,2026-09-12 03:30:00,2026-09-12,03:30,3.5,5,1,235.75,3.72,0.877,0.25,0.0,0.0,17.24,1.06,0.0183,0.8953,0.2238
4047,2026-09-12 03:45:00,2026-09-12,03:45,3.75,5,1,235.35,5.65,1.3297,0.33,0.0,0.0,17.98,2.23,0.0401,1.3698,0.3424
4048,2026-09-12 04:00:00,2026-09-12,04:00,4.0,5,1,232.13,3.25,0.7544,0.69,0.0,0.0,18.23,1.52,0.0277,0.7821,0.1955
4049,2026-09-12 04:15:00,2026-09-12,04:15,4.25,5,1,232.5,5.55,1.2904,0.37,0.0,0.0,20.76,1.81,0.0376,1.328,0.332
4050,2026-09-12 04:30:00,2026-09-12,04:30,4.5,5,1,234.71,4.18,0.9811,0.55,0.0,0.0,20.48,1.55,0.0317,1.0128,0.2532
4051,2026-09-12 04:45:00,2026-09-12,04:45,4.75,5,1,235.91,3.78,0.8917,0.02,0.0,0.0,20.21,2.0,0.0404,0.9321,0.233
4052,2026-09-12 05:00:00,2026-09-12,05:00,5.0,5,1,234.33,5.4,1.2654,0.58,0.0,0.0,20.99,3.39,0.0712,1.3366,0.3342
4053,2026-09-12 05:15:00,2026-09-12,05:15,5.25,5,1,233.5,4.15,0.969,0.4,0.0,0.0,21.49,2.76,0.0593,1.0283,0.2571
4054,2026-09-12 05:30:00,2026-09-12,05:30,5.5,5,1,233.17,4.15,0.9677,0.24,0.0,0.0,23.6,5.59,0.1319,1.0996,0.2749
4055,2026-09-12 05:45:00,2026-09-12,05:45,5.75,5,1,232.51,4.76,1.1067,0.21,0.0,0.0,24.03,4.09,0.0983,1.205,0.3013
4056,2026-09-12 06:00:00,2026-09-12,06:00,6.0,5,1,232.77,3.09,0.7193,31.13,0.0,0.0,19.7,1.98,0.039,0.7583,0.1896
4057,2026-09-12 06:15:00,2026-09-12,06:15,6.25,5,1,231.58,3.37,0.7804,32.47,0.85,0.0276,22.58,3.16,0.0713,0.8793,0.2198
4058,2026-09-12 06:30:00,2026-09-12,06:30,6.5,5,1,233.94,3.52,0.8235,32.21,2.18,0.0702,25.48,4.03,0.1027,0.9964,0.2491
4059,2026-09-12 06:45:00,2026-09-12,06:45,6.75,5,1,233.51,4.18,0.9761,32.46,1.46,0.0474,22.17,2.79,0.0619,1.0854,0.2713
4060,2026-09-12 07:00:00,2026-09-12,07:00,7.0,5,1,234.33,3.76,0.8811,35.74,3.99,0.1426,22.36,3.14,0.0702,1.0939,0.2735
4061,2026-09-12 07:15:00,2026-09-12,07:15,7.25,5,1,233.63,2.8,0.6542,34.67,3.69,0.1279,22.71,3.07,0.0697,0.8518,0.213
4062,2026-09-12 07:30:00,2026-09-12,07:30,7.5,5,1,233.83,2.74,0.6407,36.4,4.04,0.1471,25.44,4.02,0.1023,0.8901,0.2225
4063,2026-09-12 07:45:00,2026-09-12,07:45,7.75,5,1,234.06,3.83,0.8965,36.09,6.32,0.2281,23.02,3.39,0.078,1.2026,0.3006
4064,2026-09-12 08:00:00,2026-09-12,08:00,8.0,5,1,231.75,3.82,0.8853,38.61,7.45,0.2876,23.24,3.33,0.0774,1.2503,0.3126
4065,2026-09-12 08:15:00,2026-09-12,08:15,8.25,5,1,230.12,2.74,0.6305,39.0,7.7,0.3003,20.38,2.65,0.054,0.9848,0.2462
4066,2026-09-12 08:30:00,2026-09-12,08:30,8.5,5,1,234.36,1.51,0.3539,40.78,8.49,0.3462,19.17,3.86,0.074,0.7741,0.1935
4067,2026-09-12 08:45:00,2026-09-12,08:45,8.75,5,1,233.33,1.6,0.3733,41.43,9.74,0.4035,23.27,3.78,0.088,0.8648,0.2162
4068,2026-09-12 09:00:00,2026-09-12,09:00,9.0,5,1,231.72,2.95,0.6836,41.29,9.95,0.4108,19.72,3.52,0.0694,1.1638,0.2909
4069,2026-09-12 09:15:00,2026-09-12,09:15,9.25,5,1,236.21,2.09,0.4937,41.43,11.22,0.4648,21.43,1.51,0.0324,0.9909,0.2477
4070,2026-09-12 09:30:00,2026-09-12,09:30,9.5,5,1,233.57,2.36,0.5512,42.43,11.62,0.493,21.83,2.88,0.0629,1.1071,0.2768
4071,2026-09-12 09:45:00,2026-09-12,09:45,9.75,5,1,230.86,2.97,0.6856,44.04,11.54,0.5082,21.36,1.13,0.0241,1.2179,0.3045
4072,2026-09-12 10:00:00,2026-09-12,10:00,10.0,5,1,233.36,1.67,0.3897,44.68,11.83,0.5286,20.71,2.02,0.0418,0.9601,0.24
4073,2026-09-12 10:15:00,2026-09-12,10:15,10.25,5,1,231.68,2.16,0.5004,42.73,12.06,0.5153,16.36,1.74,0.0285,1.0442,0.2611
4074,2026-09-12 10:30:00,2026-09-12,10:30,10.5,5,1,230.34,1.64,0.3778,44.16,12.33,0.5445,18.73,0.67,0.0126,0.9349,0.2337
4075,2026-09-12 10:45:00,2026-09-12,10:45,10.75,5,1,231.24,1.4,0.3237,41.25,11.19,0.4616,18.7,2.38,0.0445,0.8298,0.2074
4076,2026-09-12 11:00:00,2026-09-12,11:00,11.0,5,1,230.79,1.33,0.307,42.78,10.09,0.4316,20.24,2.92,0.0591,0.7977,0.1994
4077,2026-09-12 11:15:00,2026-09-12,11:15,11.25,5,1,233.7,2.18,0.5095,41.49,10.01,0.4153,18.82,0.66,0.0124,0.9372,0.2343
4078,2026-09-12 11:30:00,2026-09-12,11:30,11.5,5,1,230.12,1.62,0.3728,42.9,10.91,0.468,21.24,2.32,0.0493,0.8901,0.2225
4079,2026-09-12 11:45:00,2026-09-12,11:45,11.75,5,1,231.55,1.85,0.4284,42.07,10.94,0.4602,19.79,2.71,0.0536,0.9422,0.2356
4080,2026-09-12 12:00:00,2026-09-12,12:00,12.0,5,1,231.25,2.13,0.4926,42.18,11.16,0.4707,21.53,2.02,0.0435,1.0068,0.2517
4081,2026-09-12 12:15:00,2026-09-12,12:15,12.25,5,1,229.91,2.15,0.4943,42.33,12.21,0.5169,22.69,3.78,0.0858,1.097,0.2742
4082,2026-09-12 12:30:00,2026-09-12,12:30,12.5,5,1,229.55,2.41,0.5532,43.75,12.2,0.5337,20.02,2.34,0.0469,1.1338,0.2834
4083,2026-09-12 12:45:00,2026-09-12,12:45,12.75,5,1,229.71,2.98,0.6845,45.3,12.28,0.5563,22.92,4.11,0.0942,1.335,0.3337
4084,2026-09-12 13:00:00,2026-09-12,13:00,13.0,5,1,233.95,3.12,0.7299,44.97,13.21,0.594,26.0,4.52,0.1175,1.4414,0.3604
4085,2026-09-12 13:15:00,2026-09-12,13:15,13.25,5,1,229.78,2.25,0.517,43.35,13.05,0.5657,24.79,3.41,0.0845,1.1672,0.2918
4086,2026-09-12 13:30:00,2026-09-12,13:30,13.5,5,1,230.21,1.55,0.3568,46.13,12.62,0.5822,25.85,5.31,0.1373,1.0763,0.2691
4087,2026-09-12 13:45:00,2026-09-12,13:45,13.75,5,1,229.79,2.32,0.5331,45.2,13.72,0.6201,25.74,4.92,0.1266,1.2798,0.32
4088,2026-09-12 14:00:00,2026-09-12,14:00,14.0,5,1,229.57,2.21,0.5073,45.55,13.64,0.6213,28.26,5.64,0.1594,1.288,0.322
4089,2026-09-12 14:15:00,2026-09-12,14:15,14.25,5,1,229.3,3.22,0.7384,45.05,12.9,0.5811,30.55,7.8,0.2383,1.5578,0.3895
4090,2026-09-12 14:30:00,2026-09-12,14:30,14.5,5,1,228.17,2.75,0.6275,43.79,12.55,0.5496,26.87,5.28,0.1419,1.319,0.3297
4091,2026-09-12 14:45:00,2026-09-12,14:45,14.75,5,1,229.41,2.83,0.6492,42.9,12.55,0.5384,31.78,8.57,0.2724,1.46,0.365
4092,2026-09-12 15:00:00,2026-09-12,15:00,15.0,5,1,230.03,2.45,0.5636,42.42,11.44,0.4853,25.99,4.98,0.1294,1.1783,0.2946
4093,2026-09-12 15:15:00,2026-09-12,15:15,15.25,5,1,225.04,3.69,0.8304,40.1,10.33,0.4142,32.69,8.01,0.2619,1.5065,0.3766
4094,2026-09-12 15:30:00,2026-09-12,15:30,15.5,5,1,228.51,3.08,0.7038,41.48,7.78,0.3227,29.63,6.42,0.1902,1.2167,0.3042
4095,2026-09-12 15:45:00,2026-09-12,15:45,15.75,5,1,229.27,3.41,0.7818,39.56,7.89,0.3121,38.6,10.54,0.4068,1.5007,0.3752
4096,2026-09-12 16:00:00,2026-09-12,16:00,16.0,5,1,227.89,3.75,0.8546,39.36,7.24,0.285,31.05,6.52,0.2024,1.342,0.3355
4097,2026-09-12 16:15:00,2026-09-12,16:15,16.25,5,1,231.22,3.65,0.844,37.62,6.79,0.2554,31.22,6.71,0.2095,1.3089,0.3272
4098,2026-09-12 16:30:00,2026-09-12,16:30,16.5,5,1,228.62,3.32,0.759,36.68,5.03,0.1845,28.96,7.18,0.2079,1.1514,0.2878
4099,2026-09-12 16:45:00,2026-09-12,16:45,16.75,5,1,229.05,2.94,0.6734,36.49,4.24,0.1547,29.88,4.88,0.1458,0.9739,0.2435
4100,2026-09-12 17:00:00,2026-09-12,17:00,17.0,5,1,228.52,3.61,0.825,35.32,3.36,0.1187,29.8,6.73,0.2006,1.1443,0.2861
4101,2026-09-12 17:15:00,2026-09-12,17:15,17.25,5,1,227.2,3.95,0.8974,33.58,3.09,0.1038,27.67,5.99,0.1657,1.1669,0.2917
4102,2026-09-12 17:30:00,2026-09-12,17:30,17.5,5,1,226.11,3.68,0.8321,34.62,2.22,0.0769,25.04,4.88,0.1222,1.0312,0.2578
4103,2026-09-12 17:45:00,2026-09-12,17:45,17.75,5,1,229.0,4.11,0.9412,35.59,2.09,0.0744,29.68,5.69,0.1689,1.1845,0.2961
4104,2026-09-12 18:00:00,2026-09-12,18:00,18.0,5,1,224.17,4.45,0.9976,32.97,1.4,0.0462,28.1,6.87,0.193,1.2368,0.3092
4105,2026-09-12 18:15:00,2026-09-12,18:15,18.25,5,1,224.96,4.26,0.9583,33.37,0.97,0.0324,21.85,3.46,0.0756,1.0663,0.2666
4106,2026-09-12 18:30:00,2026-09-12,18:30,18.5,5,1,229.52,3.92,0.8997,33.53,0.6,0.0201,26.63,5.77,0.1537,1.0735,0.2684
4107,2026-09-12 18:45:00,2026-09-12,18:45,18.75,5,1,224.54,4.14,0.9296,0.23,0.0,0.0,23.83,3.01,0.0717,1.0013,0.2503
4108,2026-09-12 19:00:00,2026-09-12,19:00,19.0,5,1,229.32,3.75,0.8599,0.15,0.0,0.0,19.98,3.92,0.0783,0.9382,0.2346
4109,2026-09-12 19:15:00,2026-09-12,19:15,19.25,5,1,228.08,5.42,1.2362,0.2,0.0,0.0,26.99,5.66,0.1528,1.389,0.3473
4110,2026-09-12 19:30:00,2026-09-12,19:30,19.5,5,1,227.29,4.14,0.941,0.22,0.0,0.0,17.41,0.0,0.0,0.941,0.2352
4111,2026-09-12 19:45:00,2026-09-12,19:45,19.75,5,1,226.28,5.3,1.1993,0.51,0.0,0.0,24.0,3.91,0.0938,1.2931,0.3233
4112,2026-09-12 20:00:00,2026-09-12,20:00,20.0,5,1,228.57,4.67,1.0674,0.04,0.0,0.0,23.04,2.54,0.0585,1.1259,0.2815
4113,2026-09-12 20:15:00,2026-09-12,20:15,20.25,5,1,228.95,5.38,1.2317,0.13,0.0,0.0,24.05,5.11,0.1229,1.3546,0.3387
4114,2026-09-12 20:30:00,2026-09-12,20:30,20.5,5,1,228.95,4.9,1.1219,0.07,0.0,0.0,30.11,6.86,0.2066,1.3285,0.3321
4115,2026-09-12 20:45:00,2026-09-12,20:45,20.75,5,1,225.89,3.61,0.8155,0.09,0.0,0.0,21.14,4.27,0.0903,0.9058,0.2265
4116,2026-09-12 21:00:00,2026-09-12,21:00,21.0,5,1,229.58,5.42,1.2443,0.11,0.0,0.0,26.42,4.73,0.125,1.3693,0.3423
4117,2026-09-12 21:15:00,2026-09-12,21:15,21.25,5,1,227.08,4.26,0.9674,0.5,0.0,0.0,21.67,3.39,0.0735,1.0409,0.2602
4118,2026-09-12 21:30:00,2026-09-12,21:30,21.5,5,1,229.96,4.09,0.9405,0.36,0.0,0.0,22.21,3.2,0.0711,1.0116,0.2529
4119,2026-09-12 21:45:00,2026-09-12,21:45,21.75,5,1,226.64,3.15,0.7139,0.41,0.0,0.0,28.23,6.11,0.1725,0.8864,0.2216
4120,2026-09-12 22:00:00,2026-09-12,22:00,22.0,5,1,222.58,4.93,1.0973,0.72,0.0,0.0,32.18,8.44,0.2716,1.3689,0.3422
4121,2026-09-12 22:15:00,2026-09-12,22:15,22.25,5,1,223.98,4.59,1.0281,0.05,0.0,0.0,30.99,7.92,0.2454,1.2735,0.3184
4122,2026-09-12 22:30:00,2026-09-12,22:30,22.5,5,1,223.99,3.51,0.7862,0.56,0.0,0.0,36.8,9.71,0.3573,1.1435,0.2859
4123,2026-09-12 22:45:00,2026-09-12,22:45,22.75,5,1,228.78,3.18,0.7275,0.34,0.0,0.0,36.26,9.44,0.3423,1.0698,0.2675
4124,2026-09-12 23:00:00,2026-09-12,23:00,23.0,5,1,228.26,4.31,0.9838,0.57,0.0,0.0,37.15,11.5,0.4272,1.411,0.3528
4125,2026-09-12 23:15:00,2026-09-12,23:15,23.25,5,1,226.16,4.15,0.9386,0.6,0.0,0.0,30.41,7.71,0.2345,1.1731,0.2933
4126,2026-09-12 23:30:00,2026-09-12,23:30,23.5,5,1,224.8,1.89,0.4249,0.26,0.0,0.0,38.81,11.24,0.4362,0.8611,0.2153
4127,2026-09-12 23:45:00,2026-09-12,23:45,23.75,5,1,224.77,3.87,0.8699,0.72,0.0,0.0,36.6,10.44,0.3821,1.252,0.313
4128,2026-09-13 00:00:00,2026-09-13,00:00,0.0,6,1,227.12,2.57,0.5837,0.1,0.0,0.0,29.93,7.59,0.2272,0.8109,0.2027
4129,2026-09-13 00:15:00,2026-09-13,00:15,0.25,6,1,227.74,3.28,0.747,0.67,0.0,0.0,30.49,7.01,0.2137,0.9607,0.2402
4130,2026-09-13 00:30:00,2026-09-13,00:30,0.5,6,1,223.49,3.65,0.8157,0.46,0.0,0.0,27.95,5.05,0.1411,0.9568,0.2392
4131,2026-09-13 00:45:00,2026-09-13,00:45,0.75,6,1,227.44,4.44,1.0098,0.07,0.0,0.0,27.9,6.64,0.1853,1.1951,0.2988
4132,2026-09-13 01:00:00,2026-09-13,01:00,1.0,6,1,225.88,4.19,0.9464,0.24,0.0,0.0,34.88,8.96,0.3125,1.2589,0.3147
4133,2026-09-13 01:15:00,2026-09-13,01:15,1.25,6,1,228.71,3.88,0.8874,0.13,0.0,0.0,26.72,5.93,0.1584,1.0458,0.2615
4134,2026-09-13 01:30:00,2026-09-13,01:30,1.5,6,1,227.44,4.08,0.928,0.77,0.0,0.0,27.22,6.01,0.1636,1.0916,0.2729
4135,2026-09-13 01:45:00,2026-09-13,01:45,1.75,6,1,228.09,5.65,1.2887,0.28,0.0,0.0,30.1,6.83,0.2056,1.4943,0.3736
4136,2026-09-13 02:00:00,2026-09-13,02:00,2.0,6,1,230.35,3.72,0.8569,0.28,0.0,0.0,22.99,3.49,0.0802,0.9371,0.2343
4137,2026-09-13 02:15:00,2026-09-13,02:15,2.25,6,1,229.44,3.81,0.8742,0.79,0.0,0.0,19.1,1.54,0.0294,0.9036,0.2259
4138,2026-09-13 02:30:00,2026-09-13,02:30,2.5,6,1,227.33,5.1,1.1594,0.19,0.0,0.0,27.78,6.13,0.1703,1.3297,0.3324
4139,2026-09-13 02:45:00,2026-09-13,02:45,2.75,6,1,227.66,3.67,0.8355,0.52,0.0,0.0,22.51,1.82,0.041,0.8765,0.2191
4140,2026-09-13 03:00:00,2026-09-13,03:00,3.0,6,1,225.93,4.61,1.0415,0.21,0.0,0.0,27.78,5.42,0.1506,1.1921,0.298
4141,2026-09-13 03:15:00,2026-09-13,03:15,3.25,6,1,226.83,5.87,1.3315,0.04,0.0,0.0,20.49,2.61,0.0535,1.385,0.3463
4142,2026-09-13 03:30:00,2026-09-13,03:30,3.5,6,1,227.62,4.67,1.063,0.42,0.0,0.0,16.44,0.42,0.0069,1.0699,0.2675
4143,2026-09-13 03:45:00,2026-09-13,03:45,3.75,6,1,227.14,5.1,1.1584,0.16,0.0,0.0,17.03,1.85,0.0315,1.1899,0.2975
4144,2026-09-13 04:00:00,2026-09-13,04:00,4.0,6,1,230.38,6.14,1.4145,0.34,0.0,0.0,20.4,1.47,0.03,1.4445,0.3611
4145,2026-09-13 04:15:00,2026-09-13,04:15,4.25,6,1,231.04,5.42,1.2522,0.66,0.0,0.0,19.89,2.4,0.0477,1.2999,0.325
4146,2026-09-13 04:30:00,2026-09-13,04:30,4.5,6,1,226.31,5.28,1.1949,0.43,0.0,0.0,25.82,4.77,0.1232,1.3181,0.3295
4147,2026-09-13 04:45:00,2026-09-13,04:45,4.75,6,1,232.11,4.56,1.0584,0.5,0.0,0.0,22.38,1.99,0.0445,1.1029,0.2757
4148,2026-09-13 05:00:00,2026-09-13,05:00,5.0,6,1,229.83,4.38,1.0067,0.45,0.0,0.0,17.51,0.47,0.0082,1.0149,0.2537
4149,2026-09-13 05:15:00,2026-09-13,05:15,5.25,6,1,230.26,5.24,1.2066,0.21,0.0,0.0,21.53,3.15,0.0678,1.2744,0.3186
4150,2026-09-13 05:30:00,2026-09-13,05:30,5.5,6,1,231.14,3.87,0.8945,0.77,0.0,0.0,25.52,4.61,0.1177,1.0122,0.253
4151,2026-09-13 05:45:00,2026-09-13,05:45,5.75,6,1,230.4,3.68,0.8479,0.25,0.0,0.0,26.88,6.82,0.1833,1.0312,0.2578
4152,2026-09-13 06:00:00,2026-09-13,06:00,6.0,6,1,227.88,4.65,1.0596,31.45,0.52,0.0163,24.16,4.32,0.1044,1.1803,0.2951
4153,2026-09-13 06:15:00,2026-09-13,06:15,6.25,6,1,233.46,3.7,0.8638,31.87,0.64,0.0204,19.92,3.17,0.0631,0.9473,0.2368
4154,2026-09-13 06:30:00,2026-09-13,06:30,6.5,6,1,232.59,4.21,0.9792,32.63,0.48,0.0157,34.73,8.29,0.2879,1.2828,0.3207
4155,2026-09-13 06:45:00,2026-09-13,06:45,6.75,6,1,230.34,3.13,0.721,33.38,0.47,0.0157,25.15,5.11,0.1285,0.8652,0.2163
4156,2026-09-13 07:00:00,2026-09-13,07:00,7.0,6,1,234.4,3.88,0.9095,33.71,1.87,0.063,32.69,9.08,0.2968,1.2693,0.3173
4157,2026-09-13 07:15:00,2026-09-13,07:15,7.25,6,1,233.79,3.78,0.8837,33.66,1.93,0.065,31.21,8.86,0.2765,1.2252,0.3063
4158,2026-09-13 07:30:00,2026-09-13,07:30,7.5,6,1,234.23,4.1,0.9603,34.06,1.91,0.065,31.75,8.28,0.2629,1.2882,0.3221
4159,2026-09-13 07:45:00,2026-09-13,07:45,7.75,6,1,232.97,3.89,0.9062,33.51,2.56,0.0858,32.47,7.67,0.249,1.241,0.3103
4160,2026-09-13 08:00:00,2026-09-13,08:00,8.0,6,1,232.26,4.54,1.0545,34.49,2.29,0.079,36.32,11.45,0.4159,1.5494,0.3874
4161,2026-09-13 08:15:00,2026-09-13,08:15,8.25,6,1,231.69,2.36,0.5468,33.01,2.23,0.0736,37.65,11.25,0.4236,1.044,0.261
4162,2026-09-13 08:30:00,2026-09-13,08:30,8.5,6,1,232.87,3.63,0.8453,33.99,1.57,0.0534,30.46,6.9,0.2102,1.1089,0.2772
4163,2026-09-13 08:45:00,2026-09-13,08:45,8.75,6,1,231.82,3.47,0.8044,33.39,3.47,0.1159,32.2,8.64,0.2782,1.1985,0.2996
4164,2026-09-13 09:00:00,2026-09-13,09:00,9.0,6,1,235.72,2.04,0.4809,34.35,2.7,0.0927,39.4,12.07,0.4756,1.0492,0.2623
4165,2026-09-13 09:15:00,2026-09-13,09:15,9.25,6,1,233.36,2.33,0.5437,34.72,4.25,0.1476,43.96,13.67,0.6009,1.2922,0.3231
4166,2026-09-13 09:30:00,2026-09-13,09:30,9.5,6,1,233.34,1.0,0.2333,35.48,4.62,0.1639,34.73,9.48,0.3292,0.7264,0.1816
4167,2026-09-13 09:45:00,2026-09-13,09:45,9.75,6,1,231.83,2.29,0.5309,36.09,4.36,0.1573,38.66,10.04,0.3881,1.0763,0.2691
4168,2026-09-13 10:00:00,2026-09-13,10:00,10.0,6,1,233.79,3.1,0.7248,37.47,4.51,0.169,33.19,8.19,0.2718,1.1656,0.2914
4169,2026-09-13 10:15:00,2026-09-13,10:15,10.25,6,1,234.5,2.52,0.5909,35.82,5.22,0.187,34.52,8.47,0.2924,1.0703,0.2676
4170,2026-09-13 10:30:00,2026-09-13,10:30,10.5,6,1,234.71,2.21,0.5187,36.5,4.72,0.1723,33.11,8.75,0.2897,0.9807,0.2452
4171,2026-09-13 10:45:00,2026-09-13,10:45,10.75,6,1,233.08,2.08,0.4848,37.78,4.71,0.1779,26.71,5.6,0.1496,0.8123,0.2031
4172,2026-09-13 11:00:00,2026-09-13,11:00,11.0,6,1,230.22,2.57,0.5917,37.52,5.67,0.2127,31.98,7.88,0.252,1.0564,0.2641
4173,2026-09-13 11:15:00,2026-09-13,11:15,11.25,6,1,233.83,1.81,0.4232,38.29,6.15,0.2355,33.58,8.98,0.3015,0.9602,0.2401
4174,2026-09-13 11:30:00,2026-09-13,11:30,11.5,6,1,233.69,1.94,0.4534,37.97,5.72,0.2172,24.69,4.18,0.1032,0.7738,0.1935
4175,2026-09-13 11:45:00,2026-09-13,11:45,11.75,6,1,236.59,1.7,0.4022,36.82,5.89,0.2169,25.15,5.77,0.1451,0.7642,0.191
4176,2026-09-13 12:00:00,2026-09-13,12:00,12.0,6,1,235.17,1.87,0.4398,37.19,5.14,0.1912,22.47,4.32,0.0971,0.7281,0.182
4177,2026-09-13 12:15:00,2026-09-13,12:15,12.25,6,1,234.1,2.77,0.6485,35.7,5.35,0.191,27.12,5.27,0.1429,0.9824,0.2456
4178,2026-09-13 12:30:00,2026-09-13,12:30,12.5,6,1,232.28,1.42,0.3298,35.21,5.27,0.1856,26.69,5.61,0.1497,0.6651,0.1663
4179,2026-09-13 12:45:00,2026-09-13,12:45,12.75,6,1,234.99,1.59,0.3736,34.77,5.61,0.1951,22.2,4.02,0.0892,0.6579,0.1645
4180,2026-09-13 13:00:00,2026-09-13,13:00,13.0,6,1,234.35,2.79,0.6538,36.81,4.88,0.1796,21.83,3.73,0.0814,0.9148,0.2287
4181,2026-09-13 13:15:00,2026-09-13,13:15,13.25,6,1,233.92,1.28,0.2994,35.64,3.8,0.1354,28.42,5.65,0.1606,0.5954,0.1489
4182,2026-09-13 13:30:00,2026-09-13,13:30,13.5,6,1,234.61,2.0,0.4692,35.72,3.65,0.1304,28.5,6.27,0.1787,0.7783,0.1946
4183,2026-09-13 13:45:00,2026-09-13,13:45,13.75,6,1,233.54,2.06,0.4811,36.27,3.63,0.1317,17.22,0.64,0.011,0.6238,0.156
4184,2026-09-13 14:00:00,2026-09-13,14:00,14.0,6,1,233.4,2.07,0.4831,35.4,3.2,0.1133,31.36,7.58,0.2377,0.8341,0.2085
4185,2026-09-13 14:15:00,2026-09-13,14:15,14.25,6,1,231.64,2.66,0.6162,35.29,3.56,0.1256,25.04,2.79,0.0699,0.8117,0.2029
4186,2026-09-13 14:30:00,2026-09-13,14:30,14.5,6,1,232.05,2.6,0.6033,36.23,3.72,0.1348,28.9,5.2,0.1503,0.8884,0.2221
4187,2026-09-13 14:45:00,2026-09-13,14:45,14.75,6,1,233.95,2.19,0.5123,35.01,4.68,0.1638,26.67,5.83,0.1555,0.8316,0.2079
4188,2026-09-13 15:00:00,2026-09-13,15:00,15.0,6,1,231.36,2.63,0.6085,35.1,4.07,0.1429,37.03,10.09,0.3736,1.125,0.2812
4189,2026-09-13 15:15:00,2026-09-13,15:15,15.25,6,1,233.61,3.97,0.9274,36.05,3.74,0.1348,23.64,4.26,0.1007,1.1629,0.2907
4190,2026-09-13 15:30:00,2026-09-13,15:30,15.5,6,1,235.06,3.99,0.9379,35.05,3.56,0.1248,33.63,8.12,0.2731,1.3358,0.334
4191,2026-09-13 15:45:00,2026-09-13,15:45,15.75,6,1,234.17,2.96,0.6931,34.92,4.21,0.147,36.96,9.78,0.3615,1.2016,0.3004
4192,2026-09-13 16:00:00,2026-09-13,16:00,16.0,6,1,234.55,2.63,0.6169,34.59,3.95,0.1366,35.83,9.38,0.3361,1.0896,0.2724
4193,2026-09-13 16:15:00,2026-09-13,16:15,16.25,6,1,234.42,4.83,1.1322,35.57,3.01,0.1071,43.59,13.14,0.5728,1.8121,0.453
4194,2026-09-13 16:30:00,2026-09-13,16:30,16.5,6,1,235.13,3.54,0.8324,33.64,2.77,0.0932,40.18,11.23,0.4512,1.3768,0.3442
4195,2026-09-13 16:45:00,2026-09-13,16:45,16.75,6,1,235.33,5.9,1.3884,34.07,2.26,0.077,33.65,8.28,0.2786,1.744,0.436
4196,2026-09-13 17:00:00,2026-09-13,17:00,17.0,6,1,230.19,3.94,0.907,32.82,1.45,0.0476,40.69,12.76,0.5192,1.4738,0.3684
4197,2026-09-13 17:15:00,2026-09-13,17:15,17.25,6,1,231.76,3.94,0.9131,34.32,1.5,0.0515,43.34,13.24,0.5738,1.5384,0.3846
4198,2026-09-13 17:30:00,2026-09-13,17:30,17.5,6,1,230.28,3.03,0.6977,32.31,0.48,0.0155,38.18,10.45,0.399,1.1122,0.2781
4199,2026-09-13 17:45:00,2026-09-13,17:45,17.75,6,1,231.35,3.81,0.8814,32.87,1.0,0.0329,37.07,9.92,0.3677,1.282,0.3205
4200,2026-09-13 18:00:00,2026-09-13,18:00,18.0,6,1,232.41,4.37,1.0156,31.46,1.27,0.0399,40.0,12.41,0.4964,1.5519,0.388
4201,2026-09-13 18:15:00,2026-09-13,18:15,18.25,6,1,229.61,3.37,0.7738,32.73,0.87,0.0285,41.84,11.51,0.4816,1.2839,0.321
4202,2026-09-13 18:30:00,2026-09-13,18:30,18.5,6,1,230.86,4.09,0.9442,32.82,0.25,0.0082,42.14,12.58,0.5301,1.4825,0.3706
4203,2026-09-13 18:45:00,2026-09-13,18:45,18.75,6,1,233.71,4.63,1.0821,0.52,0.0,0.0,38.13,12.55,0.4785,1.5606,0.3901
4204,2026-09-13 19:00:00,2026-09-13,19:00,19.0,6,1,230.29,5.21,1.1998,0.03,0.0,0.0,36.16,9.25,0.3345,1.5343,0.3836
4205,2026-09-13 19:15:00,2026-09-13,19:15,19.25,6,1,230.07,4.29,0.987,0.34,0.0,0.0,35.66,9.12,0.3252,1.3122,0.3281
4206,2026-09-13 19:30:00,2026-09-13,19:30,19.5,6,1,230.88,4.51,1.0413,0.54,0.0,0.0,27.41,5.48,0.1502,1.1915,0.2979
4207,2026-09-13 19:45:00,2026-09-13,19:45,19.75,6,1,229.38,6.21,1.4244,0.0,0.0,0.0,30.23,7.03,0.2125,1.6369,0.4092
4208,2026-09-13 20:00:00,2026-09-13,20:00,20.0,6,1,226.78,4.19,0.9502,0.67,0.0,0.0,32.41,8.13,0.2635,1.2137,0.3034
4209,2026-09-13 20:15:00,2026-09-13,20:15,20.25,6,1,228.7,2.95,0.6747,0.5,0.0,0.0,22.29,2.9,0.0646,0.7393,0.1848
4210,2026-09-13 20:30:00,2026-09-13,20:30,20.5,6,1,231.56,4.69,1.086,0.0,0.0,0.0,23.71,3.76,0.0892,1.1752,0.2938
4211,2026-09-13 20:45:00,2026-09-13,20:45,20.75,6,1,229.81,4.07,0.9353,0.56,0.0,0.0,20.81,3.38,0.0703,1.0056,0.2514
4212,2026-09-13 21:00:00,2026-09-13,21:00,21.0,6,1,224.32,3.68,0.8255,0.55,0.0,0.0,31.21,7.04,0.2197,1.0452,0.2613
4213,2026-09-13 21:15:00,2026-09-13,21:15,21.25,6,1,231.09,3.88,0.8966,0.27,0.0,0.0,21.98,3.94,0.0866,0.9832,0.2458
4214,2026-09-13 21:30:00,2026-09-13,21:30,21.5,6,1,228.18,4.06,0.9264,0.68,0.0,0.0,22.36,1.95,0.0436,0.97,0.2425
4215,2026-09-13 21:45:00,2026-09-13,21:45,21.75,6,1,230.23,3.41,0.7851,0.01,0.0,0.0,23.73,3.6,0.0854,0.8705,0.2176
4216,2026-09-13 22:00:00,2026-09-13,22:00,22.0,6,1,226.84,4.5,1.0208,0.71,0.0,0.0,17.63,1.1,0.0194,1.0402,0.2601
4217,2026-09-13 22:15:00,2026-09-13,22:15,22.25,6,1,227.12,3.81,0.8653,0.69,0.0,0.0,22.83,3.15,0.0719,0.9372,0.2343
4218,2026-09-13 22:30:00,2026-09-13,22:30,22.5,6,1,228.2,3.15,0.7188,0.18,0.0,0.0,19.2,1.28,0.0246,0.7434,0.1858
4219,2026-09-13 22:45:00,2026-09-13,22:45,22.75,6,1,225.26,3.32,0.7479,0.13,0.0,0.0,28.65,6.75,0.1934,0.9413,0.2353
4220,2026-09-13 23:00:00,2026-09-13,23:00,23.0,6,1,228.32,3.42,0.7809,0.26,0.0,0.0,19.99,3.44,0.0688,0.8497,0.2124
4221,2026-09-13 23:15:00,2026-09-13,23:15,23.25,6,1,224.46,2.37,0.532,0.72,0.0,0.0,26.98,4.12,0.1112,0.6432,0.1608
4222,2026-09-13 23:30:00,2026-09-13,23:30,23.5,6,1,226.22,1.88,0.4253,0.19,0.0,0.0,34.88,7.02,0.2449,0.6702,0.1676
4223,2026-09-13 23:45:00,2026-09-13,23:45,23.75,6,1,232.41,2.86,0.6647,0.52,0.0,0.0,35.27,8.41,0.2966,0.9613,0.2403
4224,2026-09-14 00:00:00,2026-09-14,00:00,0.0,0,0,227.53,2.92,0.6644,0.45,0.0,0.0,33.94,7.68,0.2607,0.9251,0.2313
4225,2026-09-14 00:15:00,2026-09-14,00:15,0.25,0,0,226.76,3.99,0.9048,0.06,0.0,0.0,32.72,8.92,0.2919,1.1967,0.2992
4226,2026-09-14 00:30:00,2026-09-14,00:30,0.5,0,0,228.73,4.65,1.0636,0.69,0.0,0.0,35.69,9.61,0.343,1.4066,0.3517
4227,2026-09-14 00:45:00,2026-09-14,00:45,0.75,0,0,225.35,3.86,0.8699,0.63,0.0,0.0,37.04,10.36,0.3837,1.2536,0.3134
4228,2026-09-14 01:00:00,2026-09-14,01:00,1.0,0,0,227.4,4.48,1.0188,0.19,0.0,0.0,44.77,14.43,0.646,1.6648,0.4162
4229,2026-09-14 01:15:00,2026-09-14,01:15,1.25,0,0,224.62,3.89,0.8738,0.54,0.0,0.0,37.33,10.45,0.3901,1.2639,0.316
4230,2026-09-14 01:30:00,2026-09-14,01:30,1.5,0,0,227.25,4.59,1.0431,0.4,0.0,0.0,35.45,9.57,0.3393,1.3824,0.3456
4231,2026-09-14 01:45:00,2026-09-14,01:45,1.75,0,0,226.95,2.39,0.5424,0.38,0.0,0.0,39.55,10.58,0.4184,0.9608,0.2402
4232,2026-09-14 02:00:00,2026-09-14,02:00,2.0,0,0,224.96,4.51,1.0146,0.24,0.0,0.0,41.49,14.01,0.5813,1.5959,0.399
4233,2026-09-14 02:15:00,2026-09-14,02:15,2.25,0,0,226.58,4.69,1.0627,0.71,0.0,0.0,41.01,13.33,0.5467,1.6094,0.4023
4234,2026-09-14 02:30:00,2026-09-14,02:30,2.5,0,0,226.89,3.47,0.7873,0.55,0.0,0.0,43.81,13.97,0.612,1.3993,0.3498
4235,2026-09-14 02:45:00,2026-09-14,02:45,2.75,0,0,227.14,5.38,1.222,0.02,0.0,0.0,38.37,12.32,0.4727,1.6947,0.4237
4236,2026-09-14 03:00:00,2026-09-14,03:00,3.0,0,0,225.58,5.16,1.164,0.51,0.0,0.0,35.07,9.4,0.3297,1.4937,0.3734
4237,2026-09-14 03:15:00,2026-09-14,03:15,3.25,0,0,225.66,4.34,0.9794,0.38,0.0,0.0,36.52,9.49,0.3466,1.326,0.3315
4238,2026-09-14 03:30:00,2026-09-14,03:30,3.5,0,0,228.0,4.28,0.9758,0.47,0.0,0.0,37.29,10.6,0.3953,1.3711,0.3428
4239,2026-09-14 03:45:00,2026-09-14,03:45,3.75,0,0,224.76,3.83,0.8608,0.12,0.0,0.0,30.09,6.73,0.2025,1.0633,0.2658
4240,2026-09-14 04:00:00,2026-09-14,04:00,4.0,0,0,227.05,4.97,1.1284,0.6,0.0,0.0,39.55,11.11,0.4394,1.5678,0.392
4241,2026-09-14 04:15:00,2026-09-14,04:15,4.25,0,0,229.07,3.82,0.875,0.54,0.0,0.0,28.58,6.47,0.1849,1.0599,0.265
4242,2026-09-14 04:30:00,2026-09-14,04:30,4.5,0,0,226.8,4.92,1.1159,0.5,0.0,0.0,32.0,7.04,0.2253,1.3412,0.3353
4243,2026-09-14 04:45:00,2026-09-14,04:45,4.75,0,0,224.78,5.24,1.1778,0.06,0.0,0.0,31.18,6.99,0.2179,1.3957,0.3489
4244,2026-09-14 05:00:00,2026-09-14,05:00,5.0,0,0,223.56,3.99,0.892,0.16,0.0,0.0,25.84,5.96,0.154,1.046,0.2615
4245,2026-09-14 05:15:00,2026-09-14,05:15,5.25,0,0,227.74,4.7,1.0704,0.76,0.0,0.0,34.88,8.59,0.2996,1.37,0.3425
4246,2026-09-14 05:30:00,2026-09-14,05:30,5.5,0,0,224.81,5.25,1.1803,0.09,0.0,0.0,22.2,2.82,0.0626,1.2429,0.3107
4247,2026-09-14 05:45:00,2026-09-14,05:45,5.75,0,0,222.78,4.68,1.0426,0.47,0.0,0.0,23.5,5.08,0.1194,1.162,0.2905
4248,2026-09-14 06:00:00,2026-09-14,06:00,6.0,0,0,225.14,5.49,1.236,31.75,0.52,0.0165,16.09,0.56,0.009,1.2615,0.3154
4249,2026-09-14 06:15:00,2026-09-14,06:15,6.25,0,0,222.65,4.52,1.0064,32.93,0.21,0.0069,23.89,2.16,0.0516,1.0649,0.2662
4250,2026-09-14 06:30:00,2026-09-14,06:30,6.5,0,0,224.09,3.74,0.8381,33.44,1.46,0.0488,27.15,5.64,0.1531,1.04,0.26
4251,2026-09-14 06:45:00,2026-09-14,06:45,6.75,0,0,223.97,3.94,0.8824,33.99,3.07,0.1043,23.04,4.38,0.1009,1.0876,0.2719
4252,2026-09-14 07:00:00,2026-09-14,07:00,7.0,0,0,227.59,3.13,0.7124,34.85,3.11,0.1084,29.01,6.73,0.1952,1.016,0.254
4253,2026-09-14 07:15:00,2026-09-14,07:15,7.25,0,0,225.79,3.79,0.8557,37.12,4.09,0.1518,23.32,3.96,0.0923,1.0998,0.275
4254,2026-09-14 07:30:00,2026-09-14,07:30,7.5,0,0,226.2,2.67,0.604,38.12,4.89,0.1864,29.09,6.37,0.1853,0.9757,0.2439
4255,2026-09-14 07:45:00,2026-09-14,07:45,7.75,0,0,229.6,1.68,0.3857,37.88,5.78,0.2189,17.21,1.32,0.0227,0.6273,0.1568
4256,2026-09-14 08:00:00,2026-09-14,08:00,8.0,0,0,225.75,12.13,2.7384,38.78,7.12,0.2761,26.97,5.22,0.1408,3.1553,0.7888
4257,2026-09-14 08:15:00,2026-09-14,08:15,8.25,0,0,225.66,12.44,2.8072,39.27,7.95,0.3122,32.33,7.33,0.237,3.3564,0.8391
4258,2026-09-14 08:30:00,2026-09-14,08:30,8.5,0,0,228.7,12.37,2.829,40.59,8.64,0.3507,29.94,6.26,0.1874,3.3671,0.8418
4259,2026-09-14 08:45:00,2026-09-14,08:45,8.75,0,0,227.42,12.87,2.9269,41.67,9.21,0.3838,40.56,10.8,0.438,3.7487,0.9372
4260,2026-09-14 09:00:00,2026-09-14,09:00,9.0,0,0,225.39,10.9,2.4567,40.31,9.81,0.3954,33.71,7.89,0.266,3.1181,0.7795
4261,2026-09-14 09:15:00,2026-09-14,09:15,9.25,0,0,226.05,12.7,2.8708,40.69,9.69,0.3943,37.63,11.45,0.4309,3.696,0.924
4262,2026-09-14 09:30:00,2026-09-14,09:30,9.5,0,0,225.76,12.96,2.9259,40.08,10.86,0.4353,41.27,11.25,0.4643,3.8255,0.9564
4263,2026-09-14 09:45:00,2026-09-14,09:45,9.75,0,0,224.28,13.49,3.0255,39.88,10.47,0.4175,43.49,14.63,0.6363,4.0793,1.0198
4264,2026-09-14 10:00:00,2026-09-14,10:00,10.0,0,0,224.65,14.0,3.1451,43.1,10.06,0.4336,46.2,15.07,0.6962,4.2749,1.0687
4265,2026-09-14 10:15:00,2026-09-14,10:15,10.25,0,0,225.61,14.45,3.2601,41.0,10.2,0.4182,36.86,10.08,0.3715,4.0498,1.0125
4266,2026-09-14 10:30:00,2026-09-14,10:30,10.5,0,0,225.37,13.57,3.0583,42.24,9.35,0.3949,34.04,10.3,0.3506,3.8038,0.9509
4267,2026-09-14 10:45:00,2026-09-14,10:45,10.75,0,0,223.66,14.25,3.1871,41.21,10.32,0.4253,45.82,14.22,0.6516,4.264,1.066
4268,2026-09-14 11:00:00,2026-09-14,11:00,11.0,0,0,225.03,13.83,3.1122,44.2,9.62,0.4252,43.3,13.45,0.5824,4.1198,1.0299
4269,2026-09-14 11:15:00,2026-09-14,11:15,11.25,0,0,222.66,14.65,3.262,41.31,11.3,0.4668,36.91,8.95,0.3303,4.0591,1.0148
4270,2026-09-14 11:30:00,2026-09-14,11:30,11.5,0,0,222.11,13.86,3.0784,42.06,11.87,0.4993,43.92,12.78,0.5613,4.139,1.0348
4271,2026-09-14 11:45:00,2026-09-14,11:45,11.75,0,0,227.28,14.06,3.1956,42.62,10.88,0.4637,43.39,13.82,0.5997,4.259,1.0648
4272,2026-09-14 12:00:00,2026-09-14,12:00,12.0,0,0,226.77,16.0,3.6283,44.07,13.01,0.5734,37.89,11.77,0.446,4.6477,1.1619
4273,2026-09-14 12:15:00,2026-09-14,12:15,12.25,0,0,226.43,15.36,3.478,44.89,12.82,0.5755,42.64,14.04,0.5987,4.6522,1.163
4274,2026-09-14 12:30:00,2026-09-14,12:30,12.5,0,0,229.09,14.59,3.3424,46.13,14.04,0.6477,40.1,12.51,0.5016,4.4917,1.1229
4275,2026-09-14 12:45:00,2026-09-14,12:45,12.75,0,0,224.45,16.0,3.5912,44.06,14.15,0.6235,32.3,8.8,0.2842,4.4989,1.1247
4276,2026-09-14 13:00:00,2026-09-14,13:00,13.0,0,0,228.36,16.0,3.6538,44.84,13.96,0.626,29.99,6.21,0.1862,4.466,1.1165
4277,2026-09-14 13:15:00,2026-09-14,13:15,13.25,0,0,226.03,15.43,3.4876,44.99,14.09,0.6339,29.84,7.61,0.2271,4.3486,1.0872
4278,2026-09-14 13:30:00,2026-09-14,13:30,13.5,0,0,225.95,14.5,3.2763,46.25,14.85,0.6868,37.09,10.21,0.3787,4.3418,1.0855
4279,2026-09-14 13:45:00,2026-09-14,13:45,13.75,0,0,228.8,14.8,3.3862,45.13,13.11,0.5917,32.75,8.6,0.2816,4.2595,1.0649
4280,2026-09-14 14:00:00,2026-09-14,14:00,14.0,0,0,222.88,14.93,3.3276,44.02,14.07,0.6194,30.04,6.53,0.1962,4.1432,1.0358
4281,2026-09-14 14:15:00,2026-09-14,14:15,14.25,0,0,228.85,14.27,3.2657,43.81,12.18,0.5336,37.59,10.42,0.3917,4.191,1.0477
4282,2026-09-14 14:30:00,2026-09-14,14:30,14.5,0,0,225.64,15.46,3.4884,43.12,12.11,0.5222,26.14,5.15,0.1346,4.1452,1.0363
4283,2026-09-14 14:45:00,2026-09-14,14:45,14.75,0,0,225.24,14.24,3.2074,42.29,11.04,0.4669,21.46,1.76,0.0378,3.7121,0.928
4284,2026-09-14 15:00:00,2026-09-14,15:00,15.0,0,0,231.29,15.46,3.5757,41.54,9.66,0.4013,29.52,6.6,0.1948,4.1718,1.043
4285,2026-09-14 15:15:00,2026-09-14,15:15,15.25,0,0,230.74,15.27,3.5234,39.15,8.23,0.3222,31.51,7.88,0.2483,4.0939,1.0235
4286,2026-09-14 15:30:00,2026-09-14,15:30,15.5,0,0,226.9,14.9,3.3808,38.15,6.64,0.2533,28.68,5.26,0.1509,3.785,0.9463
4287,2026-09-14 15:45:00,2026-09-14,15:45,15.75,0,0,228.16,15.5,3.5365,38.41,6.85,0.2631,31.45,7.44,0.234,4.0336,1.0084
4288,2026-09-14 16:00:00,2026-09-14,16:00,16.0,0,0,230.76,13.65,3.1499,37.85,5.6,0.212,26.09,5.52,0.144,3.5059,0.8765
4289,2026-09-14 16:15:00,2026-09-14,16:15,16.25,0,0,230.97,14.36,3.3167,37.78,5.69,0.215,27.75,5.05,0.1401,3.6718,0.918
4290,2026-09-14 16:30:00,2026-09-14,16:30,16.5,0,0,231.65,14.26,3.3033,36.93,5.81,0.2146,23.64,3.68,0.087,3.6049,0.9012
4291,2026-09-14 16:45:00,2026-09-14,16:45,16.75,0,0,230.71,12.49,2.8816,36.0,4.98,0.1793,23.19,2.61,0.0605,3.1214,0.7803
4292,2026-09-14 17:00:00,2026-09-14,17:00,17.0,0,0,230.89,12.91,2.9808,35.31,3.74,0.1321,27.38,7.72,0.2114,3.3243,0.8311
4293,2026-09-14 17:15:00,2026-09-14,17:15,17.25,0,0,225.62,12.86,2.9015,35.79,3.5,0.1253,33.01,9.79,0.3232,3.35,0.8375
4294,2026-09-14 17:30:00,2026-09-14,17:30,17.5,0,0,228.0,11.31,2.5787,34.11,3.49,0.119,35.28,9.37,0.3306,3.0283,0.7571
4295,2026-09-14 17:45:00,2026-09-14,17:45,17.75,0,0,228.96,12.38,2.8345,34.18,3.55,0.1213,42.15,12.29,0.518,3.4738,0.8685
4296,2026-09-14 18:00:00,2026-09-14,18:00,18.0,0,0,230.07,11.77,2.7079,33.89,1.78,0.0603,37.87,9.68,0.3666,3.1348,0.7837
4297,2026-09-14 18:15:00,2026-09-14,18:15,18.25,0,0,236.03,12.21,2.8819,31.76,1.18,0.0375,36.99,10.55,0.3902,3.3096,0.8274
4298,2026-09-14 18:30:00,2026-09-14,18:30,18.5,0,0,235.66,11.89,2.802,31.67,0.0,0.0,38.32,10.9,0.4177,3.2197,0.8049
4299,2026-09-14 18:45:00,2026-09-14,18:45,18.75,0,0,232.39,10.95,2.5447,0.14,0.0,0.0,40.77,12.65,0.5157,3.0604,0.7651
4300,2026-09-14 19:00:00,2026-09-14,19:00,19.0,0,0,234.36,11.09,2.5991,0.47,0.0,0.0,45.14,14.77,0.6667,3.2658,0.8165
4301,2026-09-14 19:15:00,2026-09-14,19:15,19.25,0,0,236.73,3.86,0.9138,0.49,0.0,0.0,48.0,14.07,0.6754,1.5892,0.3973
4302,2026-09-14 19:30:00,2026-09-14,19:30,19.5,0,0,231.04,2.64,0.6099,0.59,0.0,0.0,41.48,12.34,0.5119,1.1218,0.2804
4303,2026-09-14 19:45:00,2026-09-14,19:45,19.75,0,0,233.27,3.54,0.8258,0.52,0.0,0.0,42.81,12.3,0.5266,1.3524,0.3381
4304,2026-09-14 20:00:00,2026-09-14,20:00,20.0,0,0,233.21,4.91,1.1451,0.52,0.0,0.0,45.82,13.89,0.6364,1.7815,0.4454
4305,2026-09-14 20:15:00,2026-09-14,20:15,20.25,0,0,234.21,4.55,1.0657,0.58,0.0,0.0,46.13,15.63,0.721,1.7867,0.4467
4306,2026-09-14 20:30:00,2026-09-14,20:30,20.5,0,0,232.81,4.31,1.0034,0.13,0.0,0.0,33.8,9.39,0.3174,1.3208,0.3302
4307,2026-09-14 20:45:00,2026-09-14,20:45,20.75,0,0,235.96,4.14,0.9769,0.37,0.0,0.0,38.05,11.67,0.444,1.4209,0.3552
4308,2026-09-14 21:00:00,2026-09-14,21:00,21.0,0,0,234.46,3.81,0.8933,0.18,0.0,0.0,36.3,10.3,0.3739,1.2672,0.3168
4309,2026-09-14 21:15:00,2026-09-14,21:15,21.25,0,0,237.37,3.48,0.826,0.22,0.0,0.0,42.19,13.07,0.5514,1.3774,0.3443
4310,2026-09-14 21:30:00,2026-09-14,21:30,21.5,0,0,237.17,5.11,1.2119,0.08,0.0,0.0,38.17,11.08,0.4229,1.6348,0.4087
4311,2026-09-14 21:45:00,2026-09-14,21:45,21.75,0,0,234.06,4.55,1.065,0.77,0.0,0.0,28.3,7.69,0.2176,1.2826,0.3206
4312,2026-09-14 22:00:00,2026-09-14,22:00,22.0,0,0,233.92,4.01,0.938,0.6,0.0,0.0,25.15,5.51,0.1386,1.0766,0.2692
4313,2026-09-14 22:15:00,2026-09-14,22:15,22.25,0,0,234.51,4.57,1.0717,0.18,0.0,0.0,36.77,10.36,0.3809,1.4526,0.3631
4314,2026-09-14 22:30:00,2026-09-14,22:30,22.5,0,0,237.08,5.89,1.3964,0.46,0.0,0.0,31.7,7.33,0.2324,1.6288,0.4072
4315,2026-09-14 22:45:00,2026-09-14,22:45,22.75,0,0,235.5,4.38,1.0315,0.19,0.0,0.0,31.0,5.59,0.1733,1.2048,0.3012
4316,2026-09-14 23:00:00,2026-09-14,23:00,23.0,0,0,232.09,3.03,0.7032,0.26,0.0,0.0,26.65,6.38,0.17,0.8732,0.2183
4317,2026-09-14 23:15:00,2026-09-14,23:15,23.25,0,0,234.7,3.77,0.8848,0.51,0.0,0.0,22.14,2.65,0.0587,0.9435,0.2359
4318,2026-09-14 23:30:00,2026-09-14,23:30,23.5,0,0,234.28,3.81,0.8926,0.46,0.0,0.0,24.9,5.25,0.1307,1.0233,0.2558
4319,2026-09-14 23:45:00,2026-09-14,23:45,23.75,0,0,231.6,2.18,0.5049,0.17,0.0,0.0,26.63,5.14,0.1369,0.6418,0.1605
4320,2026-09-15 00:00:00,2026-09-15,00:00,0.0,1,0,233.45,2.45,0.572,0.48,0.0,0.0,32.68,7.86,0.2569,0.8289,0.2072
4321,2026-09-15 00:15:00,2026-09-15,00:15,0.25,1,0,230.06,3.22,0.7408,0.61,0.0,0.0,32.03,8.4,0.2691,1.0099,0.2525
4322,2026-09-15 00:30:00,2026-09-15,00:30,0.5,1,0,231.4,2.91,0.6734,0.8,0.0,0.0,21.33,4.6,0.0981,0.7715,0.1929
4323,2026-09-15 00:45:00,2026-09-15,00:45,0.75,1,0,234.6,3.61,0.8469,0.78,0.0,0.0,30.18,8.03,0.2423,1.0892,0.2723
4324,2026-09-15 01:00:00,2026-09-15,01:00,1.0,1,0,233.34,3.66,0.854,0.55,0.0,0.0,33.22,7.4,0.2458,1.0998,0.275
4325,2026-09-15 01:15:00,2026-09-15,01:15,1.25,1,0,232.37,4.34,1.0085,0.01,0.0,0.0,21.35,1.49,0.0318,1.0403,0.2601
4326,2026-09-15 01:30:00,2026-09-15,01:30,1.5,1,0,232.5,4.82,1.1207,0.14,0.0,0.0,33.28,7.21,0.2399,1.3606,0.3402
4327,2026-09-15 01:45:00,2026-09-15,01:45,1.75,1,0,228.92,4.36,0.9981,0.41,0.0,0.0,31.17,6.98,0.2176,1.2157,0.3039
4328,2026-09-15 02:00:00,2026-09-15,02:00,2.0,1,0,233.63,5.28,1.2336,0.17,0.0,0.0,32.67,8.33,0.2721,1.5057,0.3764
4329,2026-09-15 02:15:00,2026-09-15,02:15,2.25,1,0,231.66,3.16,0.732,0.35,0.0,0.0,39.54,12.05,0.4765,1.2085,0.3021
4330,2026-09-15 02:30:00,2026-09-15,02:30,2.5,1,0,231.3,6.31,1.4595,0.21,0.0,0.0,36.29,11.38,0.413,1.8725,0.4681
4331,2026-09-15 02:45:00,2026-09-15,02:45,2.75,1,0,231.08,4.67,1.0791,0.68,0.0,0.0,33.28,9.51,0.3165,1.3956,0.3489
4332,2026-09-15 03:00:00,2026-09-15,03:00,3.0,1,0,229.92,4.67,1.0737,0.59,0.0,0.0,38.56,11.03,0.4253,1.499,0.3748
4333,2026-09-15 03:15:00,2026-09-15,03:15,3.25,1,0,232.11,4.31,1.0004,0.11,0.0,0.0,36.22,10.89,0.3944,1.3948,0.3487
4334,2026-09-15 03:30:00,2026-09-15,03:30,3.5,1,0,229.33,4.82,1.1054,0.47,0.0,0.0,36.31,10.2,0.3704,1.4758,0.369
4335,2026-09-15 03:45:00,2026-09-15,03:45,3.75,1,0,232.32,4.3,0.999,0.49,0.0,0.0,38.35,11.21,0.4299,1.4289,0.3572
4336,2026-09-15 04:00:00,2026-09-15,04:00,4.0,1,0,229.23,4.89,1.1209,0.11,0.0,0.0,44.58,16.0,0.7133,1.8342,0.4586
4337,2026-09-15 04:15:00,2026-09-15,04:15,4.25,1,0,231.57,5.05,1.1694,0.03,0.0,0.0,39.08,11.26,0.44,1.6094,0.4023
4338,2026-09-15 04:30:00,2026-09-15,04:30,4.5,1,0,228.54,5.16,1.1793,0.38,0.0,0.0,39.31,11.84,0.4654,1.6447,0.4112
4339,2026-09-15 04:45:00,2026-09-15,04:45,4.75,1,0,230.52,5.08,1.171,0.62,0.0,0.0,43.63,13.01,0.5676,1.7386,0.4346
4340,2026-09-15 05:00:00,2026-09-15,05:00,5.0,1,0,228.89,5.12,1.1719,0.67,0.0,0.0,38.72,11.28,0.4368,1.6087,0.4022
4341,2026-09-15 05:15:00,2026-09-15,05:15,5.25,1,0,228.75,5.39,1.233,0.5,0.0,0.0,44.13,14.33,0.6324,1.8654,0.4663
4342,2026-09-15 05:30:00,2026-09-15,05:30,5.5,1,0,228.75,4.97,1.1369,0.38,0.0,0.0,39.21,11.53,0.4521,1.589,0.3972
4343,2026-09-15 05:45:00,2026-09-15,05:45,5.75,1,0,229.21,4.32,0.9902,0.5,0.0,0.0,37.81,10.8,0.4084,1.3986,0.3497
4344,2026-09-15 06:00:00,2026-09-15,06:00,6.0,1,0,227.67,5.14,1.1702,31.71,0.15,0.0048,35.47,10.19,0.3614,1.5364,0.3841
4345,2026-09-15 06:15:00,2026-09-15,06:15,6.25,1,0,223.7,4.22,0.944,33.2,0.43,0.0143,31.58,7.15,0.2258,1.1841,0.296
4346,2026-09-15 06:30:00,2026-09-15,06:30,6.5,1,0,225.27,4.43,0.998,33.28,1.71,0.0569,44.11,13.6,0.5999,1.6548,0.4137
4347,2026-09-15 06:45:00,2026-09-15,06:45,6.75,1,0,226.94,4.93,1.1188,35.16,2.73,0.096,30.72,8.72,0.2679,1.4827,0.3707
4348,2026-09-15 07:00:00,2026-09-15,07:00,7.0,1,0,229.21,3.56,0.816,34.52,2.26,0.078,33.66,8.85,0.2979,1.1919,0.298
4349,2026-09-15 07:15:00,2026-09-15,07:15,7.25,1,0,229.16,4.06,0.9304,34.57,3.44,0.1189,30.8,6.06,0.1867,1.236,0.309
4350,2026-09-15 07:30:00,2026-09-15,07:30,7.5,1,0,225.52,3.87,0.8728,36.29,4.77,0.1731,20.98,2.15,0.0451,1.091,0.2727
4351,2026-09-15 07:45:00,2026-09-15,07:45,7.75,1,0,225.29,2.03,0.4573,37.07,4.04,0.1498,20.24,1.82,0.0368,0.6439,0.161
4352,2026-09-15 08:00:00,2026-09-15,08:00,8.0,1,0,228.08,11.8,2.6913,39.6,5.53,0.219,26.48,6.63,0.1756,3.0859,0.7715
4353,2026-09-15 08:15:00,2026-09-15,08:15,8.25,1,0,226.01,11.11,2.511,37.45,6.11,0.2288,20.77,2.33,0.0484,2.7882,0.697
4354,2026-09-15 08:30:00,2026-09-15,08:30,8.5,1,0,227.16,12.39,2.8145,38.93,5.95,0.2316,20.92,1.62,0.0339,3.08,0.77
4355,2026-09-15 08:45:00,2026-09-15,08:45,8.75,1,0,227.04,14.08,3.1967,37.51,7.6,0.2851,25.46,5.17,0.1316,3.6134,0.9033
4356,2026-09-15 09:00:00,2026-09-15,09:00,9.0,1,0,220.91,12.89,2.8475,39.75,8.47,0.3367,28.44,6.39,0.1817,3.3659,0.8415
4357,2026-09-15 09:15:00,2026-09-15,09:15,9.25,1,0,226.14,12.77,2.8878,42.99,9.84,0.423,30.23,7.54,0.2279,3.5387,0.8847
4358,2026-09-15 09:30:00,2026-09-15,09:30,9.5,1,0,222.11,13.89,3.0851,43.22,10.69,0.462,24.87,5.49,0.1365,3.6836,0.9209
4359,2026-09-15 09:45:00,2026-09-15,09:45,9.75,1,0,224.31,12.31,2.7613,44.97,11.97,0.5383,26.91,4.36,0.1173,3.4169,0.8542
4360,2026-09-15 10:00:00,2026-09-15,10:00,10.0,1,0,225.08,12.57,2.8293,43.86,12.58,0.5518,24.63,4.4,0.1084,3.4895,0.8724
4361,2026-09-15 10:15:00,2026-09-15,10:15,10.25,1,0,221.71,13.27,2.9421,45.83,13.51,0.6192,30.06,6.43,0.1933,3.7546,0.9386
4362,2026-09-15 10:30:00,2026-09-15,10:30,10.5,1,0,221.19,12.67,2.8025,45.9,12.62,0.5793,25.2,4.23,0.1066,3.4884,0.8721
4363,2026-09-15 10:45:00,2026-09-15,10:45,10.75,1,0,225.2,13.52,3.0447,45.92,13.85,0.636,35.72,9.93,0.3547,4.0354,1.0089
4364,2026-09-15 11:00:00,2026-09-15,11:00,11.0,1,0,222.93,14.35,3.1991,44.4,13.95,0.6194,37.5,10.58,0.3967,4.2152,1.0538
4365,2026-09-15 11:15:00,2026-09-15,11:15,11.25,1,0,219.13,15.38,3.3702,43.93,13.35,0.5865,33.56,8.69,0.2916,4.2483,1.0621
4366,2026-09-15 11:30:00,2026-09-15,11:30,11.5,1,0,223.69,14.94,3.3419,46.0,13.08,0.6017,34.41,8.56,0.2946,4.2382,1.0595
4367,2026-09-15 11:45:00,2026-09-15,11:45,11.75,1,0,221.88,13.49,2.9932,43.44,11.85,0.5148,45.3,15.51,0.7026,4.2106,1.0527
4368,2026-09-15 12:00:00,2026-09-15,12:00,12.0,1,0,224.51,15.53,3.4866,43.43,12.35,0.5364,36.59,10.48,0.3835,4.4065,1.1016
4369,2026-09-15 12:15:00,2026-09-15,12:15,12.25,1,0,219.39,14.42,3.1636,43.63,11.28,0.4921,38.52,11.78,0.4538,4.1095,1.0274
4370,2026-09-15 12:30:00,2026-09-15,12:30,12.5,1,0,223.2,14.7,3.281,42.54,11.46,0.4875,45.43,14.75,0.6701,4.4386,1.1097
4371,2026-09-15 12:45:00,2026-09-15,12:45,12.75,1,0,224.83,15.29,3.4377,41.05,10.22,0.4195,39.15,11.89,0.4655,4.3227,1.0807
4372,2026-09-15 13:00:00,2026-09-15,13:00,13.0,1,0,226.03,14.91,3.3701,42.5,11.02,0.4684,47.36,14.35,0.6796,4.5181,1.1295
4373,2026-09-15 13:15:00,2026-09-15,13:15,13.25,1,0,220.08,14.55,3.2022,42.05,10.02,0.4213,34.81,11.8,0.4108,4.0343,1.0086
4374,2026-09-15 13:30:00,2026-09-15,13:30,13.5,1,0,222.36,16.0,3.5578,41.81,10.88,0.4549,42.17,13.37,0.5638,4.5765,1.1441
4375,2026-09-15 13:45:00,2026-09-15,13:45,13.75,1,0,222.11,14.16,3.1451,41.53,10.27,0.4265,40.03,13.16,0.5268,4.0984,1.0246
4376,2026-09-15 14:00:00,2026-09-15,14:00,14.0,1,0,225.19,14.61,3.29,41.89,11.9,0.4985,46.51,14.35,0.6674,4.4559,1.114
4377,2026-09-15 14:15:00,2026-09-15,14:15,14.25,1,0,224.06,14.21,3.1839,41.58,11.38,0.4732,34.99,10.92,0.3821,4.0392,1.0098
4378,2026-09-15 14:30:00,2026-09-15,14:30,14.5,1,0,225.74,15.32,3.4583,42.4,10.25,0.4346,37.75,10.58,0.3994,4.2923,1.0731
4379,2026-09-15 14:45:00,2026-09-15,14:45,14.75,1,0,219.72,16.0,3.5155,41.96,10.45,0.4385,43.48,13.47,0.5857,4.5397,1.1349
4380,2026-09-15 15:00:00,2026-09-15,15:00,15.0,1,0,223.9,14.99,3.3563,42.89,10.48,0.4495,26.79,5.45,0.146,3.9518,0.9879
4381,2026-09-15 15:15:00,2026-09-15,15:15,15.25,1,0,222.82,14.73,3.2821,42.18,10.57,0.4458,35.12,8.52,0.2992,4.0271,1.0068
4382,2026-09-15 15:30:00,2026-09-15,15:30,15.5,1,0,221.14,14.57,3.222,41.57,10.8,0.449,25.16,4.85,0.122,3.793,0.9483
4383,2026-09-15 15:45:00,2026-09-15,15:45,15.75,1,0,224.68,14.06,3.159,41.16,9.43,0.3881,33.91,7.64,0.2591,3.8062,0.9516
4384,2026-09-15 16:00:00,2026-09-15,16:00,16.0,1,0,225.51,14.56,3.2834,41.27,8.54,0.3524,23.4,3.8,0.0889,3.7247,0.9312
4385,2026-09-15 16:15:00,2026-09-15,16:15,16.25,1,0,226.18,14.42,3.2615,39.58,7.76,0.3071,25.62,5.39,0.1381,3.7067,0.9267
4386,2026-09-15 16:30:00,2026-09-15,16:30,16.5,1,0,221.59,13.8,3.0579,39.3,6.21,0.2441,31.68,8.07,0.2557,3.5577,0.8894
4387,2026-09-15 16:45:00,2026-09-15,16:45,16.75,1,0,226.22,14.61,3.3051,37.74,5.89,0.2223,29.72,6.54,0.1944,3.7218,0.9304
4388,2026-09-15 17:00:00,2026-09-15,17:00,17.0,1,0,221.08,12.8,2.8298,35.91,4.89,0.1756,28.54,6.18,0.1764,3.1818,0.7954
4389,2026-09-15 17:15:00,2026-09-15,17:15,17.25,1,0,222.99,13.45,2.9992,34.98,4.04,0.1413,24.17,4.93,0.1192,3.2597,0.8149
4390,2026-09-15 17:30:00,2026-09-15,17:30,17.5,1,0,224.84,12.18,2.7386,33.42,2.41,0.0805,27.89,5.72,0.1595,2.9786,0.7447
4391,2026-09-15 17:45:00,2026-09-15,17:45,17.75,1,0,225.77,13.23,2.9869,32.73,2.56,0.0838,23.06,4.54,0.1047,3.1754,0.7938
4392,2026-09-15 18:00:00,2026-09-15,18:00,18.0,1,0,222.93,12.84,2.8624,33.38,0.84,0.028,26.43,4.32,0.1142,3.0046,0.7511
4393,2026-09-15 18:15:00,2026-09-15,18:15,18.25,1,0,230.37,12.05,2.776,33.34,0.62,0.0207,28.3,6.08,0.1721,2.9688,0.7422
4394,2026-09-15 18:30:00,2026-09-15,18:30,18.5,1,0,227.74,12.09,2.7534,31.88,0.14,0.0045,20.12,3.22,0.0648,2.8227,0.7057
4395,2026-09-15 18:45:00,2026-09-15,18:45,18.75,1,0,230.03,12.19,2.8041,0.09,0.0,0.0,26.57,5.85,0.1554,2.9595,0.7399
4396,2026-09-15 19:00:00,2026-09-15,19:00,19.0,1,0,228.38,11.35,2.5921,0.48,0.0,0.0,27.88,7.04,0.1963,2.7884,0.6971
4397,2026-09-15 19:15:00,2026-09-15,19:15,19.25,1,0,230.96,3.88,0.8961,0.59,0.0,0.0,25.63,3.95,0.1012,0.9973,0.2493
4398,2026-09-15 19:30:00,2026-09-15,19:30,19.5,1,0,227.67,5.12,1.1657,0.59,0.0,0.0,32.26,7.63,0.2461,1.4118,0.3529
4399,2026-09-15 19:45:00,2026-09-15,19:45,19.75,1,0,226.93,6.27,1.4228,0.8,0.0,0.0,31.81,7.48,0.2379,1.6607,0.4152
4400,2026-09-15 20:00:00,2026-09-15,20:00,20.0,1,0,229.26,3.65,0.8368,0.4,0.0,0.0,36.19,8.78,0.3177,1.1545,0.2886
4401,2026-09-15 20:15:00,2026-09-15,20:15,20.25,1,0,233.5,4.68,1.0928,0.5,0.0,0.0,33.65,9.28,0.3123,1.4051,0.3513
4402,2026-09-15 20:30:00,2026-09-15,20:30,20.5,1,0,231.35,3.87,0.8953,0.19,0.0,0.0,39.8,10.73,0.427,1.3223,0.3306
4403,2026-09-15 20:45:00,2026-09-15,20:45,20.75,1,0,228.22,4.78,1.0909,0.68,0.0,0.0,37.88,10.87,0.4118,1.5027,0.3757
4404,2026-09-15 21:00:00,2026-09-15,21:00,21.0,1,0,233.17,4.79,1.1169,0.29,0.0,0.0,35.33,9.77,0.3452,1.4621,0.3655
4405,2026-09-15 21:15:00,2026-09-15,21:15,21.25,1,0,229.25,4.33,0.9927,0.19,0.0,0.0,38.71,11.51,0.4456,1.4383,0.3596
4406,2026-09-15 21:30:00,2026-09-15,21:30,21.5,1,0,232.93,4.3,1.0016,0.02,0.0,0.0,44.82,13.5,0.6051,1.6067,0.4017
4407,2026-09-15 21:45:00,2026-09-15,21:45,21.75,1,0,230.99,4.28,0.9886,0.44,0.0,0.0,39.44,10.9,0.4299,1.4185,0.3546
4408,2026-09-15 22:00:00,2026-09-15,22:00,22.0,1,0,230.25,4.74,1.0914,0.6,0.0,0.0,41.56,13.5,0.5611,1.6525,0.4131
4409,2026-09-15 22:15:00,2026-09-15,22:15,22.25,1,0,230.78,4.24,0.9785,0.14,0.0,0.0,33.44,8.78,0.2936,1.2721,0.318
4410,2026-09-15 22:30:00,2026-09-15,22:30,22.5,1,0,231.51,3.52,0.8149,0.03,0.0,0.0,40.82,12.26,0.5004,1.3153,0.3288
4411,2026-09-15 22:45:00,2026-09-15,22:45,22.75,1,0,232.47,2.86,0.6649,0.12,0.0,0.0,42.6,12.76,0.5436,1.2085,0.3021
4412,2026-09-15 23:00:00,2026-09-15,23:00,23.0,1,0,234.21,3.3,0.7729,0.15,0.0,0.0,33.99,9.0,0.3059,1.0788,0.2697
4413,2026-09-15 23:15:00,2026-09-15,23:15,23.25,1,0,235.15,4.55,1.0699,0.27,0.0,0.0,35.34,10.56,0.3732,1.4431,0.3608
4414,2026-09-15 23:30:00,2026-09-15,23:30,23.5,1,0,233.44,3.31,0.7727,0.38,0.0,0.0,36.22,8.87,0.3213,1.094,0.2735
4415,2026-09-15 23:45:00,2026-09-15,23:45,23.75,1,0,234.16,2.45,0.5737,0.49,0.0,0.0,34.68,9.88,0.3426,0.9163,0.2291
4416,2026-09-16 00:00:00,2026-09-16,00:00,0.0,2,0,233.8,3.43,0.8019,0.35,0.0,0.0,27.32,6.08,0.1661,0.968,0.242
4417,2026-09-16 00:15:00,2026-09-16,00:15,0.25,2,0,235.81,3.52,0.83,0.23,0.0,0.0,31.75,7.94,0.2521,1.0821,0.2705
4418,2026-09-16 00:30:00,2026-09-16,00:30,0.5,2,0,231.87,2.7,0.626,0.24,0.0,0.0,29.71,7.15,0.2124,0.8384,0.2096
4419,2026-09-16 00:45:00,2026-09-16,00:45,0.75,2,0,233.29,2.9,0.6765,0.44,0.0,0.0,28.61,6.29,0.18,0.8565,0.2141
4420,2026-09-16 01:00:00,2026-09-16,01:00,1.0,2,0,234.91,3.04,0.7141,0.41,0.0,0.0,19.87,1.45,0.0288,0.7429,0.1857
4421,2026-09-16 01:15:00,2026-09-16,01:15,1.25,2,0,233.8,2.56,0.5985,0.03,0.0,0.0,27.86,4.7,0.1309,0.7294,0.1824
4422,2026-09-16 01:30:00,2026-09-16,01:30,1.5,2,0,234.07,4.69,1.0978,0.58,0.0,0.0,21.01,4.38,0.092,1.1898,0.2974
4423,2026-09-16 01:45:00,2026-09-16,01:45,1.75,2,0,235.47,5.09,1.1985,0.74,0.0,0.0,19.21,1.53,0.0294,1.2279,0.307
4424,2026-09-16 02:00:00,2026-09-16,02:00,2.0,2,0,233.24,4.45,1.0379,0.42,0.0,0.0,23.05,3.72,0.0858,1.1237,0.2809
4425,2026-09-16 02:15:00,2026-09-16,02:15,2.25,2,0,231.04,4.58,1.0582,0.12,0.0,0.0,19.7,1.6,0.0315,1.0897,0.2724
4426,2026-09-16 02:30:00,2026-09-16,02:30,2.5,2,0,230.63,3.57,0.8234,0.2,0.0,0.0,20.83,4.08,0.085,0.9084,0.2271
4427,2026-09-16 02:45:00,2026-09-16,02:45,2.75,2,0,232.7,3.82,0.8889,0.08,0.0,0.0,28.34,5.81,0.1647,1.0536,0.2634
4428,2026-09-16 03:00:00,2026-09-16,03:00,3.0,2,0,235.45,4.9,1.1537,0.12,0.0,0.0,24.85,2.92,0.0726,1.2263,0.3066
4429,2026-09-16 03:15:00,2026-09-16,03:15,3.25,2,0,232.42,4.01,0.932,0.43,0.0,0.0,30.68,7.31,0.2243,1.1563,0.2891
4430,2026-09-16 03:30:00,2026-09-16,03:30,3.5,2,0,234.27,6.79,1.5907,0.64,0.0,0.0,23.65,3.79,0.0896,1.6803,0.4201
4431,2026-09-16 03:45:00,2026-09-16,03:45,3.75,2,0,236.69,4.86,1.1503,0.45,0.0,0.0,31.95,7.61,0.2431,1.3934,0.3483
4432,2026-09-16 04:00:00,2026-09-16,04:00,4.0,2,0,235.87,5.68,1.3397,0.21,0.0,0.0,30.37,6.56,0.1992,1.5389,0.3847
4433,2026-09-16 04:15:00,2026-09-16,04:15,4.25,2,0,236.69,4.87,1.1527,0.14,0.0,0.0,30.58,6.6,0.2018,1.3545,0.3386
4434,2026-09-16 04:30:00,2026-09-16,04:30,4.5,2,0,234.02,4.26,0.9969,0.75,0.0,0.0,33.41,7.71,0.2576,1.2545,0.3136
4435,2026-09-16 04:45:00,2026-09-16,04:45,4.75,2,0,232.82,6.39,1.4877,0.03,0.0,0.0,38.41,10.16,0.3902,1.8779,0.4695
4436,2026-09-16 05:00:00,2026-09-16,05:00,5.0,2,0,231.56,4.42,1.0235,0.76,0.0,0.0,39.49,11.77,0.4648,1.4883,0.3721
4437,2026-09-16 05:15:00,2026-09-16,05:15,5.25,2,0,231.36,4.68,1.0828,0.41,0.0,0.0,22.28,2.12,0.0472,1.13,0.2825
4438,2026-09-16 05:30:00,2026-09-16,05:30,5.5,2,0,231.02,4.35,1.0049,0.79,0.0,0.0,36.33,10.5,0.3815,1.3864,0.3466
4439,2026-09-16 05:45:00,2026-09-16,05:45,5.75,2,0,234.05,4.31,1.0088,0.32,0.0,0.0,37.26,10.05,0.3745,1.3833,0.3458
4440,2026-09-16 06:00:00,2026-09-16,06:00,6.0,2,0,234.97,3.11,0.7308,32.49,0.0,0.0,42.42,12.28,0.5209,1.2517,0.3129
4441,2026-09-16 06:15:00,2026-09-16,06:15,6.25,2,0,236.41,5.44,1.2861,33.0,1.12,0.037,45.93,14.71,0.6756,1.9987,0.4997
4442,2026-09-16 06:30:00,2026-09-16,06:30,6.5,2,0,232.32,2.79,0.6482,32.58,2.96,0.0964,42.04,13.75,0.578,1.3226,0.3306
4443,2026-09-16 06:45:00,2026-09-16,06:45,6.75,2,0,231.79,4.25,0.9851,34.68,2.98,0.1033,38.27,11.07,0.4236,1.512,0.378
4444,2026-09-16 07:00:00,2026-09-16,07:00,7.0,2,0,231.6,3.7,0.8569,34.32,3.11,0.1067,40.54,12.3,0.4986,1.4622,0.3655
4445,2026-09-16 07:15:00,2026-09-16,07:15,7.25,2,0,232.8,5.32,1.2385,36.58,4.5,0.1646,40.92,11.66,0.4771,1.8802,0.4701
4446,2026-09-16 07:30:00,2026-09-16,07:30,7.5,2,0,233.97,3.69,0.8634,37.09,5.64,0.2092,44.7,13.42,0.5999,1.6725,0.4181
4447,2026-09-16 07:45:00,2026-09-16,07:45,7.75,2,0,232.01,1.78,0.413,38.17,7.01,0.2676,31.88,8.34,0.2659,0.9465,0.2366
4448,2026-09-16 08:00:00,2026-09-16,08:00,8.0,2,0,234.39,12.4,2.9064,37.18,7.25,0.2696,28.43,7.21,0.205,3.381,0.8452
4449,2026-09-16 08:15:00,2026-09-16,08:15,8.25,2,0,232.55,12.26,2.8511,38.4,8.22,0.3156,37.52,9.44,0.3542,3.5209,0.8802
4450,2026-09-16 08:30:00,2026-09-16,08:30,8.5,2,0,234.21,11.78,2.759,38.98,8.14,0.3173,33.37,10.3,0.3437,3.42,0.855
4451,2026-09-16 08:45:00,2026-09-16,08:45,8.75,2,0,235.19,12.67,2.9799,40.03,8.22,0.3291,24.76,4.31,0.1067,3.4157,0.8539
4452,2026-09-16 09:00:00,2026-09-16,09:00,9.0,2,0,227.21,12.27,2.7879,37.92,7.65,0.2901,34.4,7.49,0.2577,3.3357,0.8339
4453,2026-09-16 09:15:00,2026-09-16,09:15,9.25,2,0,228.4,13.49,3.0811,39.52,8.66,0.3422,28.61,4.74,0.1356,3.5589,0.8897
4454,2026-09-16 09:30:00,2026-09-16,09:30,9.5,2,0,225.89,13.15,2.9705,40.14,8.43,0.3384,26.92,5.11,0.1376,3.4465,0.8616
4455,2026-09-16 09:45:00,2026-09-16,09:45,9.75,2,0,226.79,12.91,2.9279,40.04,9.3,0.3724,28.14,5.81,0.1635,3.4638,0.8659
4456,2026-09-16 10:00:00,2026-09-16,10:00,10.0,2,0,226.72,12.79,2.8998,39.61,8.64,0.3422,22.08,3.78,0.0835,3.3255,0.8314
4457,2026-09-16 10:15:00,2026-09-16,10:15,10.25,2,0,226.96,13.32,3.0231,41.94,8.22,0.3448,18.6,2.82,0.0525,3.4204,0.8551
4458,2026-09-16 10:30:00,2026-09-16,10:30,10.5,2,0,228.48,12.85,2.936,40.61,9.2,0.3736,22.12,3.05,0.0675,3.3771,0.8443
4459,2026-09-16 10:45:00,2026-09-16,10:45,10.75,2,0,226.25,13.29,3.0069,43.19,10.92,0.4716,16.92,0.34,0.0057,3.4842,0.871
4460,2026-09-16 11:00:00,2026-09-16,11:00,11.0,2,0,229.24,14.64,3.3561,42.97,12.46,0.5354,26.99,5.31,0.1433,4.0348,1.0087
4461,2026-09-16 11:15:00,2026-09-16,11:15,11.25,2,0,225.86,13.63,3.0785,45.29,11.97,0.5421,26.26,4.47,0.1174,3.738,0.9345
4462,2026-09-16 11:30:00,2026-09-16,11:30,11.5,2,0,229.57,13.35,3.0648,44.64,13.07,0.5834,26.69,4.03,0.1076,3.7558,0.9389
4463,2026-09-16 11:45:00,2026-09-16,11:45,11.75,2,0,228.34,14.91,3.4045,44.58,13.89,0.6192,18.83,1.59,0.0299,4.0536,1.0134
4464,2026-09-16 12:00:00,2026-09-16,12:00,12.0,2,0,225.31,14.37,3.2377,44.69,14.82,0.6623,17.87,0.0,0.0,3.9,0.975
4465,2026-09-16 12:15:00,2026-09-16,12:15,12.25,2,0,225.81,14.78,3.3375,46.66,15.46,0.7214,27.39,6.54,0.1791,4.238,1.0595
4466,2026-09-16 12:30:00,2026-09-16,12:30,12.5,2,0,229.14,14.94,3.4234,45.8,15.12,0.6925,24.18,5.25,0.1269,4.2428,1.0607
4467,2026-09-16 12:45:00,2026-09-16,12:45,12.75,2,0,226.38,13.99,3.1671,46.26,14.75,0.6823,21.03,2.56,0.0538,3.9032,0.9758
4468,2026-09-16 13:00:00,2026-09-16,13:00,13.0,2,0,225.03,14.64,3.2944,45.2,14.45,0.6531,32.53,8.54,0.2778,4.2253,1.0563
4469,2026-09-16 13:15:00,2026-09-16,13:15,13.25,2,0,224.54,16.0,3.5926,45.67,13.79,0.6298,29.69,7.31,0.217,4.4394,1.1099
4470,2026-09-16 13:30:00,2026-09-16,13:30,13.5,2,0,225.55,15.43,3.4802,44.31,14.62,0.6478,29.53,8.39,0.2478,4.3758,1.0939
4471,2026-09-16 13:45:00,2026-09-16,13:45,13.75,2,0,225.69,15.15,3.4192,43.41,12.55,0.5448,38.89,10.29,0.4002,4.3642,1.0911
4472,2026-09-16 14:00:00,2026-09-16,14:00,14.0,2,0,218.2,15.23,3.3232,42.09,11.35,0.4777,30.52,7.23,0.2207,4.0216,1.0054
4473,2026-09-16 14:15:00,2026-09-16,14:15,14.25,2,0,223.04,15.46,3.4482,42.45,9.87,0.419,32.01,8.31,0.266,4.1332,1.0333
4474,2026-09-16 14:30:00,2026-09-16,14:30,14.5,2,0,225.96,14.16,3.1996,41.96,8.72,0.3659,35.6,8.13,0.2894,3.8549,0.9637
4475,2026-09-16 14:45:00,2026-09-16,14:45,14.75,2,0,227.7,15.71,3.5772,40.97,8.38,0.3433,36.78,9.11,0.3351,4.2556,1.0639
4476,2026-09-16 15:00:00,2026-09-16,15:00,15.0,2,0,223.46,15.32,3.4234,38.67,8.41,0.3252,29.45,6.89,0.2029,3.9515,0.9879
4477,2026-09-16 15:15:00,2026-09-16,15:15,15.25,2,0,224.56,14.08,3.1618,39.5,7.42,0.2931,35.91,8.39,0.3013,3.7562,0.9391
4478,2026-09-16 15:30:00,2026-09-16,15:30,15.5,2,0,224.87,14.44,3.2471,38.59,6.78,0.2616,31.26,7.87,0.246,3.7547,0.9387
4479,2026-09-16 15:45:00,2026-09-16,15:45,15.75,2,0,224.46,14.09,3.1626,38.58,7.05,0.272,37.44,9.36,0.3504,3.785,0.9463
4480,2026-09-16 16:00:00,2026-09-16,16:00,16.0,2,0,222.75,15.0,3.3413,37.47,6.87,0.2574,33.19,9.77,0.3243,3.923,0.9808
4481,2026-09-16 16:15:00,2026-09-16,16:15,16.25,2,0,223.21,15.03,3.3548,38.26,6.79,0.2598,30.99,7.98,0.2473,3.8619,0.9655
4482,2026-09-16 16:30:00,2026-09-16,16:30,16.5,2,0,223.81,14.21,3.1803,38.24,5.55,0.2122,30.89,5.67,0.1752,3.5677,0.8919
4483,2026-09-16 16:45:00,2026-09-16,16:45,16.75,2,0,223.47,13.52,3.0213,38.2,5.99,0.2288,28.24,6.15,0.1737,3.4238,0.8559
4484,2026-09-16 17:00:00,2026-09-16,17:00,17.0,2,0,223.9,11.78,2.6375,37.11,4.79,0.1778,30.76,6.08,0.187,3.0023,0.7506
4485,2026-09-16 17:15:00,2026-09-16,17:15,17.25,2,0,222.37,13.29,2.9553,36.4,4.48,0.1631,23.54,3.53,0.0831,3.2015,0.8004
4486,2026-09-16 17:30:00,2026-09-16,17:30,17.5,2,0,223.71,12.87,2.8792,35.53,2.89,0.1027,27.75,4.31,0.1196,3.1015,0.7754
4487,2026-09-16 17:45:00,2026-09-16,17:45,17.75,2,0,221.69,11.62,2.576,34.38,2.4,0.0825,27.09,6.14,0.1663,2.8248,0.7062
4488,2026-09-16 18:00:00,2026-09-16,18:00,18.0,2,0,222.5,12.72,2.8302,33.36,1.35,0.045,28.44,5.83,0.1658,3.041,0.7602
4489,2026-09-16 18:15:00,2026-09-16,18:15,18.25,2,0,226.3,11.56,2.616,33.81,1.22,0.0413,27.81,7.03,0.1955,2.8528,0.7132
4490,2026-09-16 18:30:00,2026-09-16,18:30,18.5,2,0,227.02,11.76,2.6698,33.09,0.2,0.0066,19.71,1.33,0.0262,2.7026,0.6756
4491,2026-09-16 18:45:00,2026-09-16,18:45,18.75,2,0,225.17,12.24,2.7561,0.07,0.0,0.0,25.57,4.35,0.1112,2.8673,0.7168
4492,2026-09-16 19:00:00,2026-09-16,19:00,19.0,2,0,226.2,12.85,2.9067,0.25,0.0,0.0,21.71,2.49,0.0541,2.9608,0.7402
4493,2026-09-16 19:15:00,2026-09-16,19:15,19.25,2,0,226.87,4.34,0.9846,0.38,0.0,0.0,21.01,2.57,0.054,1.0386,0.2596
4494,2026-09-16 19:30:00,2026-09-16,19:30,19.5,2,0,222.46,4.93,1.0967,0.4,0.0,0.0,19.18,1.99,0.0382,1.1349,0.2837
4495,2026-09-16 19:45:00,2026-09-16,19:45,19.75,2,0,224.23,4.96,1.1122,0.22,0.0,0.0,23.4,4.03,0.0943,1.2065,0.3016
4496,2026-09-16 20:00:00,2026-09-16,20:00,20.0,2,0,223.44,4.99,1.115,0.75,0.0,0.0,19.65,2.38,0.0468,1.1618,0.2904
4497,2026-09-16 20:15:00,2026-09-16,20:15,20.25,2,0,224.3,4.14,0.9286,0.54,0.0,0.0,18.08,1.77,0.032,0.9606,0.2402
4498,2026-09-16 20:30:00,2026-09-16,20:30,20.5,2,0,226.58,3.87,0.8769,0.58,0.0,0.0,23.06,3.7,0.0853,0.9622,0.2406
4499,2026-09-16 20:45:00,2026-09-16,20:45,20.75,2,0,224.34,5.11,1.1464,0.22,0.0,0.0,25.04,4.37,0.1094,1.2558,0.314
4500,2026-09-16 21:00:00,2026-09-16,21:00,21.0,2,0,228.85,4.29,0.9818,0.2,0.0,0.0,20.98,1.62,0.034,1.0158,0.254
4501,2026-09-16 21:15:00,2026-09-16,21:15,21.25,2,0,226.1,4.0,0.9044,0.61,0.0,0.0,20.25,3.34,0.0676,0.972,0.243
4502,2026-09-16 21:30:00,2026-09-16,21:30,21.5,2,0,225.8,3.87,0.8739,0.4,0.0,0.0,22.94,2.02,0.0463,0.9202,0.2301
4503,2026-09-16 21:45:00,2026-09-16,21:45,21.75,2,0,228.81,3.25,0.7436,0.21,0.0,0.0,27.13,5.12,0.1389,0.8825,0.2206
4504,2026-09-16 22:00:00,2026-09-16,22:00,22.0,2,0,228.93,4.44,1.0165,0.65,0.0,0.0,33.27,8.78,0.2921,1.3086,0.3271
4505,2026-09-16 22:15:00,2026-09-16,22:15,22.25,2,0,228.23,3.81,0.8696,0.79,0.0,0.0,26.02,5.58,0.1452,1.0148,0.2537
4506,2026-09-16 22:30:00,2026-09-16,22:30,22.5,2,0,228.91,3.17,0.7256,0.18,0.0,0.0,28.59,6.18,0.1767,0.9023,0.2256
4507,2026-09-16 22:45:00,2026-09-16,22:45,22.75,2,0,225.36,4.19,0.9443,0.2,0.0,0.0,26.74,5.63,0.1506,1.0949,0.2737
4508,2026-09-16 23:00:00,2026-09-16,23:00,23.0,2,0,225.85,4.06,0.917,0.05,0.0,0.0,23.18,4.12,0.0955,1.0125,0.2531
4509,2026-09-16 23:15:00,2026-09-16,23:15,23.25,2,0,226.92,3.22,0.7307,0.76,0.0,0.0,28.31,6.74,0.1908,0.9215,0.2304
4510,2026-09-16 23:30:00,2026-09-16,23:30,23.5,2,0,229.27,2.41,0.5525,0.56,0.0,0.0,31.48,7.89,0.2484,0.8009,0.2002
4511,2026-09-16 23:45:00,2026-09-16,23:45,23.75,2,0,225.58,3.11,0.7016,0.49,0.0,0.0,26.79,4.74,0.127,0.8286,0.2072
4512,2026-09-17 00:00:00,2026-09-17,00:00,0.0,3,0,227.91,3.9,0.8889,0.6,0.0,0.0,33.32,9.8,0.3265,1.2154,0.3039
4513,2026-09-17 00:15:00,2026-09-17,00:15,0.25,3,0,228.16,3.82,0.8716,0.0,0.0,0.0,27.86,7.08,0.1973,1.0689,0.2672
4514,2026-09-17 00:30:00,2026-09-17,00:30,0.5,3,0,228.79,2.6,0.5948,0.44,0.0,0.0,36.21,9.93,0.3596,0.9544,0.2386
4515,2026-09-17 00:45:00,2026-09-17,00:45,0.75,3,0,230.01,2.95,0.6785,0.61,0.0,0.0,37.33,11.1,0.4144,1.0929,0.2732
4516,2026-09-17 01:00:00,2026-09-17,01:00,1.0,3,0,227.44,2.78,0.6323,0.2,0.0,0.0,38.87,10.68,0.4151,1.0474,0.2619
4517,2026-09-17 01:15:00,2026-09-17,01:15,1.25,3,0,227.62,5.03,1.1449,0.53,0.0,0.0,30.65,7.29,0.2234,1.3683,0.3421
4518,2026-09-17 01:30:00,2026-09-17,01:30,1.5,3,0,230.07,4.16,0.9571,0.55,0.0,0.0,30.94,7.07,0.2188,1.1759,0.294
4519,2026-09-17 01:45:00,2026-09-17,01:45,1.75,3,0,228.18,3.99,0.9104,0.78,0.0,0.0,31.06,7.19,0.2233,1.1337,0.2834
4520,2026-09-17 02:00:00,2026-09-17,02:00,2.0,3,0,227.88,3.87,0.8819,0.41,0.0,0.0,30.03,4.83,0.145,1.0269,0.2567
4521,2026-09-17 02:15:00,2026-09-17,02:15,2.25,3,0,228.73,3.79,0.8669,0.69,0.0,0.0,27.18,5.3,0.1441,1.011,0.2527
4522,2026-09-17 02:30:00,2026-09-17,02:30,2.5,3,0,229.97,4.26,0.9797,0.25,0.0,0.0,25.37,5.72,0.1451,1.1248,0.2812
4523,2026-09-17 02:45:00,2026-09-17,02:45,2.75,3,0,228.1,3.44,0.7847,0.64,0.0,0.0,24.62,3.55,0.0874,0.8721,0.218
4524,2026-09-17 03:00:00,2026-09-17,03:00,3.0,3,0,231.5,4.69,1.0857,0.71,0.0,0.0,20.74,1.51,0.0313,1.117,0.2792
4525,2026-09-17 03:15:00,2026-09-17,03:15,3.25,3,0,231.32,4.06,0.9392,0.33,0.0,0.0,25.01,4.21,0.1053,1.0445,0.2611
4526,2026-09-17 03:30:00,2026-09-17,03:30,3.5,3,0,231.22,5.63,1.3018,0.2,0.0,0.0,22.37,3.29,0.0736,1.3754,0.3438
4527,2026-09-17 03:45:00,2026-09-17,03:45,3.75,3,0,229.99,4.75,1.0925,0.23,0.0,0.0,20.18,3.69,0.0745,1.167,0.2918
4528,2026-09-17 04:00:00,2026-09-17,04:00,4.0,3,0,231.71,6.06,1.4042,0.74,0.0,0.0,18.13,0.17,0.0031,1.4073,0.3518
4529,2026-09-17 04:15:00,2026-09-17,04:15,4.25,3,0,232.93,4.19,0.976,0.01,0.0,0.0,17.54,1.04,0.0182,0.9942,0.2485
4530,2026-09-17 04:30:00,2026-09-17,04:30,4.5,3,0,229.87,5.25,1.2068,0.6,0.0,0.0,19.51,0.74,0.0144,1.2212,0.3053
4531,2026-09-17 04:45:00,2026-09-17,04:45,4.75,3,0,232.28,5.08,1.18,0.61,0.0,0.0,21.27,2.1,0.0447,1.2247,0.3062
4532,2026-09-17 05:00:00,2026-09-17,05:00,5.0,3,0,236.56,4.16,0.9841,0.31,0.0,0.0,18.71,0.97,0.0181,1.0022,0.2505
4533,2026-09-17 05:15:00,2026-09-17,05:15,5.25,3,0,231.59,4.43,1.0259,0.32,0.0,0.0,21.57,2.15,0.0464,1.0723,0.2681
4534,2026-09-17 05:30:00,2026-09-17,05:30,5.5,3,0,234.66,4.76,1.117,0.78,0.0,0.0,20.82,2.28,0.0475,1.1645,0.2911
4535,2026-09-17 05:45:00,2026-09-17,05:45,5.75,3,0,231.85,3.62,0.8393,0.2,0.0,0.0,25.47,5.37,0.1368,0.9761,0.244
4536,2026-09-17 06:00:00,2026-09-17,06:00,6.0,3,0,229.82,4.49,1.0319,33.03,0.31,0.0102,26.25,5.82,0.1528,1.1949,0.2987
4537,2026-09-17 06:15:00,2026-09-17,06:15,6.25,3,0,233.87,3.01,0.704,32.61,0.75,0.0245,28.52,6.14,0.1751,0.9036,0.2259
4538,2026-09-17 06:30:00,2026-09-17,06:30,6.5,3,0,232.67,4.14,0.9633,33.23,1.16,0.0385,26.66,5.45,0.1453,1.1471,0.2868
4539,2026-09-17 06:45:00,2026-09-17,06:45,6.75,3,0,237.67,2.91,0.6916,34.38,2.74,0.0942,26.45,4.53,0.1198,0.9056,0.2264
4540,2026-09-17 07:00:00,2026-09-17,07:00,7.0,3,0,231.95,3.19,0.7399,34.46,2.59,0.0892,28.74,7.65,0.2199,1.049,0.2622
4541,2026-09-17 07:15:00,2026-09-17,07:15,7.25,3,0,234.51,3.78,0.8865,37.03,3.97,0.147,26.63,5.54,0.1475,1.181,0.2953
4542,2026-09-17 07:30:00,2026-09-17,07:30,7.5,3,0,232.1,2.13,0.4944,36.33,3.47,0.1261,31.71,8.04,0.255,0.8755,0.2189
4543,2026-09-17 07:45:00,2026-09-17,07:45,7.75,3,0,232.81,2.76,0.6426,37.83,5.75,0.2175,31.39,7.21,0.2263,1.0864,0.2716
4544,2026-09-17 08:00:00,2026-09-17,08:00,8.0,3,0,235.39,11.46,2.6976,38.67,5.62,0.2173,35.28,8.53,0.3009,3.2158,0.804
4545,2026-09-17 08:15:00,2026-09-17,08:15,8.25,3,0,234.04,10.94,2.5604,37.75,7.14,0.2695,30.05,6.88,0.2067,3.0366,0.7591
4546,2026-09-17 08:30:00,2026-09-17,08:30,8.5,3,0,234.75,12.37,2.9039,40.42,8.17,0.3302,31.78,8.42,0.2676,3.5017,0.8754
4547,2026-09-17 08:45:00,2026-09-17,08:45,8.75,3,0,236.97,12.77,3.0261,41.09,9.0,0.3698,30.97,7.25,0.2245,3.6204,0.9051
4548,2026-09-17 09:00:00,2026-09-17,09:00,9.0,3,0,229.88,13.74,3.1585,41.58,10.92,0.4541,28.42,6.48,0.1842,3.7968,0.9492
4549,2026-09-17 09:15:00,2026-09-17,09:15,9.25,3,0,231.69,11.97,2.7733,41.52,11.3,0.4692,29.48,7.13,0.2102,3.4527,0.8632
4550,2026-09-17 09:30:00,2026-09-17,09:30,9.5,3,0,229.18,12.59,2.8854,41.55,12.11,0.5032,32.61,9.68,0.3157,3.7043,0.9261
4551,2026-09-17 09:45:00,2026-09-17,09:45,9.75,3,0,232.81,13.73,3.1965,43.18,12.1,0.5225,30.37,6.63,0.2014,3.9204,0.9801
4552,2026-09-17 10:00:00,2026-09-17,10:00,10.0,3,0,231.27,13.14,3.0389,43.85,12.42,0.5446,28.3,7.3,0.2066,3.7901,0.9475
4553,2026-09-17 10:15:00,2026-09-17,10:15,10.25,3,0,231.12,12.01,2.7757,44.71,13.1,0.5857,26.36,4.98,0.1313,3.4927,0.8732
4554,2026-09-17 10:30:00,2026-09-17,10:30,10.5,3,0,234.51,14.14,3.316,43.99,13.03,0.5732,31.54,6.08,0.1918,4.081,1.0203
4555,2026-09-17 10:45:00,2026-09-17,10:45,10.75,3,0,231.27,13.54,3.1314,45.5,12.23,0.5565,26.43,5.54,0.1464,3.8343,0.9586
4556,2026-09-17 11:00:00,2026-09-17,11:00,11.0,3,0,227.25,14.87,3.3792,44.34,11.55,0.5121,21.69,2.74,0.0594,3.9507,0.9877
4557,2026-09-17 11:15:00,2026-09-17,11:15,11.25,3,0,231.91,14.17,3.2862,42.69,12.11,0.517,22.22,2.97,0.066,3.8692,0.9673
4558,2026-09-17 11:30:00,2026-09-17,11:30,11.5,3,0,231.05,14.37,3.3202,42.57,11.97,0.5096,23.3,3.87,0.0902,3.92,0.98
4559,2026-09-17 11:45:00,2026-09-17,11:45,11.75,3,0,228.42,15.28,3.4903,42.54,10.49,0.4462,21.46,2.43,0.0522,3.9887,0.9972
4560,2026-09-17 12:00:00,2026-09-17,12:00,12.0,3,0,232.35,14.16,3.2901,41.26,10.27,0.4237,19.71,1.55,0.0306,3.7444,0.9361
4561,2026-09-17 12:15:00,2026-09-17,12:15,12.25,3,0,228.2,13.83,3.156,41.15,10.52,0.4329,17.8,1.91,0.034,3.6229,0.9057
4562,2026-09-17 12:30:00,2026-09-17,12:30,12.5,3,0,228.17,15.07,3.4385,41.39,10.16,0.4205,20.87,2.48,0.0518,3.9108,0.9777
4563,2026-09-17 12:45:00,2026-09-17,12:45,12.75,3,0,232.21,14.8,3.4367,42.85,10.95,0.4692,20.36,2.99,0.0609,3.9668,0.9917
4564,2026-09-17 13:00:00,2026-09-17,13:00,13.0,3,0,228.21,15.04,3.4323,41.73,11.66,0.4866,21.83,3.06,0.0668,3.9857,0.9964
4565,2026-09-17 13:15:00,2026-09-17,13:15,13.25,3,0,231.6,15.02,3.4786,44.43,12.2,0.542,18.14,2.28,0.0414,4.062,1.0155
4566,2026-09-17 13:30:00,2026-09-17,13:30,13.5,3,0,227.95,14.72,3.3554,44.2,12.31,0.5441,19.27,1.47,0.0283,3.9278,0.9819
4567,2026-09-17 13:45:00,2026-09-17,13:45,13.75,3,0,227.37,15.52,3.5288,44.32,12.89,0.5713,22.15,3.37,0.0747,4.1748,1.0437
4568,2026-09-17 14:00:00,2026-09-17,14:00,14.0,3,0,230.11,15.12,3.4793,43.63,14.19,0.6191,16.63,0.45,0.0075,4.1059,1.0265
4569,2026-09-17 14:15:00,2026-09-17,14:15,14.25,3,0,231.23,13.93,3.221,44.23,13.36,0.5909,17.96,0.95,0.0171,3.829,0.9573
4570,2026-09-17 14:30:00,2026-09-17,14:30,14.5,3,0,228.39,14.88,3.3984,43.82,13.23,0.5797,21.16,2.7,0.0571,4.0352,1.0088
4571,2026-09-17 14:45:00,2026-09-17,14:45,14.75,3,0,228.63,15.72,3.5941,44.09,12.23,0.5392,23.98,2.41,0.0578,4.1911,1.0478
4572,2026-09-17 15:00:00,2026-09-17,15:00,15.0,3,0,230.78,14.97,3.4548,42.93,11.27,0.4838,23.18,4.24,0.0983,4.0369,1.0092
4573,2026-09-17 15:15:00,2026-09-17,15:15,15.25,3,0,231.14,14.78,3.4162,41.72,11.82,0.4931,22.11,1.46,0.0323,3.9416,0.9854
4574,2026-09-17 15:30:00,2026-09-17,15:30,15.5,3,0,231.7,13.02,3.0167,41.12,9.29,0.382,23.59,4.5,0.1062,3.5049,0.8762
4575,2026-09-17 15:45:00,2026-09-17,15:45,15.75,3,0,229.19,13.29,3.0459,41.19,8.76,0.3608,25.72,3.98,0.1024,3.5091,0.8773
4576,2026-09-17 16:00:00,2026-09-17,16:00,16.0,3,0,228.18,13.98,3.19,39.96,8.07,0.3225,23.42,3.35,0.0785,3.591,0.8978
4577,2026-09-17 16:15:00,2026-09-17,16:15,16.25,3,0,229.57,14.34,3.292,39.01,6.19,0.2415,24.91,4.47,0.1113,3.6448,0.9112
4578,2026-09-17 16:30:00,2026-09-17,16:30,16.5,3,0,230.2,13.17,3.0317,39.08,6.56,0.2564,22.13,3.61,0.0799,3.368,0.842
4579,2026-09-17 16:45:00,2026-09-17,16:45,16.75,3,0,226.71,14.0,3.1739,36.74,5.43,0.1995,21.77,4.56,0.0993,3.4727,0.8682
4580,2026-09-17 17:00:00,2026-09-17,17:00,17.0,3,0,230.03,13.35,3.0709,35.93,4.07,0.1462,25.87,2.94,0.0761,3.2932,0.8233
4581,2026-09-17 17:15:00,2026-09-17,17:15,17.25,3,0,229.3,13.82,3.1689,34.78,2.83,0.0984,24.2,3.81,0.0922,3.3595,0.8399
4582,2026-09-17 17:30:00,2026-09-17,17:30,17.5,3,0,230.7,12.54,2.893,34.08,3.09,0.1053,20.67,2.56,0.0529,3.0512,0.7628
4583,2026-09-17 17:45:00,2026-09-17,17:45,17.75,3,0,227.22,12.37,2.8107,32.48,2.74,0.089,22.46,4.58,0.1029,3.0026,0.7507
4584,2026-09-17 18:00:00,2026-09-17,18:00,18.0,3,0,226.8,12.88,2.9212,33.57,0.68,0.0228,22.75,2.1,0.0478,2.9918,0.748
4585,2026-09-17 18:15:00,2026-09-17,18:15,18.25,3,0,230.7,11.15,2.5723,33.62,0.59,0.0198,22.81,3.12,0.0712,2.6633,0.6658
4586,2026-09-17 18:30:00,2026-09-17,18:30,18.5,3,0,229.08,12.79,2.9299,31.91,0.0,0.0,21.87,2.93,0.0641,2.994,0.7485
4587,2026-09-17 18:45:00,2026-09-17,18:45,18.75,3,0,230.17,11.79,2.7137,0.29,0.0,0.0,23.59,3.14,0.0741,2.7878,0.6969
4588,2026-09-17 19:00:00,2026-09-17,19:00,19.0,3,0,230.64,11.14,2.5693,0.01,0.0,0.0,21.55,1.31,0.0282,2.5975,0.6494
4589,2026-09-17 19:15:00,2026-09-17,19:15,19.25,3,0,230.2,3.7,0.8517,0.07,0.0,0.0,24.19,2.49,0.0602,0.9119,0.228
4590,2026-09-17 19:30:00,2026-09-17,19:30,19.5,3,0,225.92,3.19,0.7207,0.47,0.0,0.0,18.65,1.03,0.0192,0.7399,0.185
4591,2026-09-17 19:45:00,2026-09-17,19:45,19.75,3,0,228.56,4.9,1.1199,0.34,0.0,0.0,19.84,2.89,0.0573,1.1772,0.2943
4592,2026-09-17 20:00:00,2026-09-17,20:00,20.0,3,0,227.59,4.77,1.0856,0.6,0.0,0.0,20.05,1.81,0.0363,1.1219,0.2805
4593,2026-09-17 20:15:00,2026-09-17,20:15,20.25,3,0,229.59,4.35,0.9987,0.27,0.0,0.0,16.33,1.87,0.0305,1.0292,0.2573
4594,2026-09-17 20:30:00,2026-09-17,20:30,20.5,3,0,227.86,5.19,1.1826,0.12,0.0,0.0,17.65,1.46,0.0258,1.2084,0.3021
4595,2026-09-17 20:45:00,2026-09-17,20:45,20.75,3,0,227.54,4.82,1.0967,0.76,0.0,0.0,20.51,1.41,0.0289,1.1256,0.2814
4596,2026-09-17 21:00:00,2026-09-17,21:00,21.0,3,0,228.16,5.36,1.2229,0.33,0.0,0.0,19.62,1.58,0.031,1.2539,0.3135
4597,2026-09-17 21:15:00,2026-09-17,21:15,21.25,3,0,230.16,4.97,1.1439,0.38,0.0,0.0,18.18,0.61,0.0111,1.155,0.2888
4598,2026-09-17 21:30:00,2026-09-17,21:30,21.5,3,0,228.77,4.98,1.1393,0.77,0.0,0.0,17.68,0.0,0.0,1.1393,0.2848
4599,2026-09-17 21:45:00,2026-09-17,21:45,21.75,3,0,228.51,3.72,0.8501,0.62,0.0,0.0,13.39,0.98,0.0131,0.8632,0.2158
4600,2026-09-17 22:00:00,2026-09-17,22:00,22.0,3,0,228.21,2.77,0.6321,0.2,0.0,0.0,16.53,0.49,0.0081,0.6402,0.16
4601,2026-09-17 22:15:00,2026-09-17,22:15,22.25,3,0,227.11,4.82,1.0947,0.65,0.0,0.0,15.41,0.37,0.0057,1.1004,0.2751
4602,2026-09-17 22:30:00,2026-09-17,22:30,22.5,3,0,227.81,3.16,0.7199,0.41,0.0,0.0,18.41,0.03,0.0006,0.7205,0.1801
4603,2026-09-17 22:45:00,2026-09-17,22:45,22.75,3,0,225.28,3.32,0.7479,0.49,0.0,0.0,17.58,0.36,0.0063,0.7542,0.1885
4604,2026-09-17 23:00:00,2026-09-17,23:00,23.0,3,0,226.39,2.98,0.6746,0.27,0.0,0.0,18.23,0.86,0.0157,0.6903,0.1726
4605,2026-09-17 23:15:00,2026-09-17,23:15,23.25,3,0,225.44,2.59,0.5839,0.48,0.0,0.0,16.71,1.45,0.0242,0.6081,0.152
4606,2026-09-17 23:30:00,2026-09-17,23:30,23.5,3,0,224.61,3.3,0.7412,0.02,0.0,0.0,19.41,1.38,0.0268,0.768,0.192
4607,2026-09-17 23:45:00,2026-09-17,23:45,23.75,3,0,228.44,1.93,0.4409,0.06,0.0,0.0,19.63,0.0,0.0,0.4409,0.1102
4608,2026-09-18 00:00:00,2026-09-18,00:00,0.0,4,0,225.51,2.56,0.5773,0.51,0.0,0.0,25.15,5.36,0.1348,0.7121,0.178
4609,2026-09-18 00:15:00,2026-09-18,00:15,0.25,4,0,227.84,3.44,0.7838,0.57,0.0,0.0,21.75,3.89,0.0846,0.8684,0.2171
4610,2026-09-18 00:30:00,2026-09-18,00:30,0.5,4,0,226.88,3.79,0.8599,0.67,0.0,0.0,22.47,4.39,0.0986,0.9585,0.2396
4611,2026-09-18 00:45:00,2026-09-18,00:45,0.75,4,0,225.78,3.42,0.7722,0.55,0.0,0.0,25.31,4.24,0.1073,0.8795,0.2199
4612,2026-09-18 01:00:00,2026-09-18,01:00,1.0,4,0,229.04,3.73,0.8543,0.71,0.0,0.0,22.96,3.85,0.0884,0.9427,0.2357
4613,2026-09-18 01:15:00,2026-09-18,01:15,1.25,4,0,228.22,3.97,0.906,0.18,0.0,0.0,24.58,3.15,0.0774,0.9834,0.2459
4614,2026-09-18 01:30:00,2026-09-18,01:30,1.5,4,0,226.28,4.06,0.9187,0.02,0.0,0.0,26.55,4.66,0.1237,1.0424,0.2606
4615,2026-09-18 01:45:00,2026-09-18,01:45,1.75,4,0,224.52,4.2,0.943,0.32,0.0,0.0,29.26,5.05,0.1478,1.0908,0.2727
4616,2026-09-18 02:00:00,2026-09-18,02:00,2.0,4,0,223.37,4.75,1.061,0.45,0.0,0.0,28.03,4.28,0.12,1.181,0.2953
4617,2026-09-18 02:15:00,2026-09-18,02:15,2.25,4,0,227.53,4.24,0.9647,0.79,0.0,0.0,26.51,5.07,0.1344,1.0991,0.2748
4618,2026-09-18 02:30:00,2026-09-18,02:30,2.5,4,0,226.41,3.55,0.8038,0.19,0.0,0.0,25.67,4.26,0.1093,0.9131,0.2283
4619,2026-09-18 02:45:00,2026-09-18,02:45,2.75,4,0,225.21,4.31,0.9707,0.35,0.0,0.0,24.79,3.7,0.0917,1.0624,0.2656
4620,2026-09-18 03:00:00,2026-09-18,03:00,3.0,4,0,227.3,3.79,0.8615,0.4,0.0,0.0,23.94,2.28,0.0546,0.9161,0.229
4621,2026-09-18 03:15:00,2026-09-18,03:15,3.25,4,0,226.11,4.67,1.0559,0.14,0.0,0.0,23.46,3.79,0.0889,1.1448,0.2862
4622,2026-09-18 03:30:00,2026-09-18,03:30,3.5,4,0,226.12,4.35,0.9836,0.27,0.0,0.0,22.84,3.08,0.0703,1.0539,0.2635
4623,2026-09-18 03:45:00,2026-09-18,03:45,3.75,4,0,228.25,4.08,0.9313,0.05,0.0,0.0,23.46,3.73,0.0875,1.0188,0.2547
4624,2026-09-18 04:00:00,2026-09-18,04:00,4.0,4,0,225.33,4.91,1.1064,0.76,0.0,0.0,24.29,4.8,0.1166,1.223,0.3058
4625,2026-09-18 04:15:00,2026-09-18,04:15,4.25,4,0,229.56,4.34,0.9963,0.47,0.0,0.0,17.71,1.82,0.0322,1.0285,0.2571
4626,2026-09-18 04:30:00,2026-09-18,04:30,4.5,4,0,226.79,4.84,1.0977,0.51,0.0,0.0,19.88,3.2,0.0636,1.1613,0.2903
4627,2026-09-18 04:45:00,2026-09-18,04:45,4.75,4,0,226.61,5.09,1.1534,0.42,0.0,0.0,21.81,2.68,0.0585,1.2119,0.303
4628,2026-09-18 05:00:00,2026-09-18,05:00,5.0,4,0,231.1,4.46,1.0307,0.68,0.0,0.0,16.74,1.47,0.0246,1.0553,0.2638
4629,2026-09-18 05:15:00,2026-09-18,05:15,5.25,4,0,224.05,2.63,0.5893,0.34,0.0,0.0,16.94,1.23,0.0208,0.6101,0.1525
4630,2026-09-18 05:30:00,2026-09-18,05:30,5.5,4,0,227.2,4.4,0.9997,0.51,0.0,0.0,16.66,1.8,0.03,1.0297,0.2574
4631,2026-09-18 05:45:00,2026-09-18,05:45,5.75,4,0,226.53,3.52,0.7974,0.8,0.0,0.0,18.72,0.83,0.0155,0.8129,0.2032
4632,2026-09-18 06:00:00,2026-09-18,06:00,6.0,4,0,229.89,3.83,0.8805,32.39,0.0,0.0,18.47,1.85,0.0342,0.9147,0.2287
4633,2026-09-18 06:15:00,2026-09-18,06:15,6.25,4,0,225.11,3.81,0.8577,32.84,1.58,0.0519,17.1,0.52,0.0089,0.9185,0.2296
4634,2026-09-18 06:30:00,2026-09-18,06:30,6.5,4,0,223.45,3.65,0.8156,32.58,0.74,0.0241,17.14,0.59,0.0101,0.8498,0.2124
4635,2026-09-18 06:45:00,2026-09-18,06:45,6.75,4,0,227.79,3.23,0.7358,36.13,2.81,0.1015,16.22,0.6,0.0097,0.847,0.2117
4636,2026-09-18 07:00:00,2026-09-18,07:00,7.0,4,0,228.73,3.54,0.8097,34.64,2.75,0.0953,18.6,1.04,0.0193,0.9243,0.2311
4637,2026-09-18 07:15:00,2026-09-18,07:15,7.25,4,0,226.76,2.78,0.6304,36.16,3.75,0.1356,19.01,0.0,0.0,0.766,0.1915
4638,2026-09-18 07:30:00,2026-09-18,07:30,7.5,4,0,229.03,4.46,1.0215,37.45,5.22,0.1955,16.72,0.0,0.0,1.217,0.3043
4639,2026-09-18 07:45:00,2026-09-18,07:45,7.75,4,0,228.05,2.98,0.6796,36.71,5.52,0.2026,16.82,1.75,0.0294,0.9116,0.2279
4640,2026-09-18 08:00:00,2026-09-18,08:00,8.0,4,0,229.48,12.13,2.7836,37.57,6.18,0.2322,18.3,0.62,0.0113,3.0271,0.7568
4641,2026-09-18 08:15:00,2026-09-18,08:15,8.25,4,0,226.5,11.73,2.6568,37.74,7.42,0.28,19.87,1.65,0.0328,2.9696,0.7424
4642,2026-09-18 08:30:00,2026-09-18,08:30,8.5,4,0,228.59,11.69,2.6722,36.87,6.13,0.226,17.78,1.28,0.0228,2.921,0.7302
4643,2026-09-18 08:45:00,2026-09-18,08:45,8.75,4,0,225.06,12.56,2.8268,39.45,6.01,0.2371,19.65,2.01,0.0395,3.1034,0.7759
4644,2026-09-18 09:00:00,2026-09-18,09:00,9.0,4,0,224.5,13.03,2.9252,40.1,7.49,0.3004,18.36,1.42,0.0261,3.2517,0.8129
4645,2026-09-18 09:15:00,2026-09-18,09:15,9.25,4,0,224.48,12.61,2.8307,39.78,7.44,0.296,18.69,2.11,0.0394,3.1661,0.7915
4646,2026-09-18 09:30:00,2026-09-18,09:30,9.5,4,0,222.1,14.34,3.1849,39.82,8.9,0.3544,20.06,0.64,0.0128,3.5521,0.888
4647,2026-09-18 09:45:00,2026-09-18,09:45,9.75,4,0,225.58,13.14,2.9641,40.46,9.83,0.3977,15.72,0.44,0.0069,3.3687,0.8422
4648,2026-09-18 10:00:00,2026-09-18,10:00,10.0,4,0,223.35,13.23,2.9549,42.12,9.71,0.409,17.17,0.82,0.0141,3.378,0.8445
4649,2026-09-18 10:15:00,2026-09-18,10:15,10.25,4,0,227.32,14.16,3.2188,44.29,11.05,0.4894,15.62,0.53,0.0083,3.7165,0.9291
4650,2026-09-18 10:30:00,2026-09-18,10:30,10.5,4,0,226.1,13.08,2.9574,42.98,11.91,0.5119,20.62,1.05,0.0216,3.4909,0.8727
4651,2026-09-18 10:45:00,2026-09-18,10:45,10.75,4,0,230.39,15.02,3.4605,43.8,12.92,0.5659,17.31,0.15,0.0026,4.029,1.0072
4652,2026-09-18 11:00:00,2026-09-18,11:00,11.0,4,0,226.19,14.4,3.2571,45.37,13.87,0.6293,18.53,0.59,0.0109,3.8973,0.9743
4653,2026-09-18 11:15:00,2026-09-18,11:15,11.25,4,0,229.69,13.01,2.9883,46.27,14.65,0.6779,17.07,1.02,0.0174,3.6836,0.9209
4654,2026-09-18 11:30:00,2026-09-18,11:30,11.5,4,0,229.03,13.22,3.0278,46.69,14.64,0.6835,15.29,2.21,0.0338,3.7451,0.9363
4655,2026-09-18 11:45:00,2026-09-18,11:45,11.75,4,0,225.98,15.57,3.5185,46.33,14.67,0.6797,18.73,0.0,0.0,4.1982,1.0495
4656,2026-09-18 12:00:00,2026-09-18,12:00,12.0,4,0,229.03,14.68,3.3622,46.79,15.03,0.7033,16.16,1.14,0.0184,4.0839,1.021
4657,2026-09-18 12:15:00,2026-09-18,12:15,12.25,4,0,229.16,15.24,3.4924,46.38,15.19,0.7045,15.25,0.0,0.0,4.1969,1.0492
4658,2026-09-18 12:30:00,2026-09-18,12:30,12.5,4,0,231.23,13.92,3.2187,44.67,14.05,0.6276,17.04,0.17,0.0029,3.8492,0.9623
4659,2026-09-18 12:45:00,2026-09-18,12:45,12.75,4,0,227.9,15.12,3.4459,44.61,13.31,0.5938,18.75,1.7,0.0319,4.0716,1.0179
4660,2026-09-18 13:00:00,2026-09-18,13:00,13.0,4,0,228.1,16.0,3.6496,44.83,12.09,0.542,16.81,1.61,0.0271,4.2187,1.0547
4661,2026-09-18 13:15:00,2026-09-18,13:15,13.25,4,0,227.76,13.67,3.1135,43.15,10.89,0.4699,16.8,0.83,0.0139,3.5973,0.8993
4662,2026-09-18 13:30:00,2026-09-18,13:30,13.5,4,0,230.67,15.49,3.5731,41.63,10.89,0.4534,17.19,0.58,0.01,4.0365,1.0091
4663,2026-09-18 13:45:00,2026-09-18,13:45,13.75,4,0,225.89,14.18,3.2031,41.56,8.82,0.3666,15.85,1.15,0.0182,3.5879,0.897
4664,2026-09-18 14:00:00,2026-09-18,14:00,14.0,4,0,230.22,14.58,3.3566,42.12,10.15,0.4275,16.99,1.4,0.0238,3.8079,0.952
4665,2026-09-18 14:15:00,2026-09-18,14:15,14.25,4,0,229.71,15.65,3.595,38.99,9.38,0.3657,17.47,1.17,0.0204,3.9811,0.9953
4666,2026-09-18 14:30:00,2026-09-18,14:30,14.5,4,0,232.56,14.2,3.3024,40.19,8.98,0.3609,18.67,0.7,0.0131,3.6764,0.9191
4667,2026-09-18 14:45:00,2026-09-18,14:45,14.75,4,0,229.78,15.21,3.4949,40.39,8.44,0.3409,16.47,0.8,0.0132,3.849,0.9623
4668,2026-09-18 15:00:00,2026-09-18,15:00,15.0,4,0,231.48,13.86,3.2083,39.13,8.78,0.3436,17.54,0.93,0.0163,3.5682,0.8921
4669,2026-09-18 15:15:00,2026-09-18,15:15,15.25,4,0,225.95,15.05,3.4005,39.36,8.68,0.3416,16.84,1.76,0.0296,3.7717,0.9429
4670,2026-09-18 15:30:00,2026-09-18,15:30,15.5,4,0,230.49,15.08,3.4758,40.33,8.92,0.3597,17.81,1.4,0.0249,3.8604,0.9651
4671,2026-09-18 15:45:00,2026-09-18,15:45,15.75,4,0,230.29,15.9,3.6616,40.83,7.88,0.3217,17.98,0.77,0.0138,3.9971,0.9993
4672,2026-09-18 16:00:00,2026-09-18,16:00,16.0,4,0,231.34,14.7,3.4007,38.71,8.82,0.3414,16.78,0.38,0.0064,3.7485,0.9371
4673,2026-09-18 16:15:00,2026-09-18,16:15,16.25,4,0,231.64,13.79,3.1943,38.87,7.54,0.2931,16.49,0.0,0.0,3.4874,0.8719
4674,2026-09-18 16:30:00,2026-09-18,16:30,16.5,4,0,229.77,14.26,3.2765,39.29,7.81,0.3069,17.97,1.3,0.0234,3.6068,0.9017
4675,2026-09-18 16:45:00,2026-09-18,16:45,16.75,4,0,230.26,12.09,2.7838,37.18,6.36,0.2365,18.73,1.32,0.0247,3.045,0.7612
4676,2026-09-18 17:00:00,2026-09-18,17:00,17.0,4,0,227.19,13.76,3.1261,37.48,5.9,0.2211,19.33,2.47,0.0478,3.395,0.8488
4677,2026-09-18 17:15:00,2026-09-18,17:15,17.25,4,0,228.82,12.52,2.8648,36.78,4.46,0.164,21.73,1.88,0.0409,3.0697,0.7674
4678,2026-09-18 17:30:00,2026-09-18,17:30,17.5,4,0,230.84,12.35,2.8509,34.13,3.62,0.1235,20.15,2.48,0.05,3.0244,0.7561
4679,2026-09-18 17:45:00,2026-09-18,17:45,17.75,4,0,233.05,13.7,3.1928,34.88,2.74,0.0956,18.03,1.21,0.0218,3.3102,0.8276
4680,2026-09-18 18:00:00,2026-09-18,18:00,18.0,4,0,228.96,12.66,2.8986,35.15,2.46,0.0865,21.85,1.99,0.0435,3.0286,0.7571
4681,2026-09-18 18:15:00,2026-09-18,18:15,18.25,4,0,236.64,11.15,2.6385,33.5,1.06,0.0355,20.23,1.53,0.0309,2.7049,0.6762
4682,2026-09-18 18:30:00,2026-09-18,18:30,18.5,4,0,232.03,10.88,2.5245,32.61,0.6,0.0196,21.76,1.75,0.0381,2.5822,0.6455
4683,2026-09-18 18:45:00,2026-09-18,18:45,18.75,4,0,234.5,10.72,2.5138,0.68,0.0,0.0,25.89,4.18,0.1082,2.622,0.6555
4684,2026-09-18 19:00:00,2026-09-18,19:00,19.0,4,0,231.64,12.48,2.8909,0.06,0.0,0.0,23.05,3.15,0.0726,2.9635,0.7409
4685,2026-09-18 19:15:00,2026-09-18,19:15,19.25,4,0,235.84,5.46,1.2877,0.52,0.0,0.0,22.12,2.84,0.0628,1.3505,0.3376
4686,2026-09-18 19:30:00,2026-09-18,19:30,19.5,4,0,235.78,4.51,1.0634,0.18,0.0,0.0,22.85,3.75,0.0857,1.1491,0.2873
4687,2026-09-18 19:45:00,2026-09-18,19:45,19.75,4,0,238.69,4.22,1.0073,0.19,0.0,0.0,23.89,3.1,0.0741,1.0814,0.2703
4688,2026-09-18 20:00:00,2026-09-18,20:00,20.0,4,0,234.99,5.17,1.2149,0.78,0.0,0.0,24.83,4.22,0.1048,1.3197,0.3299
4689,2026-09-18 20:15:00,2026-09-18,20:15,20.25,4,0,233.39,3.58,0.8355,0.45,0.0,0.0,24.78,4.12,0.1021,0.9376,0.2344
4690,2026-09-18 20:30:00,2026-09-18,20:30,20.5,4,0,235.53,3.77,0.888,0.73,0.0,0.0,20.04,1.87,0.0375,0.9255,0.2314
4691,2026-09-18 20:45:00,2026-09-18,20:45,20.75,4,0,232.39,5.08,1.1805,0.58,0.0,0.0,22.66,4.88,0.1106,1.2911,0.3228
4692,2026-09-18 21:00:00,2026-09-18,21:00,21.0,4,0,230.44,4.74,1.0923,0.67,0.0,0.0,23.74,5.65,0.1341,1.2264,0.3066
4693,2026-09-18 21:15:00,2026-09-18,21:15,21.25,4,0,236.95,4.33,1.026,0.68,0.0,0.0,23.03,3.84,0.0884,1.1144,0.2786
4694,2026-09-18 21:30:00,2026-09-18,21:30,21.5,4,0,232.97,2.13,0.4962,0.38,0.0,0.0,24.32,3.34,0.0812,0.5774,0.1444
4695,2026-09-18 21:45:00,2026-09-18,21:45,21.75,4,0,234.86,3.88,0.9113,0.69,0.0,0.0,21.22,2.23,0.0473,0.9586,0.2397
4696,2026-09-18 22:00:00,2026-09-18,22:00,22.0,4,0,232.22,4.1,0.9521,0.41,0.0,0.0,22.79,3.97,0.0905,1.0426,0.2606
4697,2026-09-18 22:15:00,2026-09-18,22:15,22.25,4,0,234.44,2.91,0.6822,0.68,0.0,0.0,19.17,1.48,0.0284,0.7106,0.1777
4698,2026-09-18 22:30:00,2026-09-18,22:30,22.5,4,0,233.36,4.32,1.0081,0.24,0.0,0.0,18.34,1.19,0.0218,1.0299,0.2575
4699,2026-09-18 22:45:00,2026-09-18,22:45,22.75,4,0,233.27,2.79,0.6508,0.4,0.0,0.0,23.35,4.97,0.1161,0.7669,0.1917
4700,2026-09-18 23:00:00,2026-09-18,23:00,23.0,4,0,233.98,2.17,0.5077,0.06,0.0,0.0,19.67,2.59,0.051,0.5587,0.1397
4701,2026-09-18 23:15:00,2026-09-18,23:15,23.25,4,0,231.17,3.06,0.7074,0.74,0.0,0.0,18.64,0.35,0.0065,0.7139,0.1785
4702,2026-09-18 23:30:00,2026-09-18,23:30,23.5,4,0,231.37,2.98,0.6895,0.36,0.0,0.0,19.33,1.84,0.0356,0.7251,0.1813
4703,2026-09-18 23:45:00,2026-09-18,23:45,23.75,4,0,230.79,2.63,0.607,0.59,0.0,0.0,21.35,1.45,0.031,0.638,0.1595
4704,2026-09-19 00:00:00,2026-09-19,00:00,0.0,5,1,230.7,3.87,0.8928,0.39,0.0,0.0,16.72,0.58,0.0097,0.9025,0.2256
4705,2026-09-19 00:15:00,2026-09-19,00:15,0.25,5,1,231.38,3.81,0.8816,0.33,0.0,0.0,18.2,1.05,0.0191,0.9007,0.2252
4706,2026-09-19 00:30:00,2026-09-19,00:30,0.5,5,1,228.3,3.8,0.8675,0.51,0.0,0.0,17.48,2.03,0.0355,0.903,0.2258
4707,2026-09-19 00:45:00,2026-09-19,00:45,0.75,5,1,230.47,2.96,0.6822,0.34,0.0,0.0,15.38,0.11,0.0017,0.6839,0.171
4708,2026-09-19 01:00:00,2026-09-19,01:00,1.0,5,1,231.45,3.68,0.8517,0.77,0.0,0.0,18.81,0.91,0.0171,0.8688,0.2172
4709,2026-09-19 01:15:00,2026-09-19,01:15,1.25,5,1,228.76,3.24,0.7412,0.55,0.0,0.0,19.02,1.43,0.0272,0.7684,0.1921
4710,2026-09-19 01:30:00,2026-09-19,01:30,1.5,5,1,233.12,4.06,0.9465,0.02,0.0,0.0,18.4,0.47,0.0086,0.9551,0.2388
4711,2026-09-19 01:45:00,2026-09-19,01:45,1.75,5,1,229.83,4.67,1.0733,0.13,0.0,0.0,18.05,0.01,0.0002,1.0735,0.2684
4712,2026-09-19 02:00:00,2026-09-19,02:00,2.0,5,1,232.41,3.33,0.7739,0.34,0.0,0.0,19.57,0.0,0.0,0.7739,0.1935
4713,2026-09-19 02:15:00,2026-09-19,02:15,2.25,5,1,231.19,5.07,1.1721,0.32,0.0,0.0,20.24,0.76,0.0154,1.1875,0.2969
4714,2026-09-19 02:30:00,2026-09-19,02:30,2.5,5,1,230.04,5.45,1.2537,0.42,0.0,0.0,19.59,1.53,0.03,1.2837,0.3209
4715,2026-09-19 02:45:00,2026-09-19,02:45,2.75,5,1,231.79,5.12,1.1868,0.74,0.0,0.0,18.21,1.6,0.0291,1.2159,0.304
4716,2026-09-19 03:00:00,2026-09-19,03:00,3.0,5,1,229.61,3.2,0.7348,0.46,0.0,0.0,18.62,2.17,0.0404,0.7752,0.1938
4717,2026-09-19 03:15:00,2026-09-19,03:15,3.25,5,1,230.71,5.2,1.1997,0.53,0.0,0.0,21.07,1.33,0.028,1.2277,0.3069
4718,2026-09-19 03:30:00,2026-09-19,03:30,3.5,5,1,227.57,5.71,1.2994,0.57,0.0,0.0,22.09,2.37,0.0524,1.3518,0.3379
4719,2026-09-19 03:45:00,2026-09-19,03:45,3.75,5,1,228.92,4.5,1.0301,0.77,0.0,0.0,24.67,4.28,0.1056,1.1357,0.2839
4720,2026-09-19 04:00:00,2026-09-19,04:00,4.0,5,1,230.12,3.81,0.8768,0.25,0.0,0.0,21.7,2.45,0.0532,0.93,0.2325
4721,2026-09-19 04:15:00,2026-09-19,04:15,4.25,5,1,228.65,4.34,0.9923,0.44,0.0,0.0,21.8,2.56,0.0558,1.0481,0.262
4722,2026-09-19 04:30:00,2026-09-19,04:30,4.5,5,1,226.97,4.74,1.0758,0.24,0.0,0.0,21.75,2.72,0.0592,1.135,0.2838
4723,2026-09-19 04:45:00,2026-09-19,04:45,4.75,5,1,228.03,3.69,0.8414,0.66,0.0,0.0,20.19,2.25,0.0454,0.8868,0.2217
4724,2026-09-19 05:00:00,2026-09-19,05:00,5.0,5,1,225.82,4.68,1.0568,0.54,0.0,0.0,22.7,3.19,0.0724,1.1292,0.2823
4725,2026-09-19 05:15:00,2026-09-19,05:15,5.25,5,1,229.61,4.48,1.0287,0.1,0.0,0.0,22.75,3.18,0.0723,1.101,0.2752
4726,2026-09-19 05:30:00,2026-09-19,05:30,5.5,5,1,227.62,3.81,0.8672,0.01,0.0,0.0,20.26,3.11,0.063,0.9302,0.2326
4727,2026-09-19 05:45:00,2026-09-19,05:45,5.75,5,1,225.36,3.39,0.764,0.79,0.0,0.0,20.48,3.23,0.0662,0.8302,0.2076
4728,2026-09-19 06:00:00,2026-09-19,06:00,6.0,5,1,230.54,5.07,1.1688,30.97,0.71,0.022,21.0,2.38,0.05,1.2408,0.3102
4729,2026-09-19 06:15:00,2026-09-19,06:15,6.25,5,1,226.42,4.38,0.9917,34.48,0.0,0.0,25.29,3.58,0.0905,1.0822,0.2706
4730,2026-09-19 06:30:00,2026-09-19,06:30,6.5,5,1,226.02,3.03,0.6848,32.59,1.08,0.0352,20.65,2.77,0.0572,0.7772,0.1943
4731,2026-09-19 06:45:00,2026-09-19,06:45,6.75,5,1,227.96,4.01,0.9141,34.01,2.72,0.0925,22.02,2.47,0.0544,1.061,0.2652
4732,2026-09-19 07:00:00,2026-09-19,07:00,7.0,5,1,228.67,4.29,0.981,34.66,2.03,0.0704,19.33,2.48,0.0479,1.0993,0.2748
4733,2026-09-19 07:15:00,2026-09-19,07:15,7.25,5,1,226.96,2.39,0.5424,35.98,4.78,0.172,19.44,1.5,0.0292,0.7436,0.1859
4734,2026-09-19 07:30:00,2026-09-19,07:30,7.5,5,1,226.6,4.49,1.0174,37.54,4.64,0.1742,19.19,1.83,0.0351,1.2267,0.3067
4735,2026-09-19 07:45:00,2026-09-19,07:45,7.75,5,1,227.16,3.2,0.7269,36.7,5.91,0.2169,17.41,1.7,0.0296,0.9734,0.2434
4736,2026-09-19 08:00:00,2026-09-19,08:00,8.0,5,1,226.34,2.39,0.541,40.27,7.22,0.2908,21.15,1.66,0.0351,0.8669,0.2167
4737,2026-09-19 08:15:00,2026-09-19,08:15,8.25,5,1,227.21,1.61,0.3658,40.41,7.98,0.3225,19.29,2.75,0.053,0.7413,0.1853
4738,2026-09-19 08:30:00,2026-09-19,08:30,8.5,5,1,228.37,1.0,0.2284,40.95,8.77,0.3591,20.12,1.25,0.0251,0.6126,0.1532
4739,2026-09-19 08:45:00,2026-09-19,08:45,8.75,5,1,225.91,1.96,0.4428,42.42,9.84,0.4174,19.62,0.97,0.019,0.8792,0.2198
4740,2026-09-19 09:00:00,2026-09-19,09:00,9.0,5,1,227.21,3.79,0.8611,40.55,10.3,0.4177,19.06,2.39,0.0456,1.3244,0.3311
4741,2026-09-19 09:15:00,2026-09-19,09:15,9.25,5,1,226.12,1.91,0.4319,40.16,10.61,0.4261,20.51,1.65,0.0338,0.8918,0.223
4742,2026-09-19 09:30:00,2026-09-19,09:30,9.5,5,1,225.06,1.18,0.2656,43.06,10.92,0.4702,18.16,2.13,0.0387,0.7745,0.1936
4743,2026-09-19 09:45:00,2026-09-19,09:45,9.75,5,1,228.51,1.73,0.3953,40.55,10.79,0.4375,20.46,1.21,0.0248,0.8576,0.2144
4744,2026-09-19 10:00:00,2026-09-19,10:00,10.0,5,1,228.76,1.0,0.2288,41.7,10.29,0.4291,16.17,1.41,0.0228,0.6807,0.1702
4745,2026-09-19 10:15:00,2026-09-19,10:15,10.25,5,1,228.55,1.86,0.4251,41.33,11.33,0.4683,21.83,3.57,0.0779,0.9713,0.2428
4746,2026-09-19 10:30:00,2026-09-19,10:30,10.5,5,1,227.97,1.26,0.2872,42.05,10.23,0.4302,20.26,2.26,0.0458,0.7632,0.1908
4747,2026-09-19 10:45:00,2026-09-19,10:45,10.75,5,1,226.13,1.25,0.2827,43.49,10.03,0.4362,25.05,2.49,0.0624,0.7813,0.1953
4748,2026-09-19 11:00:00,2026-09-19,11:00,11.0,5,1,227.58,1.78,0.4051,41.54,10.16,0.4221,22.32,4.49,0.1002,0.9274,0.2319
4749,2026-09-19 11:15:00,2026-09-19,11:15,11.25,5,1,226.91,3.25,0.7375,40.75,10.53,0.4291,24.57,4.46,0.1096,1.2762,0.3191
4750,2026-09-19 11:30:00,2026-09-19,11:30,11.5,5,1,224.87,3.08,0.6926,43.12,10.94,0.4717,24.45,4.76,0.1164,1.2807,0.3202
4751,2026-09-19 11:45:00,2026-09-19,11:45,11.75,5,1,225.55,1.33,0.3,43.96,11.21,0.4928,30.53,6.11,0.1865,0.9793,0.2448
4752,2026-09-19 12:00:00,2026-09-19,12:00,12.0,5,1,225.19,1.0,0.2252,44.01,11.27,0.496,18.37,1.86,0.0342,0.7554,0.1888
4753,2026-09-19 12:15:00,2026-09-19,12:15,12.25,5,1,225.74,1.57,0.3544,43.93,11.5,0.5052,29.66,6.13,0.1818,1.0414,0.2604
4754,2026-09-19 12:30:00,2026-09-19,12:30,12.5,5,1,225.67,1.15,0.2595,45.04,12.02,0.5414,31.95,7.26,0.232,1.0329,0.2582
4755,2026-09-19 12:45:00,2026-09-19,12:45,12.75,5,1,228.12,2.17,0.495,45.02,13.66,0.615,30.07,7.48,0.2249,1.3349,0.3337
4756,2026-09-19 13:00:00,2026-09-19,13:00,13.0,5,1,227.09,2.45,0.5564,43.4,13.96,0.6059,32.69,10.49,0.3429,1.5052,0.3763
4757,2026-09-19 13:15:00,2026-09-19,13:15,13.25,5,1,228.14,1.0,0.2281,45.51,14.33,0.6522,31.04,8.1,0.2514,1.1317,0.2829
4758,2026-09-19 13:30:00,2026-09-19,13:30,13.5,5,1,229.46,2.66,0.6104,46.54,14.01,0.652,33.83,6.78,0.2294,1.4918,0.373
4759,2026-09-19 13:45:00,2026-09-19,13:45,13.75,5,1,227.86,1.36,0.3099,46.46,13.12,0.6096,30.87,5.67,0.175,1.0945,0.2736
4760,2026-09-19 14:00:00,2026-09-19,14:00,14.0,5,1,227.13,3.13,0.7109,44.99,12.72,0.5723,28.17,6.11,0.1721,1.4553,0.3638
4761,2026-09-19 14:15:00,2026-09-19,14:15,14.25,5,1,223.78,1.71,0.3827,43.98,12.93,0.5687,26.5,4.77,0.1264,1.0778,0.2695
4762,2026-09-19 14:30:00,2026-09-19,14:30,14.5,5,1,226.77,1.71,0.3878,44.38,11.63,0.5161,29.95,7.48,0.224,1.1279,0.282
4763,2026-09-19 14:45:00,2026-09-19,14:45,14.75,5,1,228.61,2.8,0.6401,41.5,12.11,0.5026,27.82,5.89,0.1639,1.3066,0.3266
4764,2026-09-19 15:00:00,2026-09-19,15:00,15.0,5,1,228.08,2.79,0.6363,41.58,10.71,0.4453,20.89,2.8,0.0585,1.1401,0.285
4765,2026-09-19 15:15:00,2026-09-19,15:15,15.25,5,1,230.29,3.24,0.7461,40.36,8.89,0.3588,25.7,5.37,0.138,1.2429,0.3107
4766,2026-09-19 15:30:00,2026-09-19,15:30,15.5,5,1,231.92,2.99,0.6934,41.65,8.31,0.3461,26.44,5.24,0.1386,1.1781,0.2945
4767,2026-09-19 15:45:00,2026-09-19,15:45,15.75,5,1,231.24,2.33,0.5388,39.09,7.95,0.3108,18.74,1.57,0.0294,0.879,0.2198
4768,2026-09-19 16:00:00,2026-09-19,16:00,16.0,5,1,228.37,4.79,1.0939,36.98,5.9,0.2182,20.35,2.03,0.0413,1.3534,0.3383
4769,2026-09-19 16:15:00,2026-09-19,16:15,16.25,5,1,225.11,3.15,0.7091,39.06,6.03,0.2355,24.33,3.96,0.0963,1.0409,0.2602
4770,2026-09-19 16:30:00,2026-09-19,16:30,16.5,5,1,229.91,3.73,0.8576,36.85,5.96,0.2196,18.22,2.17,0.0395,1.1167,0.2792
4771,2026-09-19 16:45:00,2026-09-19,16:45,16.75,5,1,230.45,3.08,0.7098,36.43,3.68,0.1341,21.15,2.67,0.0565,0.9004,0.2251
4772,2026-09-19 17:00:00,2026-09-19,17:00,17.0,5,1,227.31,4.78,1.0865,36.09,4.56,0.1646,21.76,1.02,0.0222,1.2733,0.3183
4773,2026-09-19 17:15:00,2026-09-19,17:15,17.25,5,1,229.57,4.9,1.1249,33.81,3.62,0.1224,21.54,3.56,0.0767,1.324,0.331
4774,2026-09-19 17:30:00,2026-09-19,17:30,17.5,5,1,231.56,3.75,0.8684,34.56,2.43,0.084,21.62,2.65,0.0573,1.0097,0.2524
4775,2026-09-19 17:45:00,2026-09-19,17:45,17.75,5,1,230.14,3.69,0.8492,33.14,2.61,0.0865,19.0,1.66,0.0315,0.9672,0.2418
4776,2026-09-19 18:00:00,2026-09-19,18:00,18.0,5,1,231.81,4.99,1.1567,34.14,1.66,0.0567,20.95,1.47,0.0308,1.2442,0.311
4777,2026-09-19 18:15:00,2026-09-19,18:15,18.25,5,1,230.84,3.88,0.8957,32.65,0.0,0.0,18.33,2.18,0.04,0.9357,0.2339
4778,2026-09-19 18:30:00,2026-09-19,18:30,18.5,5,1,229.48,4.34,0.9959,33.7,0.0,0.0,23.36,2.93,0.0684,1.0643,0.2661
4779,2026-09-19 18:45:00,2026-09-19,18:45,18.75,5,1,232.74,5.76,1.3406,0.24,0.0,0.0,27.07,4.61,0.1248,1.4654,0.3664
4780,2026-09-19 19:00:00,2026-09-19,19:00,19.0,5,1,231.91,4.5,1.0436,0.35,0.0,0.0,28.45,6.97,0.1983,1.2419,0.3105
4781,2026-09-19 19:15:00,2026-09-19,19:15,19.25,5,1,230.73,4.58,1.0567,0.76,0.0,0.0,32.75,7.67,0.2512,1.3079,0.327
4782,2026-09-19 19:30:00,2026-09-19,19:30,19.5,5,1,231.73,5.09,1.1795,0.35,0.0,0.0,28.01,5.76,0.1613,1.3408,0.3352
4783,2026-09-19 19:45:00,2026-09-19,19:45,19.75,5,1,227.72,3.97,0.904,0.54,0.0,0.0,29.18,5.81,0.1695,1.0735,0.2684
4784,2026-09-19 20:00:00,2026-09-19,20:00,20.0,5,1,232.03,4.1,0.9513,0.25,0.0,0.0,32.1,7.59,0.2436,1.1949,0.2987
4785,2026-09-19 20:15:00,2026-09-19,20:15,20.25,5,1,230.62,5.76,1.3284,0.03,0.0,0.0,38.08,8.58,0.3267,1.6551,0.4138
4786,2026-09-19 20:30:00,2026-09-19,20:30,20.5,5,1,233.16,4.34,1.0119,0.13,0.0,0.0,30.04,7.79,0.234,1.2459,0.3115
4787,2026-09-19 20:45:00,2026-09-19,20:45,20.75,5,1,230.49,5.9,1.3599,0.74,0.0,0.0,30.4,7.92,0.2408,1.6007,0.4002
4788,2026-09-19 21:00:00,2026-09-19,21:00,21.0,5,1,234.79,3.67,0.8617,0.76,0.0,0.0,34.86,9.17,0.3197,1.1814,0.2954
4789,2026-09-19 21:15:00,2026-09-19,21:15,21.25,5,1,230.31,4.49,1.0341,0.05,0.0,0.0,40.42,11.2,0.4527,1.4868,0.3717
4790,2026-09-19 21:30:00,2026-09-19,21:30,21.5,5,1,230.42,4.38,1.0092,0.36,0.0,0.0,37.25,10.65,0.3967,1.4059,0.3515
4791,2026-09-19 21:45:00,2026-09-19,21:45,21.75,5,1,234.09,4.31,1.0089,0.3,0.0,0.0,33.08,8.38,0.2772,1.2861,0.3215
4792,2026-09-19 22:00:00,2026-09-19,22:00,22.0,5,1,231.99,4.4,1.0208,0.25,0.0,0.0,40.88,12.81,0.5237,1.5445,0.3861
4793,2026-09-19 22:15:00,2026-09-19,22:15,22.25,5,1,235.95,3.29,0.7763,0.64,0.0,0.0,41.28,10.78,0.445,1.2213,0.3053
4794,2026-09-19 22:30:00,2026-09-19,22:30,22.5,5,1,231.94,4.31,0.9997,0.07,0.0,0.0,41.71,12.32,0.5139,1.5136,0.3784
4795,2026-09-19 22:45:00,2026-09-19,22:45,22.75,5,1,235.93,1.0,0.2359,0.74,0.0,0.0,37.99,9.89,0.3757,0.6116,0.1529
4796,2026-09-19 23:00:00,2026-09-19,23:00,23.0,5,1,234.55,3.26,0.7646,0.02,0.0,0.0,28.28,4.46,0.1261,0.8907,0.2227
4797,2026-09-19 23:15:00,2026-09-19,23:15,23.25,5,1,235.75,4.21,0.9925,0.2,0.0,0.0,31.79,7.39,0.2349,1.2274,0.3069
4798,2026-09-19 23:30:00,2026-09-19,23:30,23.5,5,1,233.91,2.75,0.6432,0.2,0.0,0.0,35.33,10.11,0.3572,1.0004,0.2501
4799,2026-09-19 23:45:00,2026-09-19,23:45,23.75,5,1,232.13,3.73,0.8658,0.78,0.0,0.0,33.63,6.87,0.231,1.0968,0.2742
4800,2026-09-20 00:00:00,2026-09-20,00:00,0.0,6,1,232.28,3.99,0.9268,0.18,0.0,0.0,24.89,3.39,0.0844,1.0112,0.2528
4801,2026-09-20 00:15:00,2026-09-20,00:15,0.25,6,1,234.47,3.97,0.9309,0.35,0.0,0.0,20.98,3.96,0.0831,1.014,0.2535
4802,2026-09-20 00:30:00,2026-09-20,00:30,0.5,6,1,230.52,3.6,0.8299,0.05,0.0,0.0,21.02,2.6,0.0546,0.8845,0.2211
4803,2026-09-20 00:45:00,2026-09-20,00:45,0.75,6,1,235.07,2.3,0.5407,0.31,0.0,0.0,17.93,0.56,0.01,0.5507,0.1377
4804,2026-09-20 01:00:00,2026-09-20,01:00,1.0,6,1,232.09,4.73,1.0978,0.52,0.0,0.0,18.63,2.42,0.0451,1.1429,0.2857
4805,2026-09-20 01:15:00,2026-09-20,01:15,1.25,6,1,232.85,4.13,0.9617,0.16,0.0,0.0,16.43,0.31,0.0051,0.9668,0.2417
4806,2026-09-20 01:30:00,2026-09-20,01:30,1.5,6,1,234.72,5.57,1.3074,0.58,0.0,0.0,19.15,0.87,0.0167,1.3241,0.331
4807,2026-09-20 01:45:00,2026-09-20,01:45,1.75,6,1,232.09,4.66,1.0815,0.15,0.0,0.0,25.43,4.16,0.1058,1.1873,0.2968
4808,2026-09-20 02:00:00,2026-09-20,02:00,2.0,6,1,231.46,3.85,0.8911,0.54,0.0,0.0,18.57,1.07,0.0199,0.911,0.2278
4809,2026-09-20 02:15:00,2026-09-20,02:15,2.25,6,1,237.73,3.86,0.9176,0.21,0.0,0.0,20.22,4.49,0.0908,1.0084,0.2521
4810,2026-09-20 02:30:00,2026-09-20,02:30,2.5,6,1,236.5,4.0,0.946,0.45,0.0,0.0,19.04,1.04,0.0198,0.9658,0.2414
4811,2026-09-20 02:45:00,2026-09-20,02:45,2.75,6,1,237.01,4.51,1.0689,0.26,0.0,0.0,19.77,2.64,0.0522,1.1211,0.2803
4812,2026-09-20 03:00:00,2026-09-20,03:00,3.0,6,1,232.75,5.17,1.2033,0.45,0.0,0.0,18.09,1.32,0.0239,1.2272,0.3068
4813,2026-09-20 03:15:00,2026-09-20,03:15,3.25,6,1,232.43,4.84,1.125,0.74,0.0,0.0,20.83,1.7,0.0354,1.1604,0.2901
4814,2026-09-20 03:30:00,2026-09-20,03:30,3.5,6,1,232.13,5.38,1.2489,0.74,0.0,0.0,23.69,3.55,0.0841,1.333,0.3332
4815,2026-09-20 03:45:00,2026-09-20,03:45,3.75,6,1,232.72,4.93,1.1473,0.64,0.0,0.0,22.35,4.46,0.0997,1.247,0.3118
4816,2026-09-20 04:00:00,2026-09-20,04:00,4.0,6,1,231.66,5.41,1.2533,0.03,0.0,0.0,20.21,1.05,0.0212,1.2745,0.3186
4817,2026-09-20 04:15:00,2026-09-20,04:15,4.25,6,1,234.15,4.19,0.9811,0.38,0.0,0.0,22.58,2.06,0.0465,1.0276,0.2569
4818,2026-09-20 04:30:00,2026-09-20,04:30,4.5,6,1,234.93,4.69,1.1018,0.52,0.0,0.0,26.03,4.34,0.113,1.2148,0.3037
4819,2026-09-20 04:45:00,2026-09-20,04:45,4.75,6,1,231.05,3.75,0.8664,0.78,0.0,0.0,28.78,5.5,0.1583,1.0247,0.2562
4820,2026-09-20 05:00:00,2026-09-20,05:00,5.0,6,1,233.08,4.44,1.0349,0.25,0.0,0.0,27.53,8.0,0.2202,1.2551,0.3138
4821,2026-09-20 05:15:00,2026-09-20,05:15,5.25,6,1,236.22,5.22,1.2331,0.71,0.0,0.0,32.38,8.38,0.2713,1.5044,0.3761
4822,2026-09-20 05:30:00,2026-09-20,05:30,5.5,6,1,233.15,5.7,1.329,0.2,0.0,0.0,34.49,9.61,0.3314,1.6604,0.4151
4823,2026-09-20 05:45:00,2026-09-20,05:45,5.75,6,1,235.38,3.95,0.9297,0.58,0.0,0.0,29.36,7.71,0.2264,1.1561,0.289
4824,2026-09-20 06:00:00,2026-09-20,06:00,6.0,6,1,231.95,3.53,0.8188,32.71,0.29,0.0095,35.81,9.82,0.3516,1.1799,0.295
4825,2026-09-20 06:15:00,2026-09-20,06:15,6.25,6,1,232.28,5.48,1.2729,34.14,0.0,0.0,28.9,7.5,0.2167,1.4896,0.3724
4826,2026-09-20 06:30:00,2026-09-20,06:30,6.5,6,1,230.09,3.4,0.7823,34.54,0.87,0.0301,35.44,9.47,0.3356,1.148,0.287
4827,2026-09-20 06:45:00,2026-09-20,06:45,6.75,6,1,232.34,2.28,0.5297,33.73,3.27,0.1103,33.33,6.72,0.224,0.864,0.216
4828,2026-09-20 07:00:00,2026-09-20,07:00,7.0,6,1,229.18,3.04,0.6967,35.9,2.87,0.103,35.87,9.73,0.349,1.1487,0.2872
4829,2026-09-20 07:15:00,2026-09-20,07:15,7.25,6,1,234.04,4.1,0.9596,34.62,3.56,0.1232,40.04,10.77,0.4312,1.514,0.3785
4830,2026-09-20 07:30:00,2026-09-20,07:30,7.5,6,1,228.98,4.03,0.9228,36.57,3.74,0.1368,37.91,10.74,0.4071,1.4667,0.3667
4831,2026-09-20 07:45:00,2026-09-20,07:45,7.75,6,1,234.27,3.65,0.8551,36.31,4.47,0.1623,31.75,8.07,0.2562,1.2736,0.3184
4832,2026-09-20 08:00:00,2026-09-20,08:00,8.0,6,1,233.49,1.99,0.4646,35.69,5.57,0.1988,28.46,7.25,0.2063,0.8697,0.2174
4833,2026-09-20 08:15:00,2026-09-20,08:15,8.25,6,1,230.63,2.66,0.6135,37.99,5.04,0.1915,30.55,7.33,0.2239,1.0289,0.2572
4834,2026-09-20 08:30:00,2026-09-20,08:30,8.5,6,1,227.69,2.45,0.5578,38.06,6.61,0.2516,36.45,9.89,0.3605,1.1699,0.2925
4835,2026-09-20 08:45:00,2026-09-20,08:45,8.75,6,1,232.9,2.46,0.5729,40.0,7.64,0.3056,29.19,5.64,0.1646,1.0431,0.2608
4836,2026-09-20 09:00:00,2026-09-20,09:00,9.0,6,1,234.36,2.75,0.6445,39.13,7.56,0.2958,25.23,5.66,0.1428,1.0831,0.2708
4837,2026-09-20 09:15:00,2026-09-20,09:15,9.25,6,1,230.16,1.28,0.2946,40.66,8.96,0.3643,24.66,4.09,0.1009,0.7598,0.19
4838,2026-09-20 09:30:00,2026-09-20,09:30,9.5,6,1,231.15,2.68,0.6195,41.76,9.28,0.3875,29.89,7.7,0.2301,1.2371,0.3093
4839,2026-09-20 09:45:00,2026-09-20,09:45,9.75,6,1,227.84,2.45,0.5582,42.58,10.89,0.4637,30.15,6.13,0.1848,1.2067,0.3017
4840,2026-09-20 10:00:00,2026-09-20,10:00,10.0,6,1,231.06,3.16,0.7301,44.3,11.9,0.5272,17.98,1.19,0.0214,1.2787,0.3197
4841,2026-09-20 10:15:00,2026-09-20,10:15,10.25,6,1,228.03,1.99,0.4538,44.21,13.56,0.5995,29.98,6.15,0.1844,1.2377,0.3094
4842,2026-09-20 10:30:00,2026-09-20,10:30,10.5,6,1,231.28,2.35,0.5435,44.91,14.65,0.6579,20.1,2.17,0.0436,1.245,0.3113
4843,2026-09-20 10:45:00,2026-09-20,10:45,10.75,6,1,228.5,2.22,0.5073,46.23,14.25,0.6588,23.48,4.1,0.0963,1.2624,0.3156
4844,2026-09-20 11:00:00,2026-09-20,11:00,11.0,6,1,228.42,1.55,0.3541,45.76,15.0,0.6864,16.41,2.11,0.0346,1.0751,0.2688
4845,2026-09-20 11:15:00,2026-09-20,11:15,11.25,6,1,229.13,1.45,0.3322,46.41,14.05,0.6521,17.93,0.3,0.0054,0.9897,0.2474
4846,2026-09-20 11:30:00,2026-09-20,11:30,11.5,6,1,228.63,1.94,0.4435,45.69,13.38,0.6113,23.42,2.56,0.06,1.1148,0.2787
4847,2026-09-20 11:45:00,2026-09-20,11:45,11.75,6,1,225.54,1.0,0.2255,45.78,12.82,0.5869,27.04,5.06,0.1368,0.9492,0.2373
4848,2026-09-20 12:00:00,2026-09-20,12:00,12.0,6,1,225.43,1.15,0.2592,45.27,13.88,0.6284,22.43,2.91,0.0653,0.9529,0.2382
4849,2026-09-20 12:15:00,2026-09-20,12:15,12.25,6,1,227.91,1.21,0.2758,43.55,13.51,0.5884,28.22,5.39,0.1521,1.0163,0.2541
4850,2026-09-20 12:30:00,2026-09-20,12:30,12.5,6,1,226.94,2.17,0.4925,45.1,11.6,0.5232,30.92,6.38,0.1973,1.213,0.3033
4851,2026-09-20 12:45:00,2026-09-20,12:45,12.75,6,1,224.94,1.49,0.3352,43.05,11.73,0.505,24.04,3.51,0.0844,0.9246,0.2311
4852,2026-09-20 13:00:00,2026-09-20,13:00,13.0,6,1,227.44,2.29,0.5208,43.66,10.91,0.4763,25.37,5.25,0.1332,1.1303,0.2826
4853,2026-09-20 13:15:00,2026-09-20,13:15,13.25,6,1,228.87,2.42,0.5539,41.48,9.68,0.4015,32.85,9.45,0.3104,1.2658,0.3165
4854,2026-09-20 13:30:00,2026-09-20,13:30,13.5,6,1,228.39,1.71,0.3906,41.57,10.22,0.4249,29.82,7.61,0.2269,1.0424,0.2606
4855,2026-09-20 13:45:00,2026-09-20,13:45,13.75,6,1,227.12,3.09,0.7018,40.95,10.57,0.4328,29.38,7.22,0.2121,1.3467,0.3367
4856,2026-09-20 14:00:00,2026-09-20,14:00,14.0,6,1,225.18,1.3,0.2927,43.17,9.85,0.4252,44.04,13.4,0.5901,1.308,0.327
4857,2026-09-20 14:15:00,2026-09-20,14:15,14.25,6,1,229.08,1.87,0.4284,41.84,9.52,0.3983,36.03,10.65,0.3837,1.2104,0.3026
4858,2026-09-20 14:30:00,2026-09-20,14:30,14.5,6,1,225.79,2.66,0.6006,42.37,10.46,0.4432,40.38,11.83,0.4777,1.5215,0.3804
4859,2026-09-20 14:45:00,2026-09-20,14:45,14.75,6,1,227.38,2.56,0.5821,41.91,10.65,0.4463,37.36,9.54,0.3564,1.3848,0.3462
4860,2026-09-20 15:00:00,2026-09-20,15:00,15.0,6,1,226.66,2.75,0.6233,42.52,10.65,0.4528,41.59,9.84,0.4093,1.4854,0.3714
4861,2026-09-20 15:15:00,2026-09-20,15:15,15.25,6,1,228.59,3.57,0.8161,40.41,10.82,0.4372,44.96,13.02,0.5854,1.8387,0.4597
4862,2026-09-20 15:30:00,2026-09-20,15:30,15.5,6,1,227.5,3.78,0.8599,41.15,10.29,0.4234,39.84,11.05,0.4402,1.7235,0.4309
4863,2026-09-20 15:45:00,2026-09-20,15:45,15.75,6,1,225.16,3.2,0.7205,40.08,9.52,0.3816,42.2,12.56,0.53,1.6321,0.408
4864,2026-09-20 16:00:00,2026-09-20,16:00,16.0,6,1,223.57,4.32,0.9658,41.67,8.99,0.3746,35.54,9.83,0.3494,1.6898,0.4224
4865,2026-09-20 16:15:00,2026-09-20,16:15,16.25,6,1,226.6,3.31,0.75,39.05,8.62,0.3366,37.92,11.61,0.4402,1.5268,0.3817
4866,2026-09-20 16:30:00,2026-09-20,16:30,16.5,6,1,226.35,3.16,0.7153,39.8,7.24,0.2881,36.09,10.23,0.3692,1.3726,0.3432
4867,2026-09-20 16:45:00,2026-09-20,16:45,16.75,6,1,225.9,3.75,0.8471,38.73,5.45,0.2111,31.72,8.74,0.2772,1.3354,0.3338
4868,2026-09-20 17:00:00,2026-09-20,17:00,17.0,6,1,227.59,5.25,1.1948,36.53,4.8,0.1753,37.2,9.11,0.3389,1.709,0.4273
4869,2026-09-20 17:15:00,2026-09-20,17:15,17.25,6,1,225.62,4.05,0.9138,35.36,3.81,0.1347,36.61,10.37,0.3796,1.4281,0.357
4870,2026-09-20 17:30:00,2026-09-20,17:30,17.5,6,1,226.61,3.57,0.809,35.32,2.65,0.0936,28.6,6.46,0.1848,1.0874,0.2718
4871,2026-09-20 17:45:00,2026-09-20,17:45,17.75,6,1,226.17,3.97,0.8979,33.42,2.8,0.0936,28.39,5.77,0.1638,1.1553,0.2888
4872,2026-09-20 18:00:00,2026-09-20,18:00,18.0,6,1,222.66,4.24,0.9441,32.25,1.78,0.0574,29.97,6.1,0.1828,1.1843,0.2961
4873,2026-09-20 18:15:00,2026-09-20,18:15,18.25,6,1,224.75,3.16,0.7102,33.3,0.04,0.0013,26.93,4.77,0.1285,0.84,0.21
4874,2026-09-20 18:30:00,2026-09-20,18:30,18.5,6,1,226.8,5.21,1.1816,32.73,0.79,0.0259,22.45,2.85,0.064,1.2715,0.3179
4875,2026-09-20 18:45:00,2026-09-20,18:45,18.75,6,1,226.09,4.51,1.0197,0.77,0.0,0.0,18.69,0.56,0.0105,1.0302,0.2576
4876,2026-09-20 19:00:00,2026-09-20,19:00,19.0,6,1,224.11,5.04,1.1295,0.07,0.0,0.0,20.8,3.41,0.0709,1.2004,0.3001
4877,2026-09-20 19:15:00,2026-09-20,19:15,19.25,6,1,228.16,3.85,0.8784,0.4,0.0,0.0,26.01,4.88,0.1269,1.0053,0.2513
4878,2026-09-20 19:30:00,2026-09-20,19:30,19.5,6,1,226.27,5.38,1.2173,0.48,0.0,0.0,20.74,1.76,0.0365,1.2538,0.3135
4879,2026-09-20 19:45:00,2026-09-20,19:45,19.75,6,1,223.85,3.93,0.8797,0.59,0.0,0.0,27.51,4.92,0.1353,1.015,0.2537
4880,2026-09-20 20:00:00,2026-09-20,20:00,20.0,6,1,224.96,4.22,0.9493,0.67,0.0,0.0,17.7,2.2,0.0389,0.9882,0.247
4881,2026-09-20 20:15:00,2026-09-20,20:15,20.25,6,1,228.8,3.54,0.81,0.61,0.0,0.0,23.05,3.02,0.0696,0.8796,0.2199
4882,2026-09-20 20:30:00,2026-09-20,20:30,20.5,6,1,224.45,4.39,0.9853,0.32,0.0,0.0,22.78,3.87,0.0882,1.0735,0.2684
4883,2026-09-20 20:45:00,2026-09-20,20:45,20.75,6,1,226.21,4.86,1.0994,0.09,0.0,0.0,24.68,3.01,0.0743,1.1737,0.2934
4884,2026-09-20 21:00:00,2026-09-20,21:00,21.0,6,1,224.64,3.72,0.8357,0.09,0.0,0.0,33.2,9.03,0.2998,1.1355,0.2839
4885,2026-09-20 21:15:00,2026-09-20,21:15,21.25,6,1,228.02,3.98,0.9075,0.31,0.0,0.0,36.89,11.3,0.4169,1.3244,0.3311
4886,2026-09-20 21:30:00,2026-09-20,21:30,21.5,6,1,226.93,2.2,0.4993,0.61,0.0,0.0,34.58,7.52,0.26,0.7593,0.1898
4887,2026-09-20 21:45:00,2026-09-20,21:45,21.75,6,1,228.62,3.64,0.8322,0.09,0.0,0.0,32.52,9.87,0.321,1.1532,0.2883
4888,2026-09-20 22:00:00,2026-09-20,22:00,22.0,6,1,228.58,4.95,1.1315,0.5,0.0,0.0,33.88,8.53,0.289,1.4205,0.3551
4889,2026-09-20 22:15:00,2026-09-20,22:15,22.25,6,1,227.21,3.11,0.7066,0.36,0.0,0.0,38.92,11.63,0.4526,1.1592,0.2898
4890,2026-09-20 22:30:00,2026-09-20,22:30,22.5,6,1,230.72,3.77,0.8698,0.12,0.0,0.0,39.18,11.1,0.4349,1.3047,0.3262
4891,2026-09-20 22:45:00,2026-09-20,22:45,22.75,6,1,229.6,3.29,0.7554,0.11,0.0,0.0,37.97,10.0,0.3797,1.1351,0.2838
4892,2026-09-20 23:00:00,2026-09-20,23:00,23.0,6,1,226.8,4.05,0.9185,0.27,0.0,0.0,44.1,14.53,0.6408,1.5593,0.3898
4893,2026-09-20 23:15:00,2026-09-20,23:15,23.25,6,1,229.63,4.53,1.0402,0.07,0.0,0.0,39.99,12.55,0.5019,1.5421,0.3855
4894,2026-09-20 23:30:00,2026-09-20,23:30,23.5,6,1,231.44,3.4,0.7869,0.19,0.0,0.0,42.18,12.28,0.518,1.3049,0.3262
4895,2026-09-20 23:45:00,2026-09-20,23:45,23.75,6,1,226.38,3.91,0.8851,0.29,0.0,0.0,37.44,10.38,0.3886,1.2737,0.3184
4896,2026-09-21 00:00:00,2026-09-21,00:00,0.0,0,0,229.18,2.83,0.6486,0.08,0.0,0.0,37.96,11.24,0.4267,1.0753,0.2688
4897,2026-09-21 00:15:00,2026-09-21,00:15,0.25,0,0,227.06,2.14,0.4859,0.74,0.0,0.0,46.96,15.26,0.7166,1.2025,0.3006
4898,2026-09-21 00:30:00,2026-09-21,00:30,0.5,0,0,228.58,2.34,0.5349,0.39,0.0,0.0,36.38,10.12,0.3682,0.9031,0.2258
4899,2026-09-21 00:45:00,2026-09-21,00:45,0.75,0,0,229.27,3.19,0.7314,0.2,0.0,0.0,36.19,7.76,0.2808,1.0122,0.253
4900,2026-09-21 01:00:00,2026-09-21,01:00,1.0,0,0,230.88,3.59,0.8289,0.44,0.0,0.0,34.9,8.87,0.3096,1.1385,0.2846
4901,2026-09-21 01:15:00,2026-09-21,01:15,1.25,0,0,228.42,4.21,0.9617,0.12,0.0,0.0,39.6,12.72,0.5037,1.4654,0.3664
4902,2026-09-21 01:30:00,2026-09-21,01:30,1.5,0,0,231.49,3.68,0.8519,0.3,0.0,0.0,39.27,11.69,0.4591,1.311,0.3277
4903,2026-09-21 01:45:00,2026-09-21,01:45,1.75,0,0,228.99,2.97,0.6801,0.66,0.0,0.0,40.28,12.42,0.5003,1.1804,0.2951
4904,2026-09-21 02:00:00,2026-09-21,02:00,2.0,0,0,230.88,2.09,0.4825,0.58,0.0,0.0,28.48,6.22,0.1772,0.6597,0.1649
4905,2026-09-21 02:15:00,2026-09-21,02:15,2.25,0,0,228.42,4.0,0.9137,0.51,0.0,0.0,33.73,8.4,0.2833,1.197,0.2993
4906,2026-09-21 02:30:00,2026-09-21,02:30,2.5,0,0,233.62,4.59,1.0723,0.1,0.0,0.0,21.33,3.57,0.0762,1.1485,0.2871
4907,2026-09-21 02:45:00,2026-09-21,02:45,2.75,0,0,229.94,3.5,0.8048,0.34,0.0,0.0,32.71,7.8,0.2551,1.0599,0.265
4908,2026-09-21 03:00:00,2026-09-21,03:00,3.0,0,0,232.89,4.9,1.1412,0.71,0.0,0.0,21.12,4.03,0.0851,1.2263,0.3066
4909,2026-09-21 03:15:00,2026-09-21,03:15,3.25,0,0,233.56,4.49,1.0487,0.3,0.0,0.0,28.42,5.85,0.1663,1.215,0.3038
4910,2026-09-21 03:30:00,2026-09-21,03:30,3.5,0,0,230.05,5.43,1.2492,0.37,0.0,0.0,25.88,5.38,0.1392,1.3884,0.3471
4911,2026-09-21 03:45:00,2026-09-21,03:45,3.75,0,0,231.37,4.38,1.0134,0.68,0.0,0.0,25.84,3.18,0.0822,1.0956,0.2739
4912,2026-09-21 04:00:00,2026-09-21,04:00,4.0,0,0,233.64,5.59,1.306,0.58,0.0,0.0,26.56,3.56,0.0945,1.4005,0.3501
4913,2026-09-21 04:15:00,2026-09-21,04:15,4.25,0,0,231.05,4.11,0.9496,0.18,0.0,0.0,20.31,3.01,0.0611,1.0107,0.2527
4914,2026-09-21 04:30:00,2026-09-21,04:30,4.5,0,0,232.15,4.11,0.9541,0.56,0.0,0.0,21.22,2.78,0.059,1.0131,0.2533
4915,2026-09-21 04:45:00,2026-09-21,04:45,4.75,0,0,230.64,4.79,1.1048,0.78,0.0,0.0,24.77,4.61,0.1142,1.219,0.3048
4916,2026-09-21 05:00:00,2026-09-21,05:00,5.0,0,0,233.44,5.41,1.2629,0.76,0.0,0.0,22.3,3.94,0.0879,1.3508,0.3377
4917,2026-09-21 05:15:00,2026-09-21,05:15,5.25,0,0,233.22,4.57,1.0658,0.21,0.0,0.0,27.31,5.4,0.1475,1.2133,0.3033
4918,2026-09-21 05:30:00,2026-09-21,05:30,5.5,0,0,234.41,4.15,0.9728,0.32,0.0,0.0,24.32,5.77,0.1403,1.1131,0.2783
4919,2026-09-21 05:45:00,2026-09-21,05:45,5.75,0,0,232.94,3.08,0.7175,0.67,0.0,0.0,25.74,4.82,0.1241,0.8416,0.2104
4920,2026-09-21 06:00:00,2026-09-21,06:00,6.0,0,0,236.71,4.11,0.9729,31.78,0.15,0.0048,22.37,2.86,0.064,1.0417,0.2604
4921,2026-09-21 06:15:00,2026-09-21,06:15,6.25,0,0,231.46,3.91,0.905,32.33,0.0,0.0,29.7,6.98,0.2073,1.1123,0.2781
4922,2026-09-21 06:30:00,2026-09-21,06:30,6.5,0,0,232.99,4.2,0.9786,32.34,1.29,0.0417,34.37,9.16,0.3148,1.3351,0.3338
4923,2026-09-21 06:45:00,2026-09-21,06:45,6.75,0,0,234.28,3.47,0.813,31.44,1.18,0.0371,33.92,8.46,0.287,1.1371,0.2843
4924,2026-09-21 07:00:00,2026-09-21,07:00,7.0,0,0,234.82,5.47,1.2845,34.38,1.25,0.043,38.35,11.12,0.4264,1.7539,0.4385
4925,2026-09-21 07:15:00,2026-09-21,07:15,7.25,0,0,230.91,4.3,0.9929,31.9,1.82,0.0581,29.86,7.38,0.2204,1.2714,0.3179
4926,2026-09-21 07:30:00,2026-09-21,07:30,7.5,0,0,235.37,4.13,0.9721,33.96,2.72,0.0924,38.42,11.7,0.4495,1.514,0.3785
4927,2026-09-21 07:45:00,2026-09-21,07:45,7.75,0,0,232.21,3.17,0.7361,34.09,1.81,0.0617,42.35,13.61,0.5764,1.3742,0.3436
4928,2026-09-21 08:00:00,2026-09-21,08:00,8.0,0,0,230.54,11.0,2.5359,35.68,3.18,0.1135,46.6,13.78,0.6421,3.2915,0.8229
4929,2026-09-21 08:15:00,2026-09-21,08:15,8.25,0,0,232.39,12.35,2.87,35.54,3.12,0.1109,40.69,13.7,0.5575,3.5384,0.8846
4930,2026-09-21 08:30:00,2026-09-21,08:30,8.5,0,0,237.62,12.78,3.0368,35.75,3.67,0.1312,42.22,13.69,0.578,3.746,0.9365
4931,2026-09-21 08:45:00,2026-09-21,08:45,8.75,0,0,235.47,11.65,2.7432,35.48,4.09,0.1451,47.12,14.97,0.7054,3.5937,0.8984
4932,2026-09-21 09:00:00,2026-09-21,09:00,9.0,0,0,231.94,12.32,2.8575,36.79,2.8,0.103,42.51,13.77,0.5854,3.5459,0.8865
4933,2026-09-21 09:15:00,2026-09-21,09:15,9.25,0,0,229.89,14.42,3.315,36.19,3.13,0.1133,29.43,7.63,0.2245,3.6528,0.9132
4934,2026-09-21 09:30:00,2026-09-21,09:30,9.5,0,0,230.01,12.55,2.8866,34.89,4.05,0.1413,39.45,12.42,0.49,3.5179,0.8795
4935,2026-09-21 09:45:00,2026-09-21,09:45,9.75,0,0,233.28,12.4,2.8927,36.42,3.59,0.1308,45.03,13.95,0.6282,3.6517,0.9129
4936,2026-09-21 10:00:00,2026-09-21,10:00,10.0,0,0,230.54,13.86,3.1953,34.63,3.1,0.1074,47.4,15.4,0.73,4.0327,1.0082
4937,2026-09-21 10:15:00,2026-09-21,10:15,10.25,0,0,230.11,12.45,2.8649,35.14,3.94,0.1384,42.89,13.29,0.57,3.5733,0.8933
4938,2026-09-21 10:30:00,2026-09-21,10:30,10.5,0,0,230.03,14.25,3.2779,34.95,3.92,0.137,36.44,7.52,0.274,3.6889,0.9222
4939,2026-09-21 10:45:00,2026-09-21,10:45,10.75,0,0,230.0,14.15,3.2545,34.37,4.41,0.1516,32.22,9.18,0.2958,3.7019,0.9255
4940,2026-09-21 11:00:00,2026-09-21,11:00,11.0,0,0,228.87,14.71,3.3667,36.23,4.07,0.1475,26.89,6.32,0.1699,3.6841,0.921
4941,2026-09-21 11:15:00,2026-09-21,11:15,11.25,0,0,232.2,14.79,3.4342,36.32,4.9,0.178,31.05,7.23,0.2245,3.8367,0.9592
4942,2026-09-21 11:30:00,2026-09-21,11:30,11.5,0,0,229.47,14.0,3.2126,36.75,5.67,0.2084,31.71,6.88,0.2182,3.6392,0.9098
4943,2026-09-21 11:45:00,2026-09-21,11:45,11.75,0,0,229.64,13.51,3.1024,37.46,4.86,0.1821,22.21,3.88,0.0862,3.3707,0.8427
4944,2026-09-21 12:00:00,2026-09-21,12:00,12.0,0,0,228.79,15.84,3.624,38.13,5.22,0.199,17.64,0.55,0.0097,3.8327,0.9582
4945,2026-09-21 12:15:00,2026-09-21,12:15,12.25,0,0,231.32,14.79,3.4212,38.39,5.98,0.2296,18.29,1.3,0.0238,3.6746,0.9186
4946,2026-09-21 12:30:00,2026-09-21,12:30,12.5,0,0,229.29,14.67,3.3637,38.21,6.16,0.2354,22.96,2.34,0.0537,3.6528,0.9132
4947,2026-09-21 12:45:00,2026-09-21,12:45,12.75,0,0,230.73,15.53,3.5832,37.94,6.25,0.2371,27.7,5.6,0.1551,3.9754,0.9939
4948,2026-09-21 13:00:00,2026-09-21,13:00,13.0,0,0,231.5,13.86,3.2086,37.8,5.95,0.2249,25.14,4.05,0.1018,3.5353,0.8838
4949,2026-09-21 13:15:00,2026-09-21,13:15,13.25,0,0,229.34,15.32,3.5135,36.38,6.63,0.2412,24.86,2.99,0.0743,3.829,0.9573
4950,2026-09-21 13:30:00,2026-09-21,13:30,13.5,0,0,227.39,14.84,3.3745,37.4,5.38,0.2012,20.93,3.08,0.0645,3.6402,0.9101
4951,2026-09-21 13:45:00,2026-09-21,13:45,13.75,0,0,231.86,14.79,3.4292,36.22,5.2,0.1883,33.73,8.37,0.2823,3.8998,0.9749
4952,2026-09-21 14:00:00,2026-09-21,14:00,14.0,0,0,227.87,15.6,3.5548,38.56,4.91,0.1893,16.27,0.78,0.0127,3.7568,0.9392
4953,2026-09-21 14:15:00,2026-09-21,14:15,14.25,0,0,228.26,15.87,3.6225,35.9,4.5,0.1615,25.4,3.66,0.093,3.877,0.9692
4954,2026-09-21 14:30:00,2026-09-21,14:30,14.5,0,0,227.95,13.79,3.1434,35.57,5.02,0.1786,37.66,10.55,0.3973,3.7193,0.9298
4955,2026-09-21 14:45:00,2026-09-21,14:45,14.75,0,0,227.06,14.92,3.3877,35.77,3.82,0.1366,33.14,10.55,0.3496,3.8739,0.9685
4956,2026-09-21 15:00:00,2026-09-21,15:00,15.0,0,0,230.93,14.12,3.2607,35.39,3.17,0.1122,35.25,8.42,0.2968,3.6697,0.9174
4957,2026-09-21 15:15:00,2026-09-21,15:15,15.25,0,0,226.16,15.5,3.5055,34.85,3.05,0.1063,38.52,10.5,0.4045,4.0163,1.0041
4958,2026-09-21 15:30:00,2026-09-21,15:30,15.5,0,0,223.73,13.88,3.1054,33.07,2.22,0.0734,36.68,10.94,0.4013,3.5801,0.895
4959,2026-09-21 15:45:00,2026-09-21,15:45,15.75,0,0,227.38,13.69,3.1128,35.56,3.6,0.128,42.11,12.73,0.5361,3.7769,0.9442
4960,2026-09-21 16:00:00,2026-09-21,16:00,16.0,0,0,225.09,13.59,3.059,34.08,1.89,0.0644,37.91,11.74,0.4451,3.5685,0.8921
4961,2026-09-21 16:15:00,2026-09-21,16:15,16.25,0,0,224.13,14.1,3.1602,33.21,1.44,0.0478,39.03,12.12,0.473,3.681,0.9203
4962,2026-09-21 16:30:00,2026-09-21,16:30,16.5,0,0,226.36,13.42,3.0377,33.61,2.01,0.0676,25.67,5.74,0.1473,3.2526,0.8132
4963,2026-09-21 16:45:00,2026-09-21,16:45,16.75,0,0,222.23,13.31,2.9579,33.79,2.48,0.0838,44.48,13.35,0.5938,3.6355,0.9089
4964,2026-09-21 17:00:00,2026-09-21,17:00,17.0,0,0,223.28,13.02,2.9071,33.73,2.51,0.0847,40.2,10.8,0.4342,3.426,0.8565
4965,2026-09-21 17:15:00,2026-09-21,17:15,17.25,0,0,224.87,12.61,2.8356,33.5,1.67,0.0559,45.27,13.67,0.6188,3.5103,0.8776
4966,2026-09-21 17:30:00,2026-09-21,17:30,17.5,0,0,226.24,12.72,2.8778,34.68,0.52,0.018,44.94,14.15,0.6359,3.5317,0.8829
4967,2026-09-21 17:45:00,2026-09-21,17:45,17.75,0,0,225.31,12.87,2.8997,32.77,1.41,0.0462,41.3,12.31,0.5084,3.4543,0.8636
4968,2026-09-21 18:00:00,2026-09-21,18:00,18.0,0,0,227.92,12.76,2.9083,31.8,0.53,0.0169,40.74,10.7,0.4359,3.3611,0.8403
4969,2026-09-21 18:15:00,2026-09-21,18:15,18.25,0,0,225.37,11.29,2.5444,31.36,0.53,0.0166,33.16,9.12,0.3024,2.8634,0.7158
4970,2026-09-21 18:30:00,2026-09-21,18:30,18.5,0,0,228.61,11.61,2.6542,31.67,0.0,0.0,40.79,13.32,0.5433,3.1975,0.7994
4971,2026-09-21 18:45:00,2026-09-21,18:45,18.75,0,0,231.78,11.49,2.6631,0.04,0.0,0.0,34.3,8.39,0.2878,2.9509,0.7377
4972,2026-09-21 19:00:00,2026-09-21,19:00,19.0,0,0,228.79,11.67,2.67,0.69,0.0,0.0,41.75,12.5,0.5219,3.1919,0.798
4973,2026-09-21 19:15:00,2026-09-21,19:15,19.25,0,0,226.75,4.22,0.9569,0.29,0.0,0.0,38.47,10.33,0.3974,1.3543,0.3386
4974,2026-09-21 19:30:00,2026-09-21,19:30,19.5,0,0,231.99,4.85,1.1252,0.1,0.0,0.0,34.01,8.62,0.2932,1.4184,0.3546
4975,2026-09-21 19:45:00,2026-09-21,19:45,19.75,0,0,227.91,6.49,1.4791,0.09,0.0,0.0,46.89,14.42,0.6762,2.1553,0.5388
4976,2026-09-21 20:00:00,2026-09-21,20:00,20.0,0,0,226.16,5.95,1.3457,0.44,0.0,0.0,28.16,5.82,0.1639,1.5096,0.3774
4977,2026-09-21 20:15:00,2026-09-21,20:15,20.25,0,0,224.84,4.5,1.0118,0.42,0.0,0.0,32.65,7.48,0.2442,1.256,0.314
4978,2026-09-21 20:30:00,2026-09-21,20:30,20.5,0,0,224.0,5.93,1.3283,0.76,0.0,0.0,29.63,6.35,0.1882,1.5165,0.3791
4979,2026-09-21 20:45:00,2026-09-21,20:45,20.75,0,0,228.65,4.32,0.9878,0.07,0.0,0.0,30.54,7.27,0.222,1.2098,0.3024
4980,2026-09-21 21:00:00,2026-09-21,21:00,21.0,0,0,224.83,3.8,0.8544,0.48,0.0,0.0,23.32,3.43,0.08,0.9344,0.2336
4981,2026-09-21 21:15:00,2026-09-21,21:15,21.25,0,0,226.88,4.3,0.9756,0.27,0.0,0.0,24.33,3.34,0.0813,1.0569,0.2642
4982,2026-09-21 21:30:00,2026-09-21,21:30,21.5,0,0,227.06,4.96,1.1262,0.75,0.0,0.0,24.23,2.72,0.0659,1.1921,0.298
4983,2026-09-21 21:45:00,2026-09-21,21:45,21.75,0,0,227.51,3.71,0.8441,0.25,0.0,0.0,28.27,5.41,0.1529,0.997,0.2492
4984,2026-09-21 22:00:00,2026-09-21,22:00,22.0,0,0,225.51,3.77,0.8502,0.18,0.0,0.0,21.76,3.41,0.0742,0.9244,0.2311
4985,2026-09-21 22:15:00,2026-09-21,22:15,22.25,0,0,226.17,4.98,1.1263,0.46,0.0,0.0,25.01,5.23,0.1308,1.2571,0.3143
4986,2026-09-21 22:30:00,2026-09-21,22:30,22.5,0,0,230.44,5.59,1.2882,0.26,0.0,0.0,28.11,6.9,0.194,1.4822,0.3705
4987,2026-09-21 22:45:00,2026-09-21,22:45,22.75,0,0,225.36,3.08,0.6941,0.17,0.0,0.0,32.0,7.03,0.225,0.9191,0.2298
4988,2026-09-21 23:00:00,2026-09-21,23:00,23.0,0,0,226.28,2.7,0.611,0.32,0.0,0.0,31.17,8.01,0.2497,0.8607,0.2152
4989,2026-09-21 23:15:00,2026-09-21,23:15,23.25,0,0,225.73,5.03,1.1354,0.72,0.0,0.0,33.42,8.63,0.2884,1.4238,0.3559
4990,2026-09-21 23:30:00,2026-09-21,23:30,23.5,0,0,225.87,1.72,0.3885,0.49,0.0,0.0,34.1,7.66,0.2612,0.6497,0.1624
4991,2026-09-21 23:45:00,2026-09-21,23:45,23.75,0,0,222.78,3.2,0.7129,0.7,0.0,0.0,30.48,6.14,0.1872,0.9001,0.225
4992,2026-09-22 00:00:00,2026-09-22,00:00,0.0,1,0,229.09,2.66,0.6094,0.34,0.0,0.0,45.75,13.87,0.6345,1.2439,0.311
4993,2026-09-22 00:15:00,2026-09-22,00:15,0.25,1,0,224.02,5.25,1.1761,0.12,0.0,0.0,37.52,11.81,0.4431,1.6192,0.4048
4994,2026-09-22 00:30:00,2026-09-22,00:30,0.5,1,0,225.66,4.0,0.9026,0.12,0.0,0.0,41.72,10.84,0.4522,1.3548,0.3387
4995,2026-09-22 00:45:00,2026-09-22,00:45,0.75,1,0,223.77,3.34,0.7474,0.02,0.0,0.0,36.73,9.66,0.3548,1.1022,0.2756
4996,2026-09-22 01:00:00,2026-09-22,01:00,1.0,1,0,225.77,4.5,1.016,0.15,0.0,0.0,39.01,10.27,0.4006,1.4166,0.3542
4997,2026-09-22 01:15:00,2026-09-22,01:15,1.25,1,0,225.13,3.28,0.7384,0.63,0.0,0.0,39.25,12.13,0.4761,1.2145,0.3036
4998,2026-09-22 01:30:00,2026-09-22,01:30,1.5,1,0,220.85,3.81,0.8414,0.61,0.0,0.0,41.92,12.39,0.5194,1.3608,0.3402
4999,2026-09-22 01:45:00,2026-09-22,01:45,1.75,1,0,230.32,3.77,0.8683,0.24,0.0,0.0,40.65,11.54,0.4691,1.3374,0.3343
5000,2026-09-22 02:00:00,2026-09-22,02:00,2.0,1,0,223.44,2.81,0.6279,0.44,0.0,0.0,48.0,14.43,0.6926,1.3205,0.3301
5001,2026-09-22 02:15:00,2026-09-22,02:15,2.25,1,0,224.53,4.74,1.0643,0.47,0.0,0.0,42.35,13.3,0.5633,1.6276,0.4069
5002,2026-09-22 02:30:00,2026-09-22,02:30,2.5,1,0,225.67,4.03,0.9095,0.41,0.0,0.0,38.75,11.84,0.4588,1.3683,0.3421
5003,2026-09-22 02:45:00,2026-09-22,02:45,2.75,1,0,227.33,5.38,1.223,0.5,0.0,0.0,38.97,11.47,0.447,1.67,0.4175
5004,2026-09-22 03:00:00,2026-09-22,03:00,3.0,1,0,228.55,4.56,1.0422,0.17,0.0,0.0,45.99,14.12,0.6494,1.6916,0.4229
5005,2026-09-22 03:15:00,2026-09-22,03:15,3.25,1,0,225.97,5.36,1.2112,0.04,0.0,0.0,42.8,13.47,0.5765,1.7877,0.4469
5006,2026-09-22 03:30:00,2026-09-22,03:30,3.5,1,0,224.17,4.32,0.9684,0.4,0.0,0.0,43.82,12.45,0.5456,1.514,0.3785
5007,2026-09-22 03:45:00,2026-09-22,03:45,3.75,1,0,226.38,5.31,1.2021,0.62,0.0,0.0,31.71,8.33,0.2641,1.4662,0.3665
5008,2026-09-22 04:00:00,2026-09-22,04:00,4.0,1,0,227.34,3.87,0.8798,0.01,0.0,0.0,33.98,8.69,0.2953,1.1751,0.2938
5009,2026-09-22 04:15:00,2026-09-22,04:15,4.25,1,0,224.55,5.04,1.1317,0.75,0.0,0.0,36.42,10.83,0.3944,1.5261,0.3815
5010,2026-09-22 04:30:00,2026-09-22,04:30,4.5,1,0,227.7,4.11,0.9359,0.67,0.0,0.0,32.91,7.74,0.2547,1.1906,0.2977
5011,2026-09-22 04:45:00,2026-09-22,04:45,4.75,1,0,227.35,4.84,1.1004,0.02,0.0,0.0,42.01,11.76,0.494,1.5944,0.3986
5012,2026-09-22 05:00:00,2026-09-22,05:00,5.0,1,0,224.22,4.87,1.0919,0.74,0.0,0.0,24.22,5.02,0.1216,1.2135,0.3034
5013,2026-09-22 05:15:00,2026-09-22,05:15,5.25,1,0,226.97,5.9,1.3391,0.78,0.0,0.0,26.9,6.02,0.1619,1.501,0.3752
5014,2026-09-22 05:30:00,2026-09-22,05:30,5.5,1,0,228.88,4.97,1.1375,0.19,0.0,0.0,30.07,7.09,0.2132,1.3507,0.3377
5015,2026-09-22 05:45:00,2026-09-22,05:45,5.75,1,0,226.63,4.79,1.0856,0.06,0.0,0.0,29.01,4.51,0.1308,1.2164,0.3041
5016,2026-09-22 06:00:00,2026-09-22,06:00,6.0,1,0,229.79,5.28,1.2133,32.09,0.0,0.0,20.38,2.96,0.0603,1.2736,0.3184
5017,2026-09-22 06:15:00,2026-09-22,06:15,6.25,1,0,226.0,2.81,0.6351,32.58,0.6,0.0196,30.79,8.04,0.2476,0.9023,0.2256
5018,2026-09-22 06:30:00,2026-09-22,06:30,6.5,1,0,230.43,4.06,0.9355,32.4,0.98,0.0318,21.82,1.62,0.0353,1.0026,0.2506
5019,2026-09-22 06:45:00,2026-09-22,06:45,6.75,1,0,225.79,3.65,0.8241,30.75,0.88,0.0271,17.84,0.85,0.0152,0.8664,0.2166
5020,2026-09-22 07:00:00,2026-09-22,07:00,7.0,1,0,228.59,4.01,0.9166,33.19,0.93,0.0309,32.97,8.6,0.2835,1.231,0.3078
5021,2026-09-22 07:15:00,2026-09-22,07:15,7.25,1,0,230.84,4.03,0.9303,34.91,1.4,0.0489,24.33,4.34,0.1056,1.0848,0.2712
5022,2026-09-22 07:30:00,2026-09-22,07:30,7.5,1,0,227.78,3.89,0.8861,32.77,1.61,0.0528,28.98,5.78,0.1675,1.1064,0.2766
5023,2026-09-22 07:45:00,2026-09-22,07:45,7.75,1,0,230.55,3.2,0.7378,31.48,1.37,0.0431,35.74,9.18,0.3281,1.109,0.2772
5024,2026-09-22 08:00:00,2026-09-22,08:00,8.0,1,0,230.9,10.96,2.5307,33.88,2.8,0.0949,31.26,7.38,0.2307,2.8563,0.7141
5025,2026-09-22 08:15:00,2026-09-22,08:15,8.25,1,0,231.8,12.54,2.9068,34.95,2.58,0.0902,30.25,5.96,0.1803,3.1773,0.7943
5026,2026-09-22 08:30:00,2026-09-22,08:30,8.5,1,0,228.28,10.98,2.5065,35.8,2.59,0.0927,34.49,10.94,0.3773,2.9765,0.7441
5027,2026-09-22 08:45:00,2026-09-22,08:45,8.75,1,0,230.89,10.94,2.5259,36.16,3.18,0.115,32.99,8.9,0.2936,2.9345,0.7336
5028,2026-09-22 09:00:00,2026-09-22,09:00,9.0,1,0,227.12,12.03,2.7323,35.22,3.85,0.1356,24.34,5.97,0.1453,3.0132,0.7533
5029,2026-09-22 09:15:00,2026-09-22,09:15,9.25,1,0,227.58,12.36,2.8129,34.66,4.19,0.1452,45.8,14.27,0.6536,3.6117,0.9029
5030,2026-09-22 09:30:00,2026-09-22,09:30,9.5,1,0,225.59,12.61,2.8447,35.2,4.17,0.1468,38.44,12.52,0.4813,3.4728,0.8682
5031,2026-09-22 09:45:00,2026-09-22,09:45,9.75,1,0,225.02,13.15,2.959,35.02,5.06,0.1772,36.57,9.32,0.3408,3.477,0.8692
5032,2026-09-22 10:00:00,2026-09-22,10:00,10.0,1,0,225.05,11.92,2.6826,36.11,5.25,0.1896,43.61,14.47,0.631,3.5032,0.8758
5033,2026-09-22 10:15:00,2026-09-22,10:15,10.25,1,0,225.72,11.55,2.6071,37.26,5.92,0.2206,44.44,14.47,0.643,3.4707,0.8677
5034,2026-09-22 10:30:00,2026-09-22,10:30,10.5,1,0,229.26,13.35,3.0606,37.16,4.97,0.1847,37.84,11.88,0.4495,3.6948,0.9237
5035,2026-09-22 10:45:00,2026-09-22,10:45,10.75,1,0,228.17,14.87,3.3929,37.46,6.09,0.2281,46.91,14.73,0.691,4.312,1.078
5036,2026-09-22 11:00:00,2026-09-22,11:00,11.0,1,0,233.74,14.22,3.3238,35.36,5.31,0.1878,40.71,12.02,0.4893,4.0009,1.0002
5037,2026-09-22 11:15:00,2026-09-22,11:15,11.25,1,0,228.15,13.68,3.1211,36.9,4.69,0.1731,46.67,16.0,0.7467,4.0409,1.0102
5038,2026-09-22 11:30:00,2026-09-22,11:30,11.5,1,0,227.87,14.23,3.2426,36.47,4.76,0.1736,45.67,15.98,0.7298,4.146,1.0365
5039,2026-09-22 11:45:00,2026-09-22,11:45,11.75,1,0,229.88,14.23,3.2712,35.82,5.14,0.1841,41.67,12.3,0.5125,3.9678,0.9919
5040,2026-09-22 12:00:00,2026-09-22,12:00,12.0,1,0,228.88,14.24,3.2593,37.33,4.81,0.1796,39.23,11.63,0.4562,3.8951,0.9738
5041,2026-09-22 12:15:00,2026-09-22,12:15,12.25,1,0,229.14,14.11,3.2332,34.6,3.92,0.1356,37.25,11.41,0.425,3.7938,0.9485
5042,2026-09-22 12:30:00,2026-09-22,12:30,12.5,1,0,228.88,16.0,3.6621,35.61,4.32,0.1538,36.27,10.38,0.3765,4.1924,1.0481
5043,2026-09-22 12:45:00,2026-09-22,12:45,12.75,1,0,230.53,13.5,3.1122,36.45,3.74,0.1363,34.68,8.14,0.2823,3.5308,0.8827
5044,2026-09-22 13:00:00,2026-09-22,13:00,13.0,1,0,231.64,14.72,3.4097,37.84,4.33,0.1638,42.17,11.84,0.4993,4.0728,1.0182
5045,2026-09-22 13:15:00,2026-09-22,13:15,13.25,1,0,227.35,15.07,3.4262,35.74,5.19,0.1855,30.07,6.28,0.1888,3.8005,0.9501
5046,2026-09-22 13:30:00,2026-09-22,13:30,13.5,1,0,230.56,14.18,3.2693,36.68,4.83,0.1772,27.63,5.01,0.1384,3.5849,0.8962
5047,2026-09-22 13:45:00,2026-09-22,13:45,13.75,1,0,227.27,16.0,3.6363,35.73,4.93,0.1762,30.35,7.07,0.2146,4.0271,1.0068
5048,2026-09-22 14:00:00,2026-09-22,14:00,14.0,1,0,228.27,16.0,3.6523,37.35,5.04,0.1882,19.67,2.79,0.0549,3.8954,0.9738
5049,2026-09-22 14:15:00,2026-09-22,14:15,14.25,1,0,226.5,15.16,3.4337,35.59,4.44,0.158,19.56,2.28,0.0446,3.6363,0.9091
5050,2026-09-22 14:30:00,2026-09-22,14:30,14.5,1,0,230.81,15.18,3.5037,36.8,5.23,0.1925,23.03,5.62,0.1294,3.8256,0.9564
5051,2026-09-22 14:45:00,2026-09-22,14:45,14.75,1,0,231.7,14.53,3.3666,35.02,4.94,0.173,24.43,4.53,0.1107,3.6503,0.9126
5052,2026-09-22 15:00:00,2026-09-22,15:00,15.0,1,0,232.25,16.0,3.716,36.57,4.83,0.1766,19.06,1.73,0.033,3.9256,0.9814
5053,2026-09-22 15:15:00,2026-09-22,15:15,15.25,1,0,232.5,15.15,3.5224,37.77,3.68,0.139,18.82,1.61,0.0303,3.6917,0.9229
5054,2026-09-22 15:30:00,2026-09-22,15:30,15.5,1,0,230.48,11.32,2.609,35.33,4.28,0.1512,19.72,2.86,0.0564,2.8166,0.7042
5055,2026-09-22 15:45:00,2026-09-22,15:45,15.75,1,0,233.02,14.87,3.465,35.52,3.5,0.1243,27.04,5.47,0.1479,3.7372,0.9343
5056,2026-09-22 16:00:00,2026-09-22,16:00,16.0,1,0,227.69,13.64,3.1057,35.78,2.79,0.0998,26.25,5.09,0.1336,3.3391,0.8348
5057,2026-09-22 16:15:00,2026-09-22,16:15,16.25,1,0,231.5,14.41,3.3359,34.28,2.17,0.0744,22.93,2.27,0.052,3.4623,0.8656
5058,2026-09-22 16:30:00,2026-09-22,16:30,16.5,1,0,228.63,13.06,2.9859,32.89,1.91,0.0628,30.31,6.43,0.1949,3.2436,0.8109
5059,2026-09-22 16:45:00,2026-09-22,16:45,16.75,1,0,229.57,13.95,3.2025,32.52,2.56,0.0833,22.01,2.95,0.0649,3.3507,0.8377
5060,2026-09-22 17:00:00,2026-09-22,17:00,17.0,1,0,229.47,13.35,3.0634,34.25,1.69,0.0579,28.09,5.82,0.1635,3.2848,0.8212
5061,2026-09-22 17:15:00,2026-09-22,17:15,17.25,1,0,229.25,13.21,3.0284,32.71,0.94,0.0307,35.56,9.85,0.3503,3.4094,0.8524
5062,2026-09-22 17:30:00,2026-09-22,17:30,17.5,1,0,231.56,12.33,2.8551,33.82,0.92,0.0311,37.03,10.64,0.394,3.2802,0.82
5063,2026-09-22 17:45:00,2026-09-22,17:45,17.75,1,0,230.99,13.29,3.0699,31.45,0.01,0.0003,38.16,10.26,0.3915,3.4617,0.8654
5064,2026-09-22 18:00:00,2026-09-22,18:00,18.0,1,0,230.97,11.5,2.6562,35.12,1.19,0.0418,39.13,11.0,0.4304,3.1284,0.7821
5065,2026-09-22 18:15:00,2026-09-22,18:15,18.25,1,0,231.4,12.16,2.8138,31.57,0.0,0.0,32.43,7.73,0.2507,3.0645,0.7661
5066,2026-09-22 18:30:00,2026-09-22,18:30,18.5,1,0,234.64,12.32,2.8908,32.18,1.33,0.0428,40.87,13.29,0.5432,3.4768,0.8692
5067,2026-09-22 18:45:00,2026-09-22,18:45,18.75,1,0,233.5,10.81,2.5241,0.68,0.0,0.0,35.39,9.64,0.3412,2.8653,0.7163
5068,2026-09-22 19:00:00,2026-09-22,19:00,19.0,1,0,234.93,11.13,2.6148,0.46,0.0,0.0,44.86,15.31,0.6868,3.3016,0.8254
5069,2026-09-22 19:15:00,2026-09-22,19:15,19.25,1,0,231.38,6.36,1.4716,0.03,0.0,0.0,40.35,9.68,0.3906,1.8622,0.4656
5070,2026-09-22 19:30:00,2026-09-22,19:30,19.5,1,0,235.47,4.68,1.102,0.25,0.0,0.0,41.36,11.63,0.481,1.583,0.3957
5071,2026-09-22 19:45:00,2026-09-22,19:45,19.75,1,0,233.64,5.14,1.2009,0.01,0.0,0.0,38.15,11.47,0.4376,1.6385,0.4096
5072,2026-09-22 20:00:00,2026-09-22,20:00,20.0,1,0,231.58,4.77,1.1046,0.29,0.0,0.0,39.36,13.31,0.5239,1.6285,0.4071
5073,2026-09-22 20:15:00,2026-09-22,20:15,20.25,1,0,233.7,4.59,1.0727,0.19,0.0,0.0,44.89,13.44,0.6033,1.676,0.419
5074,2026-09-22 20:30:00,2026-09-22,20:30,20.5,1,0,233.43,3.91,0.9127,0.01,0.0,0.0,38.94,11.92,0.4642,1.3769,0.3442
5075,2026-09-22 20:45:00,2026-09-22,20:45,20.75,1,0,227.08,3.73,0.847,0.22,0.0,0.0,40.65,13.09,0.5321,1.3791,0.3448
5076,2026-09-22 21:00:00,2026-09-22,21:00,21.0,1,0,231.22,4.62,1.0682,0.6,0.0,0.0,30.51,8.34,0.2545,1.3227,0.3307
5077,2026-09-22 21:15:00,2026-09-22,21:15,21.25,1,0,234.64,4.52,1.0606,0.24,0.0,0.0,35.19,9.85,0.3466,1.4072,0.3518
5078,2026-09-22 21:30:00,2026-09-22,21:30,21.5,1,0,232.42,4.09,0.9506,0.58,0.0,0.0,33.55,8.67,0.2909,1.2415,0.3104
5079,2026-09-22 21:45:00,2026-09-22,21:45,21.75,1,0,230.39,4.36,1.0045,0.64,0.0,0.0,21.08,3.63,0.0765,1.081,0.2702
5080,2026-09-22 22:00:00,2026-09-22,22:00,22.0,1,0,232.91,4.52,1.0528,0.2,0.0,0.0,30.28,6.84,0.2071,1.2599,0.315
5081,2026-09-22 22:15:00,2026-09-22,22:15,22.25,1,0,231.76,3.74,0.8668,0.27,0.0,0.0,32.43,8.02,0.2601,1.1269,0.2817
5082,2026-09-22 22:30:00,2026-09-22,22:30,22.5,1,0,229.75,3.55,0.8156,0.44,0.0,0.0,30.45,8.25,0.2512,1.0668,0.2667
5083,2026-09-22 22:45:00,2026-09-22,22:45,22.75,1,0,230.83,4.45,1.0272,0.73,0.0,0.0,20.27,2.49,0.0505,1.0777,0.2694
5084,2026-09-22 23:00:00,2026-09-22,23:00,23.0,1,0,231.9,3.69,0.8557,0.65,0.0,0.0,31.23,6.79,0.2121,1.0678,0.267
5085,2026-09-22 23:15:00,2026-09-22,23:15,23.25,1,0,228.76,2.97,0.6794,0.53,0.0,0.0,15.54,0.17,0.0026,0.682,0.1705
5086,2026-09-22 23:30:00,2026-09-22,23:30,23.5,1,0,231.96,3.15,0.7307,0.57,0.0,0.0,18.2,2.32,0.0422,0.7729,0.1932
5087,2026-09-22 23:45:00,2026-09-22,23:45,23.75,1,0,232.56,2.05,0.4768,0.02,0.0,0.0,21.44,1.85,0.0397,0.5165,0.1291
5088,2026-09-23 00:00:00,2026-09-23,00:00,0.0,2,0,231.12,3.47,0.802,0.33,0.0,0.0,28.59,5.5,0.1573,0.9593,0.2398
5089,2026-09-23 00:15:00,2026-09-23,00:15,0.25,2,0,231.27,4.4,1.0176,0.65,0.0,0.0,24.36,2.21,0.0538,1.0714,0.2678
5090,2026-09-23 00:30:00,2026-09-23,00:30,0.5,2,0,227.18,3.65,0.8292,0.09,0.0,0.0,19.77,1.15,0.0227,0.8519,0.213
5091,2026-09-23 00:45:00,2026-09-23,00:45,0.75,2,0,228.73,4.13,0.9446,0.46,0.0,0.0,25.54,4.42,0.1129,1.0575,0.2644
5092,2026-09-23 01:00:00,2026-09-23,01:00,1.0,2,0,228.11,3.18,0.7254,0.21,0.0,0.0,17.66,0.88,0.0155,0.7409,0.1852
5093,2026-09-23 01:15:00,2026-09-23,01:15,1.25,2,0,233.32,4.26,0.9939,0.38,0.0,0.0,24.94,4.4,0.1097,1.1036,0.2759
5094,2026-09-23 01:30:00,2026-09-23,01:30,1.5,2,0,230.25,4.71,1.0845,0.41,0.0,0.0,25.0,6.08,0.152,1.2365,0.3091
5095,2026-09-23 01:45:00,2026-09-23,01:45,1.75,2,0,229.46,2.97,0.6815,0.03,0.0,0.0,32.93,7.43,0.2447,0.9262,0.2316
5096,2026-09-23 02:00:00,2026-09-23,02:00,2.0,2,0,228.58,3.41,0.7795,0.56,0.0,0.0,35.34,9.35,0.3304,1.1099,0.2775
5097,2026-09-23 02:15:00,2026-09-23,02:15,2.25,2,0,232.14,4.59,1.0655,0.29,0.0,0.0,37.38,10.66,0.3985,1.464,0.366
5098,2026-09-23 02:30:00,2026-09-23,02:30,2.5,2,0,229.36,5.29,1.2133,0.3,0.0,0.0,39.56,12.5,0.4945,1.7078,0.4269
5099,2026-09-23 02:45:00,2026-09-23,02:45,2.75,2,0,227.73,5.53,1.2593,0.4,0.0,0.0,33.34,7.62,0.254,1.5133,0.3783
5100,2026-09-23 03:00:00,2026-09-23,03:00,3.0,2,0,225.53,5.08,1.1457,0.06,0.0,0.0,35.42,10.27,0.3638,1.5095,0.3774
5101,2026-09-23 03:15:00,2026-09-23,03:15,3.25,2,0,227.56,4.29,0.9762,0.15,0.0,0.0,38.58,11.01,0.4248,1.401,0.3503
5102,2026-09-23 03:30:00,2026-09-23,03:30,3.5,2,0,225.82,4.47,1.0094,0.47,0.0,0.0,41.17,12.75,0.5249,1.5343,0.3836
5103,2026-09-23 03:45:00,2026-09-23,03:45,3.75,2,0,226.12,4.31,0.9746,0.2,0.0,0.0,39.04,11.4,0.4451,1.4197,0.3549
5104,2026-09-23 04:00:00,2026-09-23,04:00,4.0,2,0,225.45,5.11,1.1521,0.38,0.0,0.0,44.76,14.13,0.6325,1.7846,0.4461
5105,2026-09-23 04:15:00,2026-09-23,04:15,4.25,2,0,224.87,4.55,1.0232,0.16,0.0,0.0,36.42,10.79,0.393,1.4162,0.354
5106,2026-09-23 04:30:00,2026-09-23,04:30,4.5,2,0,223.88,3.56,0.797,0.69,0.0,0.0,41.15,11.85,0.4876,1.2846,0.3211
5107,2026-09-23 04:45:00,2026-09-23,04:45,4.75,2,0,225.96,4.36,0.9852,0.78,0.0,0.0,42.45,11.81,0.5013,1.4865,0.3716
5108,2026-09-23 05:00:00,2026-09-23,05:00,5.0,2,0,228.06,3.97,0.9054,0.29,0.0,0.0,41.62,12.16,0.5061,1.4115,0.3529
5109,2026-09-23 05:15:00,2026-09-23,05:15,5.25,2,0,227.04,3.87,0.8786,0.77,0.0,0.0,34.23,9.14,0.3129,1.1915,0.2979
5110,2026-09-23 05:30:00,2026-09-23,05:30,5.5,2,0,226.08,3.32,0.7506,0.26,0.0,0.0,45.93,15.4,0.7073,1.4579,0.3645
5111,2026-09-23 05:45:00,2026-09-23,05:45,5.75,2,0,225.33,4.0,0.9013,0.35,0.0,0.0,40.22,12.38,0.4979,1.3992,0.3498
5112,2026-09-23 06:00:00,2026-09-23,06:00,6.0,2,0,225.78,2.82,0.6367,30.21,0.58,0.0175,35.55,9.42,0.3349,0.9891,0.2473
5113,2026-09-23 06:15:00,2026-09-23,06:15,6.25,2,0,224.23,3.92,0.879,31.51,1.39,0.0438,35.33,9.87,0.3487,1.2715,0.3179
5114,2026-09-23 06:30:00,2026-09-23,06:30,6.5,2,0,225.59,3.45,0.7783,33.7,2.51,0.0846,25.3,5.06,0.128,0.9909,0.2477
5115,2026-09-23 06:45:00,2026-09-23,06:45,6.75,2,0,226.72,4.59,1.0406,33.48,3.39,0.1135,24.78,5.38,0.1333,1.2874,0.3219
5116,2026-09-23 07:00:00,2026-09-23,07:00,7.0,2,0,224.6,3.59,0.8063,34.39,3.71,0.1276,28.26,4.98,0.1407,1.0746,0.2686
5117,2026-09-23 07:15:00,2026-09-23,07:15,7.25,2,0,226.48,3.4,0.77,37.42,4.87,0.1822,33.76,7.91,0.267,1.2192,0.3048
5118,2026-09-23 07:30:00,2026-09-23,07:30,7.5,2,0,227.35,3.98,0.9049,37.89,5.58,0.2114,20.06,2.09,0.0419,1.1582,0.2895
5119,2026-09-23 07:45:00,2026-09-23,07:45,7.75,2,0,226.14,4.07,0.9204,37.21,6.07,0.2259,24.72,4.98,0.1231,1.2694,0.3174
5120,2026-09-23 08:00:00,2026-09-23,08:00,8.0,2,0,227.12,11.89,2.7005,37.37,5.71,0.2134,24.05,4.36,0.1049,3.0188,0.7547
5121,2026-09-23 08:15:00,2026-09-23,08:15,8.25,2,0,224.9,12.73,2.863,37.58,6.75,0.2537,22.51,2.42,0.0545,3.1712,0.7928
5122,2026-09-23 08:30:00,2026-09-23,08:30,8.5,2,0,224.97,12.05,2.7109,38.16,7.11,0.2713,25.33,2.61,0.0661,3.0483,0.7621
5123,2026-09-23 08:45:00,2026-09-23,08:45,8.75,2,0,225.86,12.4,2.8007,39.22,7.86,0.3083,28.58,6.94,0.1983,3.3073,0.8268
5124,2026-09-23 09:00:00,2026-09-23,09:00,9.0,2,0,222.26,12.72,2.8272,40.1,8.38,0.336,26.19,5.46,0.143,3.3062,0.8266
5125,2026-09-23 09:15:00,2026-09-23,09:15,9.25,2,0,221.07,12.22,2.7015,39.61,8.42,0.3335,21.71,1.74,0.0378,3.0728,0.7682
5126,2026-09-23 09:30:00,2026-09-23,09:30,9.5,2,0,226.93,12.79,2.9024,37.63,8.28,0.3116,25.27,4.16,0.1051,3.3191,0.8298
5127,2026-09-23 09:45:00,2026-09-23,09:45,9.75,2,0,224.31,13.73,3.0798,40.71,8.3,0.3379,22.09,2.96,0.0654,3.4831,0.8708
5128,2026-09-23 10:00:00,2026-09-23,10:00,10.0,2,0,223.88,13.12,2.9373,40.12,9.52,0.3819,33.65,8.75,0.2944,3.6136,0.9034
5129,2026-09-23 10:15:00,2026-09-23,10:15,10.25,2,0,222.61,14.13,3.1455,42.05,10.01,0.4209,28.11,5.42,0.1524,3.7188,0.9297
5130,2026-09-23 10:30:00,2026-09-23,10:30,10.5,2,0,226.04,14.28,3.2279,42.35,11.12,0.4709,35.7,8.38,0.2992,3.998,0.9995
5131,2026-09-23 10:45:00,2026-09-23,10:45,10.75,2,0,225.53,15.02,3.3875,44.29,11.17,0.4947,32.58,7.58,0.247,4.1292,1.0323
5132,2026-09-23 11:00:00,2026-09-23,11:00,11.0,2,0,223.8,14.54,3.2541,43.51,13.0,0.5656,27.73,5.5,0.1525,3.9722,0.993
5133,2026-09-23 11:15:00,2026-09-23,11:15,11.25,2,0,224.8,14.77,3.3203,45.44,13.75,0.6248,36.68,9.81,0.3598,4.3049,1.0762
5134,2026-09-23 11:30:00,2026-09-23,11:30,11.5,2,0,221.61,14.07,3.1181,45.5,14.21,0.6466,31.77,7.39,0.2348,3.9995,0.9999
5135,2026-09-23 11:45:00,2026-09-23,11:45,11.75,2,0,223.86,13.38,2.9952,44.91,14.58,0.6548,37.78,11.07,0.4182,4.0682,1.0171
5136,2026-09-23 12:00:00,2026-09-23,12:00,12.0,2,0,222.34,15.16,3.3707,47.67,15.61,0.7441,32.84,7.85,0.2578,4.3726,1.0932
5137,2026-09-23 12:15:00,2026-09-23,12:15,12.25,2,0,224.56,16.0,3.593,46.67,15.49,0.7229,36.75,10.6,0.3896,4.7055,1.1764
5138,2026-09-23 12:30:00,2026-09-23,12:30,12.5,2,0,223.1,14.96,3.3376,46.02,13.91,0.6401,36.66,9.94,0.3644,4.3421,1.0855
5139,2026-09-23 12:45:00,2026-09-23,12:45,12.75,2,0,223.62,14.99,3.3521,45.16,14.13,0.6381,37.19,10.13,0.3767,4.3669,1.0917
5140,2026-09-23 13:00:00,2026-09-23,13:00,13.0,2,0,224.09,14.19,3.1798,46.43,14.26,0.6621,31.07,6.71,0.2085,4.0504,1.0126
5141,2026-09-23 13:15:00,2026-09-23,13:15,13.25,2,0,223.39,15.52,3.467,44.29,12.81,0.5674,33.76,8.84,0.2984,4.3328,1.0832
5142,2026-09-23 13:30:00,2026-09-23,13:30,13.5,2,0,224.84,14.18,3.1882,43.8,12.44,0.5449,37.55,10.21,0.3834,4.1165,1.0291
5143,2026-09-23 13:45:00,2026-09-23,13:45,13.75,2,0,225.27,16.0,3.6043,42.32,10.45,0.4422,34.59,8.65,0.2992,4.3457,1.0864
5144,2026-09-23 14:00:00,2026-09-23,14:00,14.0,2,0,226.02,14.96,3.3813,40.46,11.17,0.4519,31.73,8.69,0.2757,4.1089,1.0272
5145,2026-09-23 14:15:00,2026-09-23,14:15,14.25,2,0,225.86,15.68,3.5415,39.48,9.52,0.3759,35.72,8.45,0.3018,4.2192,1.0548
5146,2026-09-23 14:30:00,2026-09-23,14:30,14.5,2,0,224.66,14.96,3.3609,41.26,8.51,0.3511,34.36,9.63,0.3309,4.0429,1.0107
5147,2026-09-23 14:45:00,2026-09-23,14:45,14.75,2,0,225.12,14.97,3.37,40.38,9.25,0.3735,29.96,7.71,0.231,3.9745,0.9936
5148,2026-09-23 15:00:00,2026-09-23,15:00,15.0,2,0,228.18,14.41,3.2881,40.45,7.85,0.3175,32.97,7.66,0.2525,3.8581,0.9645
5149,2026-09-23 15:15:00,2026-09-23,15:15,15.25,2,0,227.86,14.39,3.2789,39.7,8.25,0.3275,23.57,4.71,0.111,3.7174,0.9294
5150,2026-09-23 15:30:00,2026-09-23,15:30,15.5,2,0,224.72,13.59,3.0539,40.14,8.64,0.3468,28.07,6.76,0.1898,3.5905,0.8976
5151,2026-09-23 15:45:00,2026-09-23,15:45,15.75,2,0,225.7,13.7,3.0921,39.43,7.68,0.3028,25.96,5.11,0.1327,3.5276,0.8819
5152,2026-09-23 16:00:00,2026-09-23,16:00,16.0,2,0,225.88,14.02,3.1668,38.97,7.77,0.3028,24.45,4.51,0.1103,3.5799,0.895
5153,2026-09-23 16:15:00,2026-09-23,16:15,16.25,2,0,223.96,12.87,2.8824,37.93,7.08,0.2685,24.13,4.4,0.1062,3.2571,0.8143
5154,2026-09-23 16:30:00,2026-09-23,16:30,16.5,2,0,227.25,14.87,3.3792,38.52,6.84,0.2635,22.71,2.68,0.0609,3.7036,0.9259
5155,2026-09-23 16:45:00,2026-09-23,16:45,16.75,2,0,225.06,14.65,3.2971,38.51,6.34,0.2442,24.97,3.3,0.0824,3.6237,0.9059
5156,2026-09-23 17:00:00,2026-09-23,17:00,17.0,2,0,226.55,13.37,3.029,36.27,5.88,0.2133,19.88,1.76,0.035,3.2773,0.8193
5157,2026-09-23 17:15:00,2026-09-23,17:15,17.25,2,0,227.39,13.29,3.022,37.27,5.2,0.1938,18.13,1.52,0.0276,3.2434,0.8108
5158,2026-09-23 17:30:00,2026-09-23,17:30,17.5,2,0,227.24,12.83,2.9155,35.28,4.04,0.1425,22.87,2.74,0.0627,3.1207,0.7802
5159,2026-09-23 17:45:00,2026-09-23,17:45,17.75,2,0,230.1,13.14,3.0235,35.61,2.5,0.089,24.87,4.4,0.1094,3.2219,0.8055
5160,2026-09-23 18:00:00,2026-09-23,18:00,18.0,2,0,227.31,12.14,2.7595,35.26,2.09,0.0737,20.56,4.14,0.0851,2.9183,0.7296
5161,2026-09-23 18:15:00,2026-09-23,18:15,18.25,2,0,229.83,12.22,2.8085,32.28,1.0,0.0323,25.14,4.64,0.1167,2.9575,0.7394
5162,2026-09-23 18:30:00,2026-09-23,18:30,18.5,2,0,232.13,13.1,3.0409,31.66,0.0,0.0,23.16,2.91,0.0674,3.1083,0.7771
5163,2026-09-23 18:45:00,2026-09-23,18:45,18.75,2,0,231.32,10.37,2.3988,0.45,0.0,0.0,25.76,3.47,0.0894,2.4882,0.622
5164,2026-09-23 19:00:00,2026-09-23,19:00,19.0,2,0,230.67,11.3,2.6066,0.66,0.0,0.0,22.63,4.13,0.0935,2.7001,0.675
5165,2026-09-23 19:15:00,2026-09-23,19:15,19.25,2,0,229.72,5.06,1.1624,0.55,0.0,0.0,23.45,4.15,0.0973,1.2597,0.3149
5166,2026-09-23 19:30:00,2026-09-23,19:30,19.5,2,0,235.99,5.53,1.305,0.22,0.0,0.0,29.86,6.42,0.1917,1.4967,0.3742
5167,2026-09-23 19:45:00,2026-09-23,19:45,19.75,2,0,233.77,3.98,0.9304,0.74,0.0,0.0,28.97,6.13,0.1776,1.108,0.277
5168,2026-09-23 20:00:00,2026-09-23,20:00,20.0,2,0,230.91,4.48,1.0345,0.71,0.0,0.0,30.72,6.44,0.1978,1.2323,0.3081
5169,2026-09-23 20:15:00,2026-09-23,20:15,20.25,2,0,237.33,4.83,1.1463,0.11,0.0,0.0,33.52,7.5,0.2514,1.3977,0.3494
5170,2026-09-23 20:30:00,2026-09-23,20:30,20.5,2,0,232.57,4.99,1.1605,0.64,0.0,0.0,29.4,6.48,0.1905,1.351,0.3377
5171,2026-09-23 20:45:00,2026-09-23,20:45,20.75,2,0,232.71,4.74,1.103,0.65,0.0,0.0,35.9,9.64,0.3461,1.4491,0.3623
5172,2026-09-23 21:00:00,2026-09-23,21:00,21.0,2,0,235.0,5.03,1.1821,0.43,0.0,0.0,36.88,9.67,0.3566,1.5387,0.3847
5173,2026-09-23 21:15:00,2026-09-23,21:15,21.25,2,0,232.15,6.11,1.4184,0.45,0.0,0.0,28.99,7.52,0.218,1.6364,0.4091
5174,2026-09-23 21:30:00,2026-09-23,21:30,21.5,2,0,231.09,3.19,0.7372,0.61,0.0,0.0,27.85,6.0,0.1671,0.9043,0.2261
5175,2026-09-23 21:45:00,2026-09-23,21:45,21.75,2,0,234.3,4.42,1.0356,0.59,0.0,0.0,32.0,6.58,0.2106,1.2462,0.3115
5176,2026-09-23 22:00:00,2026-09-23,22:00,22.0,2,0,232.92,3.31,0.771,0.13,0.0,0.0,31.0,9.86,0.3057,1.0767,0.2692
5177,2026-09-23 22:15:00,2026-09-23,22:15,22.25,2,0,231.45,2.54,0.5879,0.11,0.0,0.0,29.41,6.69,0.1968,0.7847,0.1962
5178,2026-09-23 22:30:00,2026-09-23,22:30,22.5,2,0,235.42,4.21,0.9911,0.58,0.0,0.0,27.76,5.66,0.1571,1.1482,0.2871
5179,2026-09-23 22:45:00,2026-09-23,22:45,22.75,2,0,236.69,3.68,0.871,0.41,0.0,0.0,27.15,5.84,0.1586,1.0296,0.2574
5180,2026-09-23 23:00:00,2026-09-23,23:00,23.0,2,0,232.85,3.72,0.8662,0.39,0.0,0.0,28.92,4.92,0.1423,1.0085,0.2521
5181,2026-09-23 23:15:00,2026-09-23,23:15,23.25,2,0,233.24,2.26,0.5271,0.26,0.0,0.0,25.94,5.23,0.1357,0.6628,0.1657
5182,2026-09-23 23:30:00,2026-09-23,23:30,23.5,2,0,231.22,4.34,1.0035,0.66,0.0,0.0,25.9,5.37,0.1391,1.1426,0.2857
5183,2026-09-23 23:45:00,2026-09-23,23:45,23.75,2,0,233.71,2.29,0.5352,0.33,0.0,0.0,27.16,6.24,0.1695,0.7047,0.1762
5184,2026-09-24 00:00:00,2026-09-24,00:00,0.0,3,0,237.52,2.48,0.589,0.06,0.0,0.0,22.13,5.74,0.127,0.716,0.179
5185,2026-09-24 00:15:00,2026-09-24,00:15,0.25,3,0,231.22,3.08,0.7122,0.07,0.0,0.0,29.38,5.92,0.1739,0.8861,0.2215
5186,2026-09-24 00:30:00,2026-09-24,00:30,0.5,3,0,234.32,4.29,1.0052,0.71,0.0,0.0,24.93,3.58,0.0892,1.0944,0.2736
5187,2026-09-24 00:45:00,2026-09-24,00:45,0.75,3,0,232.37,4.05,0.9411,0.47,0.0,0.0,18.93,2.42,0.0458,0.9869,0.2467
5188,2026-09-24 01:00:00,2026-09-24,01:00,1.0,3,0,233.33,4.76,1.1107,0.38,0.0,0.0,27.62,6.52,0.1801,1.2908,0.3227
5189,2026-09-24 01:15:00,2026-09-24,01:15,1.25,3,0,234.21,2.75,0.6441,0.54,0.0,0.0,19.96,1.49,0.0297,0.6738,0.1684
5190,2026-09-24 01:30:00,2026-09-24,01:30,1.5,3,0,234.16,4.67,1.0935,0.08,0.0,0.0,23.68,5.93,0.1404,1.2339,0.3085
5191,2026-09-24 01:45:00,2026-09-24,01:45,1.75,3,0,233.29,4.08,0.9518,0.79,0.0,0.0,25.42,4.55,0.1157,1.0675,0.2669
5192,2026-09-24 02:00:00,2026-09-24,02:00,2.0,3,0,232.63,3.61,0.8398,0.34,0.0,0.0,17.22,0.0,0.0,0.8398,0.2099
5193,2026-09-24 02:15:00,2026-09-24,02:15,2.25,3,0,234.74,4.22,0.9906,0.6,0.0,0.0,17.39,1.1,0.0191,1.0097,0.2524
5194,2026-09-24 02:30:00,2026-09-24,02:30,2.5,3,0,234.94,5.11,1.2005,0.46,0.0,0.0,21.33,3.49,0.0744,1.2749,0.3187
5195,2026-09-24 02:45:00,2026-09-24,02:45,2.75,3,0,232.84,5.29,1.2317,0.67,0.0,0.0,19.96,2.28,0.0455,1.2772,0.3193
5196,2026-09-24 03:00:00,2026-09-24,03:00,3.0,3,0,232.86,4.02,0.9361,0.77,0.0,0.0,26.96,5.6,0.151,1.0871,0.2718
5197,2026-09-24 03:15:00,2026-09-24,03:15,3.25,3,0,232.77,4.29,0.9986,0.28,0.0,0.0,20.31,2.57,0.0522,1.0508,0.2627
5198,2026-09-24 03:30:00,2026-09-24,03:30,3.5,3,0,233.41,4.46,1.041,0.35,0.0,0.0,21.95,1.81,0.0397,1.0807,0.2702
5199,2026-09-24 03:45:00,2026-09-24,03:45,3.75,3,0,235.09,3.52,0.8275,0.04,0.0,0.0,31.57,7.91,0.2497,1.0772,0.2693
5200,2026-09-24 04:00:00,2026-09-24,04:00,4.0,3,0,234.36,4.68,1.0968,0.8,0.0,0.0,27.7,5.82,0.1612,1.258,0.3145
5201,2026-09-24 04:15:00,2026-09-24,04:15,4.25,3,0,234.9,3.48,0.8175,0.23,0.0,0.0,26.08,4.83,0.126,0.9435,0.2359
5202,2026-09-24 04:30:00,2026-09-24,04:30,4.5,3,0,232.63,5.28,1.2283,0.55,0.0,0.0,27.02,5.08,0.1373,1.3656,0.3414
5203,2026-09-24 04:45:00,2026-09-24,04:45,4.75,3,0,233.6,4.48,1.0465,0.48,0.0,0.0,28.81,4.92,0.1417,1.1882,0.297
5204,2026-09-24 05:00:00,2026-09-24,05:00,5.0,3,0,232.63,4.85,1.1283,0.51,0.0,0.0,25.8,3.7,0.0955,1.2238,0.3059
5205,2026-09-24 05:15:00,2026-09-24,05:15,5.25,3,0,231.22,4.73,1.0937,0.56,0.0,0.0,30.16,7.27,0.2193,1.313,0.3282
5206,2026-09-24 05:30:00,2026-09-24,05:30,5.5,3,0,232.01,5.67,1.3155,0.06,0.0,0.0,27.93,6.97,0.1947,1.5102,0.3775
5207,2026-09-24 05:45:00,2026-09-24,05:45,5.75,3,0,233.35,4.43,1.0337,0.4,0.0,0.0,35.38,9.44,0.334,1.3677,0.3419
5208,2026-09-24 06:00:00,2026-09-24,06:00,6.0,3,0,232.33,3.73,0.8666,32.21,0.29,0.0093,33.17,8.18,0.2713,1.1472,0.2868
5209,2026-09-24 06:15:00,2026-09-24,06:15,6.25,3,0,231.68,3.73,0.8642,33.2,0.0,0.0,34.6,9.31,0.3221,1.1863,0.2966
5210,2026-09-24 06:30:00,2026-09-24,06:30,6.5,3,0,231.73,4.35,1.008,34.94,1.48,0.0517,32.59,9.02,0.294,1.3537,0.3384
5211,2026-09-24 06:45:00,2026-09-24,06:45,6.75,3,0,235.17,3.71,0.8725,34.36,1.98,0.068,34.15,7.29,0.2489,1.1894,0.2974
5212,2026-09-24 07:00:00,2026-09-24,07:00,7.0,3,0,226.4,3.92,0.8875,35.6,2.87,0.1022,33.8,8.4,0.2839,1.2736,0.3184
5213,2026-09-24 07:15:00,2026-09-24,07:15,7.25,3,0,231.41,3.94,0.9118,33.85,3.64,0.1232,26.95,5.13,0.1383,1.1733,0.2933
5214,2026-09-24 07:30:00,2026-09-24,07:30,7.5,3,0,232.07,3.58,0.8308,36.67,4.4,0.1613,30.8,7.71,0.2375,1.2296,0.3074
5215,2026-09-24 07:45:00,2026-09-24,07:45,7.75,3,0,232.32,2.96,0.6877,35.52,6.21,0.2206,32.66,7.85,0.2564,1.1647,0.2912
5216,2026-09-24 08:00:00,2026-09-24,08:00,8.0,3,0,232.8,12.38,2.8821,39.47,6.88,0.2716,27.95,5.37,0.1501,3.3038,0.8259
5217,2026-09-24 08:15:00,2026-09-24,08:15,8.25,3,0,230.51,12.16,2.803,38.97,7.91,0.3083,27.29,4.53,0.1236,3.2349,0.8087
5218,2026-09-24 08:30:00,2026-09-24,08:30,8.5,3,0,227.51,11.83,2.6914,40.9,8.05,0.3292,26.42,5.97,0.1577,3.1783,0.7946
5219,2026-09-24 08:45:00,2026-09-24,08:45,8.75,3,0,226.67,10.42,2.3619,41.43,9.49,0.3932,20.96,3.02,0.0633,2.8184,0.7046
5220,2026-09-24 09:00:00,2026-09-24,09:00,9.0,3,0,224.86,12.35,2.777,41.6,10.11,0.4206,21.64,2.7,0.0584,3.256,0.814
5221,2026-09-24 09:15:00,2026-09-24,09:15,9.25,3,0,223.5,12.46,2.7848,42.02,10.51,0.4416,25.96,4.18,0.1085,3.3349,0.8337
5222,2026-09-24 09:30:00,2026-09-24,09:30,9.5,3,0,225.26,12.47,2.809,43.81,12.35,0.541,20.87,2.91,0.0607,3.4107,0.8527
5223,2026-09-24 09:45:00,2026-09-24,09:45,9.75,3,0,225.18,12.83,2.8891,43.55,12.19,0.5309,22.41,0.74,0.0166,3.4366,0.8591
5224,2026-09-24 10:00:00,2026-09-24,10:00,10.0,3,0,223.23,13.56,3.027,45.01,11.47,0.5163,18.8,0.9,0.0169,3.5602,0.8901
5225,2026-09-24 10:15:00,2026-09-24,10:15,10.25,3,0,225.79,13.55,3.0595,42.41,12.8,0.5429,19.68,1.3,0.0256,3.628,0.907
5226,2026-09-24 10:30:00,2026-09-24,10:30,10.5,3,0,223.07,15.1,3.3684,41.77,11.9,0.4971,16.12,0.05,0.0008,3.8663,0.9666
5227,2026-09-24 10:45:00,2026-09-24,10:45,10.75,3,0,222.9,13.98,3.1161,41.93,10.08,0.4226,20.44,2.41,0.0493,3.588,0.897
5228,2026-09-24 11:00:00,2026-09-24,11:00,11.0,3,0,224.4,14.81,3.3234,42.26,11.32,0.4784,16.98,1.74,0.0295,3.8313,0.9578
5229,2026-09-24 11:15:00,2026-09-24,11:15,11.25,3,0,226.37,14.7,3.3276,41.4,10.12,0.419,23.71,3.01,0.0714,3.818,0.9545
5230,2026-09-24 11:30:00,2026-09-24,11:30,11.5,3,0,228.0,14.77,3.3676,41.14,10.37,0.4266,19.92,2.63,0.0524,3.8466,0.9617
5231,2026-09-24 11:45:00,2026-09-24,11:45,11.75,3,0,221.92,13.64,3.027,42.56,10.31,0.4388,25.97,4.04,0.1049,3.5707,0.8927
5232,2026-09-24 12:00:00,2026-09-24,12:00,12.0,3,0,225.68,15.19,3.4281,42.79,10.72,0.4587,18.92,3.48,0.0658,3.9526,0.9881
5233,2026-09-24 12:15:00,2026-09-24,12:15,12.25,3,0,217.19,14.47,3.1427,41.35,10.89,0.4503,19.62,0.83,0.0163,3.6093,0.9023
5234,2026-09-24 12:30:00,2026-09-24,12:30,12.5,3,0,223.62,16.0,3.5779,42.8,12.1,0.5179,22.24,3.93,0.0874,4.1832,1.0458
5235,2026-09-24 12:45:00,2026-09-24,12:45,12.75,3,0,220.84,14.36,3.1713,44.96,12.27,0.5517,23.76,3.13,0.0744,3.7974,0.9494
5236,2026-09-24 13:00:00,2026-09-24,13:00,13.0,3,0,224.26,15.84,3.5523,44.37,12.94,0.5741,21.7,3.2,0.0694,4.1958,1.049
5237,2026-09-24 13:15:00,2026-09-24,13:15,13.25,3,0,223.67,13.73,3.071,45.88,12.7,0.5827,25.4,4.72,0.1199,3.7736,0.9434
5238,2026-09-24 13:30:00,2026-09-24,13:30,13.5,3,0,219.61,15.08,3.3117,44.94,14.24,0.64,26.62,4.71,0.1254,4.0771,1.0193
5239,2026-09-24 13:45:00,2026-09-24,13:45,13.75,3,0,222.64,15.13,3.3685,46.27,13.03,0.6029,25.3,4.46,0.1128,4.0842,1.0211
5240,2026-09-24 14:00:00,2026-09-24,14:00,14.0,3,0,224.55,14.35,3.2223,45.29,13.37,0.6055,21.7,2.61,0.0566,3.8844,0.9711
5241,2026-09-24 14:15:00,2026-09-24,14:15,14.25,3,0,219.21,14.43,3.1632,43.26,13.68,0.5918,28.39,6.21,0.1763,3.9313,0.9828
5242,2026-09-24 14:30:00,2026-09-24,14:30,14.5,3,0,221.67,15.24,3.3782,44.19,12.87,0.5687,28.22,5.1,0.1439,4.0908,1.0227
5243,2026-09-24 14:45:00,2026-09-24,14:45,14.75,3,0,220.03,14.65,3.2234,43.31,12.18,0.5275,24.32,4.84,0.1177,3.8686,0.9671
5244,2026-09-24 15:00:00,2026-09-24,15:00,15.0,3,0,220.8,15.56,3.4356,42.46,10.88,0.462,25.36,4.96,0.1258,4.0234,1.0058
5245,2026-09-24 15:15:00,2026-09-24,15:15,15.25,3,0,225.78,15.82,3.5718,41.33,10.03,0.4145,21.88,4.66,0.102,4.0883,1.0221
5246,2026-09-24 15:30:00,2026-09-24,15:30,15.5,3,0,226.86,14.13,3.2055,39.99,8.92,0.3567,23.53,4.11,0.0967,3.6589,0.9147
5247,2026-09-24 15:45:00,2026-09-24,15:45,15.75,3,0,224.33,14.39,3.2281,40.65,8.18,0.3325,22.19,3.54,0.0785,3.6391,0.9098
5248,2026-09-24 16:00:00,2026-09-24,16:00,16.0,3,0,220.49,13.27,2.9259,37.72,7.25,0.2735,24.81,3.11,0.0772,3.2766,0.8192
5249,2026-09-24 16:15:00,2026-09-24,16:15,16.25,3,0,218.11,13.88,3.0274,39.12,6.1,0.2386,19.6,3.46,0.0678,3.3338,0.8335
5250,2026-09-24 16:30:00,2026-09-24,16:30,16.5,3,0,221.11,14.87,3.2879,37.55,4.88,0.1832,23.08,3.17,0.0732,3.5443,0.8861
5251,2026-09-24 16:45:00,2026-09-24,16:45,16.75,3,0,221.04,14.14,3.1255,37.25,4.35,0.162,17.94,1.24,0.0222,3.3097,0.8274
5252,2026-09-24 17:00:00,2026-09-24,17:00,17.0,3,0,220.32,13.58,2.9919,37.29,4.32,0.1611,19.27,1.73,0.0333,3.1863,0.7966
5253,2026-09-24 17:15:00,2026-09-24,17:15,17.25,3,0,223.41,14.28,3.1903,34.81,4.11,0.1431,22.79,3.33,0.0759,3.4093,0.8523
5254,2026-09-24 17:30:00,2026-09-24,17:30,17.5,3,0,222.13,13.0,2.8877,34.36,3.22,0.1106,17.82,1.41,0.0251,3.0234,0.7559
5255,2026-09-24 17:45:00,2026-09-24,17:45,17.75,3,0,224.43,14.26,3.2004,33.06,1.86,0.0615,16.17,0.0,0.0,3.2619,0.8155
5256,2026-09-24 18:00:00,2026-09-24,18:00,18.0,3,0,222.01,12.33,2.7374,33.85,1.39,0.047,19.7,1.14,0.0225,2.8069,0.7017
5257,2026-09-24 18:15:00,2026-09-24,18:15,18.25,3,0,223.51,12.65,2.8274,34.09,2.08,0.0709,21.29,2.03,0.0432,2.9415,0.7354
5258,2026-09-24 18:30:00,2026-09-24,18:30,18.5,3,0,227.19,12.08,2.7445,31.92,0.3,0.0096,17.53,0.14,0.0025,2.7566,0.6892
5259,2026-09-24 18:45:00,2026-09-24,18:45,18.75,3,0,227.62,11.08,2.522,0.66,0.0,0.0,17.28,1.74,0.0301,2.5521,0.638
5260,2026-09-24 19:00:00,2026-09-24,19:00,19.0,3,0,227.23,12.43,2.8245,0.26,0.0,0.0,19.12,0.93,0.0178,2.8423,0.7106
5261,2026-09-24 19:15:00,2026-09-24,19:15,19.25,3,0,224.13,4.62,1.0355,0.29,0.0,0.0,18.07,1.43,0.0258,1.0613,0.2653
5262,2026-09-24 19:30:00,2026-09-24,19:30,19.5,3,0,224.92,4.07,0.9154,0.45,0.0,0.0,17.55,1.43,0.0251,0.9405,0.2351
5263,2026-09-24 19:45:00,2026-09-24,19:45,19.75,3,0,228.4,5.37,1.2265,0.22,0.0,0.0,18.28,0.2,0.0037,1.2302,0.3075
5264,2026-09-24 20:00:00,2026-09-24,20:00,20.0,3,0,227.8,4.48,1.0205,0.02,0.0,0.0,17.03,0.75,0.0128,1.0333,0.2583
5265,2026-09-24 20:15:00,2026-09-24,20:15,20.25,3,0,230.55,5.11,1.1781,0.6,0.0,0.0,15.37,0.85,0.0131,1.1912,0.2978
5266,2026-09-24 20:30:00,2026-09-24,20:30,20.5,3,0,229.0,4.71,1.0786,0.04,0.0,0.0,16.31,1.6,0.0261,1.1047,0.2762
5267,2026-09-24 20:45:00,2026-09-24,20:45,20.75,3,0,230.19,4.12,0.9484,0.74,0.0,0.0,17.08,1.44,0.0246,0.973,0.2432
5268,2026-09-24 21:00:00,2026-09-24,21:00,21.0,3,0,228.66,3.86,0.8826,0.28,0.0,0.0,15.37,1.0,0.0154,0.898,0.2245
5269,2026-09-24 21:15:00,2026-09-24,21:15,21.25,3,0,226.06,4.05,0.9155,0.29,0.0,0.0,17.83,1.41,0.0251,0.9406,0.2351
5270,2026-09-24 21:30:00,2026-09-24,21:30,21.5,3,0,226.77,4.95,1.1225,0.02,0.0,0.0,18.84,2.52,0.0475,1.17,0.2925
5271,2026-09-24 21:45:00,2026-09-24,21:45,21.75,3,0,230.56,4.22,0.973,0.76,0.0,0.0,17.56,1.38,0.0242,0.9972,0.2493
5272,2026-09-24 22:00:00,2026-09-24,22:00,22.0,3,0,228.03,3.36,0.7662,0.21,0.0,0.0,17.47,1.04,0.0182,0.7844,0.1961
5273,2026-09-24 22:15:00,2026-09-24,22:15,22.25,3,0,228.87,3.91,0.8949,0.68,0.0,0.0,18.77,0.49,0.0092,0.9041,0.226
5274,2026-09-24 22:30:00,2026-09-24,22:30,22.5,3,0,230.42,4.0,0.9217,0.26,0.0,0.0,16.66,0.05,0.0008,0.9225,0.2306
5275,2026-09-24 22:45:00,2026-09-24,22:45,22.75,3,0,229.34,3.08,0.7064,0.22,0.0,0.0,14.91,0.18,0.0027,0.7091,0.1773
5276,2026-09-24 23:00:00,2026-09-24,23:00,23.0,3,0,229.98,3.85,0.8854,0.8,0.0,0.0,17.44,0.29,0.0051,0.8905,0.2226
5277,2026-09-24 23:15:00,2026-09-24,23:15,23.25,3,0,231.94,3.45,0.8002,0.15,0.0,0.0,18.72,0.52,0.0097,0.8099,0.2025
5278,2026-09-24 23:30:00,2026-09-24,23:30,23.5,3,0,230.5,4.51,1.0396,0.4,0.0,0.0,15.98,0.14,0.0022,1.0418,0.2605
5279,2026-09-24 23:45:00,2026-09-24,23:45,23.75,3,0,229.73,4.15,0.9534,0.12,0.0,0.0,17.72,1.34,0.0237,0.9771,0.2443
5280,2026-09-25 00:00:00,2026-09-25,00:00,0.0,4,0,230.84,2.65,0.6117,0.67,0.0,0.0,28.18,5.22,0.1471,0.7588,0.1897
5281,2026-09-25 00:15:00,2026-09-25,00:15,0.25,4,0,229.62,3.59,0.8243,0.34,0.0,0.0,30.28,6.61,0.2001,1.0244,0.2561
5282,2026-09-25 00:30:00,2026-09-25,00:30,0.5,4,0,229.2,3.35,0.7678,0.8,0.0,0.0,24.54,4.95,0.1215,0.8893,0.2223
5283,2026-09-25 00:45:00,2026-09-25,00:45,0.75,4,0,227.89,4.08,0.9298,0.77,0.0,0.0,23.99,4.27,0.1024,1.0322,0.2581
5284,2026-09-25 01:00:00,2026-09-25,01:00,1.0,4,0,229.16,4.84,1.1091,0.79,0.0,0.0,27.25,4.01,0.1093,1.2184,0.3046
5285,2026-09-25 01:15:00,2026-09-25,01:15,1.25,4,0,230.98,3.16,0.7299,0.18,0.0,0.0,23.9,2.67,0.0638,0.7937,0.1984
5286,2026-09-25 01:30:00,2026-09-25,01:30,1.5,4,0,230.83,4.19,0.9672,0.72,0.0,0.0,26.26,4.3,0.1129,1.0801,0.27
5287,2026-09-25 01:45:00,2026-09-25,01:45,1.75,4,0,230.86,4.76,1.0989,0.74,0.0,0.0,20.94,3.38,0.0708,1.1697,0.2924
5288,2026-09-25 02:00:00,2026-09-25,02:00,2.0,4,0,230.43,3.86,0.8895,0.28,0.0,0.0,22.01,3.48,0.0766,0.9661,0.2415
5289,2026-09-25 02:15:00,2026-09-25,02:15,2.25,4,0,231.31,4.77,1.1033,0.28,0.0,0.0,20.69,2.78,0.0575,1.1608,0.2902
5290,2026-09-25 02:30:00,2026-09-25,02:30,2.5,4,0,230.86,4.36,1.0066,0.46,0.0,0.0,16.96,2.78,0.0471,1.0537,0.2634
5291,2026-09-25 02:45:00,2026-09-25,02:45,2.75,4,0,234.85,4.61,1.0827,0.27,0.0,0.0,19.86,0.84,0.0167,1.0994,0.2748
5292,2026-09-25 03:00:00,2026-09-25,03:00,3.0,4,0,231.31,3.62,0.8373,0.67,0.0,0.0,20.84,0.84,0.0175,0.8548,0.2137
5293,2026-09-25 03:15:00,2026-09-25,03:15,3.25,4,0,236.07,5.46,1.2889,0.59,0.0,0.0,18.76,1.84,0.0345,1.3234,0.3308
5294,2026-09-25 03:30:00,2026-09-25,03:30,3.5,4,0,233.61,4.34,1.0139,0.45,0.0,0.0,18.4,1.7,0.0313,1.0452,0.2613
5295,2026-09-25 03:45:00,2026-09-25,03:45,3.75,4,0,228.18,5.0,1.1409,0.79,0.0,0.0,19.02,0.94,0.0179,1.1588,0.2897
5296,2026-09-25 04:00:00,2026-09-25,04:00,4.0,4,0,234.76,3.91,0.9179,0.11,0.0,0.0,16.66,1.55,0.0258,0.9437,0.2359
5297,2026-09-25 04:15:00,2026-09-25,04:15,4.25,4,0,232.52,4.88,1.1347,0.4,0.0,0.0,19.5,1.33,0.0259,1.1606,0.2902
5298,2026-09-25 04:30:00,2026-09-25,04:30,4.5,4,0,233.19,4.52,1.054,0.08,0.0,0.0,20.55,2.16,0.0444,1.0984,0.2746
5299,2026-09-25 04:45:00,2026-09-25,04:45,4.75,4,0,234.43,4.92,1.1534,0.37,0.0,0.0,19.76,1.78,0.0352,1.1886,0.2972
5300,2026-09-25 05:00:00,2026-09-25,05:00,5.0,4,0,232.68,4.73,1.1006,0.6,0.0,0.0,21.15,2.19,0.0463,1.1469,0.2867
5301,2026-09-25 05:15:00,2026-09-25,05:15,5.25,4,0,232.7,4.04,0.9401,0.57,0.0,0.0,18.86,0.67,0.0126,0.9527,0.2382
5302,2026-09-25 05:30:00,2026-09-25,05:30,5.5,4,0,233.33,3.05,0.7117,0.71,0.0,0.0,19.52,0.49,0.0096,0.7213,0.1803
5303,2026-09-25 05:45:00,2026-09-25,05:45,5.75,4,0,236.92,4.14,0.9808,0.33,0.0,0.0,20.77,1.58,0.0328,1.0136,0.2534
5304,2026-09-25 06:00:00,2026-09-25,06:00,6.0,4,0,234.01,4.18,0.9782,32.97,0.07,0.0023,20.1,0.33,0.0066,0.9871,0.2468
5305,2026-09-25 06:15:00,2026-09-25,06:15,6.25,4,0,236.19,4.32,1.0203,32.5,0.82,0.0267,17.13,1.82,0.0312,1.0782,0.2696
5306,2026-09-25 06:30:00,2026-09-25,06:30,6.5,4,0,233.14,3.37,0.7857,37.21,1.28,0.0476,16.21,2.22,0.036,0.8693,0.2173
5307,2026-09-25 06:45:00,2026-09-25,06:45,6.75,4,0,233.47,4.41,1.0296,33.81,1.88,0.0636,20.27,1.66,0.0336,1.1268,0.2817
5308,2026-09-25 07:00:00,2026-09-25,07:00,7.0,4,0,231.08,2.01,0.4645,35.01,3.97,0.139,20.07,1.44,0.0289,0.6324,0.1581
5309,2026-09-25 07:15:00,2026-09-25,07:15,7.25,4,0,237.15,3.08,0.7304,35.82,3.73,0.1336,20.67,0.93,0.0192,0.8832,0.2208
5310,2026-09-25 07:30:00,2026-09-25,07:30,7.5,4,0,235.24,2.37,0.5575,35.64,4.95,0.1764,18.14,1.73,0.0314,0.7653,0.1913
5311,2026-09-25 07:45:00,2026-09-25,07:45,7.75,4,0,234.73,3.51,0.8239,37.43,5.68,0.2126,18.99,1.86,0.0353,1.0718,0.268
5312,2026-09-25 08:00:00,2026-09-25,08:00,8.0,4,0,235.35,11.39,2.6806,37.0,5.84,0.2161,20.6,1.69,0.0348,2.9315,0.7329
5313,2026-09-25 08:15:00,2026-09-25,08:15,8.25,4,0,233.26,10.52,2.4539,37.37,5.21,0.1947,17.1,1.48,0.0253,2.6739,0.6685
5314,2026-09-25 08:30:00,2026-09-25,08:30,8.5,4,0,233.45,12.12,2.8294,38.52,6.25,0.2407,17.98,1.7,0.0306,3.1007,0.7752
5315,2026-09-25 08:45:00,2026-09-25,08:45,8.75,4,0,233.79,10.46,2.4454,38.2,7.06,0.2697,17.44,0.87,0.0152,2.7303,0.6826
5316,2026-09-25 09:00:00,2026-09-25,09:00,9.0,4,0,226.77,12.87,2.9185,39.59,7.37,0.2918,16.9,1.28,0.0216,3.2319,0.808
5317,2026-09-25 09:15:00,2026-09-25,09:15,9.25,4,0,227.25,13.27,3.0156,40.28,8.78,0.3537,17.44,1.28,0.0223,3.3916,0.8479
5318,2026-09-25 09:30:00,2026-09-25,09:30,9.5,4,0,231.53,12.14,2.8108,40.6,9.2,0.3735,17.47,1.31,0.0229,3.2072,0.8018
5319,2026-09-25 09:45:00,2026-09-25,09:45,9.75,4,0,228.31,14.59,3.331,41.07,10.24,0.4206,17.62,0.09,0.0016,3.7532,0.9383
5320,2026-09-25 10:00:00,2026-09-25,10:00,10.0,4,0,231.88,12.82,2.9727,42.6,11.01,0.469,14.45,1.38,0.0199,3.4616,0.8654
5321,2026-09-25 10:15:00,2026-09-25,10:15,10.25,4,0,230.09,12.38,2.8485,41.96,11.89,0.4989,17.24,1.61,0.0278,3.3752,0.8438
5322,2026-09-25 10:30:00,2026-09-25,10:30,10.5,4,0,226.71,13.94,3.1603,44.89,13.29,0.5966,17.64,0.89,0.0157,3.7726,0.9432
5323,2026-09-25 10:45:00,2026-09-25,10:45,10.75,4,0,229.0,12.92,2.9587,45.39,13.56,0.6155,17.95,1.02,0.0183,3.5925,0.8981
5324,2026-09-25 11:00:00,2026-09-25,11:00,11.0,4,0,228.2,14.32,3.2678,45.63,14.45,0.6593,18.03,0.96,0.0173,3.9444,0.9861
5325,2026-09-25 11:15:00,2026-09-25,11:15,11.25,4,0,227.73,13.78,3.1381,46.43,13.93,0.6468,16.58,0.65,0.0108,3.7957,0.9489
5326,2026-09-25 11:30:00,2026-09-25,11:30,11.5,4,0,228.8,14.54,3.3268,46.52,15.31,0.7122,17.22,0.39,0.0067,4.0457,1.0114
5327,2026-09-25 11:45:00,2026-09-25,11:45,11.75,4,0,227.61,14.35,3.2662,45.22,14.92,0.6747,15.67,0.75,0.0118,3.9527,0.9882
5328,2026-09-25 12:00:00,2026-09-25,12:00,12.0,4,0,231.67,13.65,3.1623,46.83,13.88,0.65,18.24,1.04,0.019,3.8313,0.9578
5329,2026-09-25 12:15:00,2026-09-25,12:15,12.25,4,0,228.52,14.24,3.2541,44.12,13.71,0.6049,16.55,0.59,0.0098,3.8688,0.9672
5330,2026-09-25 12:30:00,2026-09-25,12:30,12.5,4,0,228.99,15.61,3.5745,44.61,12.97,0.5786,16.61,0.87,0.0144,4.1675,1.0419
5331,2026-09-25 12:45:00,2026-09-25,12:45,12.75,4,0,228.85,14.76,3.3778,44.46,12.33,0.5482,16.71,0.31,0.0052,3.9312,0.9828
5332,2026-09-25 13:00:00,2026-09-25,13:00,13.0,4,0,229.05,14.53,3.3281,43.11,11.14,0.4803,17.43,2.16,0.0376,3.846,0.9615
5333,2026-09-25 13:15:00,2026-09-25,13:15,13.25,4,0,225.65,15.56,3.5111,41.77,11.56,0.4829,18.74,0.87,0.0163,4.0103,1.0026
5334,2026-09-25 13:30:00,2026-09-25,13:30,13.5,4,0,225.42,15.14,3.4129,42.26,10.62,0.4488,20.61,1.91,0.0394,3.9011,0.9753
5335,2026-09-25 13:45:00,2026-09-25,13:45,13.75,4,0,228.23,14.07,3.2112,40.66,9.78,0.3977,16.51,0.41,0.0068,3.6157,0.9039
5336,2026-09-25 14:00:00,2026-09-25,14:00,14.0,4,0,223.85,13.45,3.0108,41.22,10.45,0.4308,17.24,0.73,0.0126,3.4542,0.8636
5337,2026-09-25 14:15:00,2026-09-25,14:15,14.25,4,0,227.91,14.56,3.3184,40.21,9.85,0.3961,17.96,0.26,0.0047,3.7192,0.9298
5338,2026-09-25 14:30:00,2026-09-25,14:30,14.5,4,0,227.48,15.67,3.5646,40.52,9.33,0.378,20.23,0.66,0.0133,3.9559,0.989
5339,2026-09-25 14:45:00,2026-09-25,14:45,14.75,4,0,226.53,14.72,3.3345,42.19,9.23,0.3894,17.09,0.49,0.0084,3.7323,0.9331
5340,2026-09-25 15:00:00,2026-09-25,15:00,15.0,4,0,227.31,15.53,3.5301,40.84,9.39,0.3835,18.27,1.53,0.0279,3.9415,0.9854
5341,2026-09-25 15:15:00,2026-09-25,15:15,15.25,4,0,223.52,13.84,3.0935,41.07,9.79,0.4021,18.35,1.47,0.027,3.5226,0.8807
5342,2026-09-25 15:30:00,2026-09-25,15:30,15.5,4,0,224.0,14.87,3.3309,41.84,9.26,0.3874,19.28,2.12,0.0409,3.7592,0.9398
5343,2026-09-25 15:45:00,2026-09-25,15:45,15.75,4,0,226.31,13.68,3.0959,40.73,8.74,0.356,19.55,1.22,0.0239,3.4758,0.869
5344,2026-09-25 16:00:00,2026-09-25,16:00,16.0,4,0,226.2,13.69,3.0967,39.26,9.09,0.3569,19.22,2.63,0.0505,3.5041,0.876
5345,2026-09-25 16:15:00,2026-09-25,16:15,16.25,4,0,224.3,13.67,3.0662,40.02,8.53,0.3414,19.61,1.97,0.0386,3.4462,0.8616
5346,2026-09-25 16:30:00,2026-09-25,16:30,16.5,4,0,224.29,13.56,3.0414,38.78,7.53,0.292,21.05,1.91,0.0402,3.3736,0.8434
5347,2026-09-25 16:45:00,2026-09-25,16:45,16.75,4,0,223.73,13.87,3.1031,38.03,6.19,0.2354,21.54,2.65,0.0571,3.3956,0.8489
5348,2026-09-25 17:00:00,2026-09-25,17:00,17.0,4,0,226.8,13.74,3.1162,37.79,5.16,0.195,19.67,1.48,0.0291,3.3403,0.8351
5349,2026-09-25 17:15:00,2026-09-25,17:15,17.25,4,0,223.82,13.21,2.9567,38.14,5.05,0.1926,21.55,1.41,0.0304,3.1797,0.7949
5350,2026-09-25 17:30:00,2026-09-25,17:30,17.5,4,0,227.47,12.6,2.8661,34.79,3.92,0.1364,23.26,2.21,0.0514,3.0539,0.7635
5351,2026-09-25 17:45:00,2026-09-25,17:45,17.75,4,0,226.13,12.8,2.8945,34.87,1.94,0.0677,18.99,1.79,0.034,2.9962,0.749
5352,2026-09-25 18:00:00,2026-09-25,18:00,18.0,4,0,224.0,12.15,2.7216,31.77,1.23,0.0391,21.65,2.71,0.0587,2.8194,0.7048
5353,2026-09-25 18:15:00,2026-09-25,18:15,18.25,4,0,226.87,12.28,2.786,31.87,0.61,0.0194,20.0,2.6,0.052,2.8574,0.7144
5354,2026-09-25 18:30:00,2026-09-25,18:30,18.5,4,0,223.96,11.52,2.58,32.27,0.21,0.0068,22.11,3.25,0.0719,2.6587,0.6647
5355,2026-09-25 18:45:00,2026-09-25,18:45,18.75,4,0,227.57,12.57,2.8606,0.3,0.0,0.0,18.4,1.72,0.0316,2.8922,0.723
5356,2026-09-25 19:00:00,2026-09-25,19:00,19.0,4,0,225.92,11.07,2.5009,0.55,0.0,0.0,20.68,3.17,0.0656,2.5665,0.6416
5357,2026-09-25 19:15:00,2026-09-25,19:15,19.25,4,0,226.95,4.23,0.96,0.28,0.0,0.0,21.79,2.94,0.0641,1.0241,0.256
5358,2026-09-25 19:30:00,2026-09-25,19:30,19.5,4,0,229.3,6.15,1.4102,0.32,0.0,0.0,23.07,3.04,0.0701,1.4803,0.3701
5359,2026-09-25 19:45:00,2026-09-25,19:45,19.75,4,0,224.03,4.73,1.0597,0.31,0.0,0.0,17.72,1.02,0.0181,1.0778,0.2695
5360,2026-09-25 20:00:00,2026-09-25,20:00,20.0,4,0,224.89,4.62,1.039,0.31,0.0,0.0,17.08,1.55,0.0265,1.0655,0.2664
5361,2026-09-25 20:15:00,2026-09-25,20:15,20.25,4,0,227.27,4.34,0.9864,0.25,0.0,0.0,18.89,1.86,0.0351,1.0215,0.2554
5362,2026-09-25 20:30:00,2026-09-25,20:30,20.5,4,0,223.1,4.92,1.0977,0.79,0.0,0.0,18.4,0.94,0.0173,1.115,0.2787
5363,2026-09-25 20:45:00,2026-09-25,20:45,20.75,4,0,225.31,4.44,1.0004,0.32,0.0,0.0,20.84,0.8,0.0167,1.0171,0.2543
5364,2026-09-25 21:00:00,2026-09-25,21:00,21.0,4,0,227.46,3.36,0.7643,0.59,0.0,0.0,17.7,1.89,0.0335,0.7978,0.1994
5365,2026-09-25 21:15:00,2026-09-25,21:15,21.25,4,0,225.6,3.69,0.8325,0.03,0.0,0.0,20.07,1.21,0.0243,0.8568,0.2142
5366,2026-09-25 21:30:00,2026-09-25,21:30,21.5,4,0,225.8,5.47,1.2351,0.48,0.0,0.0,16.75,0.36,0.006,1.2411,0.3103
5367,2026-09-25 21:45:00,2026-09-25,21:45,21.75,4,0,228.65,3.42,0.782,0.48,0.0,0.0,17.53,1.66,0.0291,0.8111,0.2028
5368,2026-09-25 22:00:00,2026-09-25,22:00,22.0,4,0,225.99,3.53,0.7977,0.21,0.0,0.0,18.94,2.49,0.0472,0.8449,0.2112
5369,2026-09-25 22:15:00,2026-09-25,22:15,22.25,4,0,227.39,3.13,0.7117,0.57,0.0,0.0,21.82,1.44,0.0314,0.7431,0.1858
5370,2026-09-25 22:30:00,2026-09-25,22:30,22.5,4,0,224.12,5.44,1.2192,0.18,0.0,0.0,18.77,2.08,0.039,1.2582,0.3145
5371,2026-09-25 22:45:00,2026-09-25,22:45,22.75,4,0,224.8,2.32,0.5215,0.66,0.0,0.0,19.65,3.07,0.0603,0.5818,0.1454
5372,2026-09-25 23:00:00,2026-09-25,23:00,23.0,4,0,226.38,3.85,0.8716,0.74,0.0,0.0,15.7,0.3,0.0047,0.8763,0.2191
5373,2026-09-25 23:15:00,2026-09-25,23:15,23.25,4,0,226.1,3.57,0.8072,0.49,0.0,0.0,22.78,2.64,0.0601,0.8673,0.2168
5374,2026-09-25 23:30:00,2026-09-25,23:30,23.5,4,0,223.94,4.89,1.0951,0.78,0.0,0.0,23.63,4.21,0.0995,1.1946,0.2987
5375,2026-09-25 23:45:00,2026-09-25,23:45,23.75,4,0,224.07,1.94,0.4347,0.36,0.0,0.0,23.07,2.59,0.0597,0.4944,0.1236
5376,2026-09-26 00:00:00,2026-09-26,00:00,0.0,5,1,230.89,3.64,0.8404,0.61,0.0,0.0,19.28,0.85,0.0164,0.8568,0.2142
5377,2026-09-26 00:15:00,2026-09-26,00:15,0.25,5,1,225.37,1.89,0.4259,0.19,0.0,0.0,17.17,0.39,0.0067,0.4326,0.1081
5378,2026-09-26 00:30:00,2026-09-26,00:30,0.5,5,1,223.55,1.6,0.3577,0.47,0.0,0.0,17.86,0.0,0.0,0.3577,0.0894
5379,2026-09-26 00:45:00,2026-09-26,00:45,0.75,5,1,225.97,3.73,0.8429,0.48,0.0,0.0,19.12,1.1,0.021,0.8639,0.216
5380,2026-09-26 01:00:00,2026-09-26,01:00,1.0,5,1,227.24,4.04,0.918,0.05,0.0,0.0,16.65,0.61,0.0102,0.9282,0.2321
5381,2026-09-26 01:15:00,2026-09-26,01:15,1.25,5,1,229.99,3.54,0.8142,0.18,0.0,0.0,18.49,1.4,0.0259,0.8401,0.21
5382,2026-09-26 01:30:00,2026-09-26,01:30,1.5,5,1,225.41,3.6,0.8115,0.01,0.0,0.0,20.72,1.37,0.0284,0.8399,0.21
5383,2026-09-26 01:45:00,2026-09-26,01:45,1.75,5,1,226.22,4.18,0.9456,0.79,0.0,0.0,20.7,2.02,0.0418,0.9874,0.2469
5384,2026-09-26 02:00:00,2026-09-26,02:00,2.0,5,1,225.52,3.63,0.8186,0.56,0.0,0.0,19.43,1.2,0.0233,0.8419,0.2105
5385,2026-09-26 02:15:00,2026-09-26,02:15,2.25,5,1,226.38,3.6,0.815,0.31,0.0,0.0,19.19,1.86,0.0357,0.8507,0.2127
5386,2026-09-26 02:30:00,2026-09-26,02:30,2.5,5,1,224.98,3.85,0.8662,0.24,0.0,0.0,18.49,1.58,0.0292,0.8954,0.2238
5387,2026-09-26 02:45:00,2026-09-26,02:45,2.75,5,1,228.21,4.48,1.0224,0.15,0.0,0.0,18.76,1.22,0.0229,1.0453,0.2613
5388,2026-09-26 03:00:00,2026-09-26,03:00,3.0,5,1,227.87,4.15,0.9457,0.63,0.0,0.0,20.5,2.08,0.0426,0.9883,0.2471
5389,2026-09-26 03:15:00,2026-09-26,03:15,3.25,5,1,226.68,5.46,1.2377,0.03,0.0,0.0,20.22,1.82,0.0368,1.2745,0.3186
5390,2026-09-26 03:30:00,2026-09-26,03:30,3.5,5,1,227.61,5.56,1.2655,0.42,0.0,0.0,20.4,2.23,0.0455,1.311,0.3277
5391,2026-09-26 03:45:00,2026-09-26,03:45,3.75,5,1,229.72,5.53,1.2703,0.02,0.0,0.0,19.24,2.36,0.0454,1.3157,0.3289
5392,2026-09-26 04:00:00,2026-09-26,04:00,4.0,5,1,231.27,4.23,0.9783,0.52,0.0,0.0,20.39,3.04,0.062,1.0403,0.2601
5393,2026-09-26 04:15:00,2026-09-26,04:15,4.25,5,1,231.61,5.16,1.1951,0.2,0.0,0.0,20.56,1.37,0.0282,1.2233,0.3058
5394,2026-09-26 04:30:00,2026-09-26,04:30,4.5,5,1,231.65,4.05,0.9382,0.64,0.0,0.0,19.56,2.13,0.0417,0.9799,0.245
5395,2026-09-26 04:45:00,2026-09-26,04:45,4.75,5,1,227.72,6.56,1.4938,0.3,0.0,0.0,21.18,2.27,0.0481,1.5419,0.3855
5396,2026-09-26 05:00:00,2026-09-26,05:00,5.0,5,1,227.17,2.72,0.6179,0.59,0.0,0.0,15.73,1.02,0.016,0.6339,0.1585
5397,2026-09-26 05:15:00,2026-09-26,05:15,5.25,5,1,229.36,4.78,1.0963,0.22,0.0,0.0,21.41,2.51,0.0537,1.15,0.2875
5398,2026-09-26 05:30:00,2026-09-26,05:30,5.5,5,1,227.16,3.81,0.8655,0.32,0.0,0.0,18.62,1.29,0.024,0.8895,0.2224
5399,2026-09-26 05:45:00,2026-09-26,05:45,5.75,5,1,229.33,3.66,0.8394,0.04,0.0,0.0,16.71,0.58,0.0097,0.8491,0.2123
5400,2026-09-26 06:00:00,2026-09-26,06:00,6.0,5,1,230.16,4.7,1.0817,32.18,0.47,0.0151,16.94,1.83,0.031,1.1278,0.2819
5401,2026-09-26 06:15:00,2026-09-26,06:15,6.25,5,1,231.8,4.54,1.0524,32.56,1.23,0.04,16.77,1.88,0.0315,1.1239,0.281
5402,2026-09-26 06:30:00,2026-09-26,06:30,6.5,5,1,228.13,4.51,1.0289,32.13,2.29,0.0736,16.43,0.45,0.0074,1.1099,0.2775
5403,2026-09-26 06:45:00,2026-09-26,06:45,6.75,5,1,229.29,3.84,0.8805,35.3,2.39,0.0844,16.02,2.39,0.0383,1.0032,0.2508
5404,2026-09-26 07:00:00,2026-09-26,07:00,7.0,5,1,230.34,4.37,1.0066,34.89,2.79,0.0973,17.98,0.62,0.0112,1.1151,0.2788
5405,2026-09-26 07:15:00,2026-09-26,07:15,7.25,5,1,233.75,3.13,0.7316,35.25,4.7,0.1657,20.11,1.65,0.0332,0.9305,0.2326
5406,2026-09-26 07:30:00,2026-09-26,07:30,7.5,5,1,227.07,4.27,0.9696,37.77,5.1,0.1926,19.05,2.61,0.0497,1.2119,0.303
5407,2026-09-26 07:45:00,2026-09-26,07:45,7.75,5,1,228.82,2.83,0.6476,37.47,6.49,0.2432,20.09,1.37,0.0275,0.9183,0.2296
5408,2026-09-26 08:00:00,2026-09-26,08:00,8.0,5,1,233.56,2.79,0.6516,39.91,8.86,0.3536,19.51,1.45,0.0283,1.0335,0.2584
5409,2026-09-26 08:15:00,2026-09-26,08:15,8.25,5,1,234.73,2.77,0.6502,39.97,8.26,0.3301,21.84,2.49,0.0544,1.0347,0.2587
5410,2026-09-26 08:30:00,2026-09-26,08:30,8.5,5,1,232.14,2.97,0.6895,39.95,8.71,0.348,23.36,4.05,0.0946,1.1321,0.283
5411,2026-09-26 08:45:00,2026-09-26,08:45,8.75,5,1,234.8,2.31,0.5424,41.05,9.28,0.3809,21.57,2.88,0.0621,0.9854,0.2464
5412,2026-09-26 09:00:00,2026-09-26,09:00,9.0,5,1,229.7,2.27,0.5214,40.9,8.98,0.3673,22.02,3.74,0.0823,0.971,0.2427
5413,2026-09-26 09:15:00,2026-09-26,09:15,9.25,5,1,232.31,2.68,0.6226,41.81,10.68,0.4465,22.02,3.81,0.0839,1.153,0.2883
5414,2026-09-26 09:30:00,2026-09-26,09:30,9.5,5,1,231.76,3.07,0.7115,41.95,10.92,0.4581,23.11,4.59,0.1061,1.2757,0.3189
5415,2026-09-26 09:45:00,2026-09-26,09:45,9.75,5,1,232.04,2.54,0.5894,41.99,9.65,0.4052,23.87,2.54,0.0606,1.0552,0.2638
5416,2026-09-26 10:00:00,2026-09-26,10:00,10.0,5,1,232.48,1.78,0.4138,42.06,8.83,0.3714,28.34,5.56,0.1576,0.9428,0.2357
5417,2026-09-26 10:15:00,2026-09-26,10:15,10.25,5,1,234.26,2.21,0.5177,39.98,9.84,0.3934,26.43,5.71,0.1509,1.062,0.2655
5418,2026-09-26 10:30:00,2026-09-26,10:30,10.5,5,1,227.42,1.66,0.3775,40.97,10.47,0.429,26.02,5.05,0.1314,0.9379,0.2345
5419,2026-09-26 10:45:00,2026-09-26,10:45,10.75,5,1,231.73,2.33,0.5399,39.85,10.47,0.4172,29.3,4.14,0.1213,1.0784,0.2696
5420,2026-09-26 11:00:00,2026-09-26,11:00,11.0,5,1,228.55,1.57,0.3588,42.11,9.9,0.4169,30.22,6.84,0.2067,0.9824,0.2456
5421,2026-09-26 11:15:00,2026-09-26,11:15,11.25,5,1,233.25,1.8,0.4199,41.62,10.58,0.4403,25.06,5.24,0.1313,0.9915,0.2479
5422,2026-09-26 11:30:00,2026-09-26,11:30,11.5,5,1,232.36,1.19,0.2765,43.02,11.36,0.4887,27.26,5.89,0.1606,0.9258,0.2314
5423,2026-09-26 11:45:00,2026-09-26,11:45,11.75,5,1,235.05,1.84,0.4325,42.35,11.73,0.4968,25.53,5.62,0.1435,1.0728,0.2682
5424,2026-09-26 12:00:00,2026-09-26,12:00,12.0,5,1,234.45,2.21,0.5181,43.19,12.64,0.5459,27.57,5.6,0.1544,1.2184,0.3046
5425,2026-09-26 12:15:00,2026-09-26,12:15,12.25,5,1,233.49,1.63,0.3806,45.55,12.84,0.5849,27.63,4.61,0.1274,1.0929,0.2732
5426,2026-09-26 12:30:00,2026-09-26,12:30,12.5,5,1,232.24,2.28,0.5295,44.12,14.22,0.6274,25.54,3.73,0.0953,1.2522,0.313
5427,2026-09-26 12:45:00,2026-09-26,12:45,12.75,5,1,235.82,1.0,0.2358,46.29,13.78,0.6379,29.13,7.69,0.224,1.0977,0.2744
5428,2026-09-26 13:00:00,2026-09-26,13:00,13.0,5,1,232.29,1.56,0.3624,46.93,13.93,0.6537,23.7,2.89,0.0685,1.0846,0.2712
5429,2026-09-26 13:15:00,2026-09-26,13:15,13.25,5,1,234.76,2.07,0.4859,44.78,15.16,0.6789,21.99,2.57,0.0565,1.2213,0.3053
5430,2026-09-26 13:30:00,2026-09-26,13:30,13.5,5,1,233.06,1.27,0.296,46.05,14.01,0.6452,27.23,5.79,0.1577,1.0989,0.2747
5431,2026-09-26 13:45:00,2026-09-26,13:45,13.75,5,1,234.43,1.86,0.436,45.1,13.79,0.6219,23.39,4.12,0.0964,1.1543,0.2886
5432,2026-09-26 14:00:00,2026-09-26,14:00,14.0,5,1,233.99,1.27,0.2972,44.35,14.07,0.624,18.94,0.78,0.0148,0.936,0.234
5433,2026-09-26 14:15:00,2026-09-26,14:15,14.25,5,1,232.39,2.65,0.6158,45.1,12.6,0.5683,18.86,2.12,0.04,1.2241,0.306
5434,2026-09-26 14:30:00,2026-09-26,14:30,14.5,5,1,231.6,2.29,0.5304,42.88,10.27,0.4404,22.34,3.75,0.0838,1.0546,0.2636
5435,2026-09-26 14:45:00,2026-09-26,14:45,14.75,5,1,234.96,3.56,0.8365,41.31,9.17,0.3788,21.31,3.58,0.0763,1.2916,0.3229
5436,2026-09-26 15:00:00,2026-09-26,15:00,15.0,5,1,234.75,1.0,0.2347,39.69,9.18,0.3644,15.89,0.81,0.0129,0.612,0.153
5437,2026-09-26 15:15:00,2026-09-26,15:15,15.25,5,1,233.82,3.14,0.7342,40.43,7.62,0.3081,18.41,1.65,0.0304,1.0727,0.2682
5438,2026-09-26 15:30:00,2026-09-26,15:30,15.5,5,1,232.21,3.26,0.757,39.9,7.73,0.3084,18.91,3.0,0.0567,1.1221,0.2805
5439,2026-09-26 15:45:00,2026-09-26,15:45,15.75,5,1,234.09,3.5,0.8193,38.82,6.47,0.2512,20.42,2.17,0.0443,1.1148,0.2787
5440,2026-09-26 16:00:00,2026-09-26,16:00,16.0,5,1,234.44,2.73,0.64,37.0,6.51,0.2409,19.49,0.77,0.015,0.8959,0.224
5441,2026-09-26 16:15:00,2026-09-26,16:15,16.25,5,1,235.55,3.89,0.9163,38.04,5.93,0.2256,18.37,0.67,0.0123,1.1542,0.2885
5442,2026-09-26 16:30:00,2026-09-26,16:30,16.5,5,1,232.02,4.02,0.9327,38.37,6.03,0.2314,24.49,4.08,0.0999,1.264,0.316
5443,2026-09-26 16:45:00,2026-09-26,16:45,16.75,5,1,232.05,3.62,0.84,37.36,5.77,0.2156,19.39,2.54,0.0493,1.1049,0.2762
5444,2026-09-26 17:00:00,2026-09-26,17:00,17.0,5,1,235.23,5.39,1.2679,37.25,5.05,0.1881,21.83,2.57,0.0561,1.5121,0.378
5445,2026-09-26 17:15:00,2026-09-26,17:15,17.25,5,1,232.31,4.71,1.0942,37.02,4.08,0.151,24.33,4.67,0.1136,1.3588,0.3397
5446,2026-09-26 17:30:00,2026-09-26,17:30,17.5,5,1,233.77,3.16,0.7387,35.89,3.1,0.1113,29.89,7.04,0.2104,1.0604,0.2651
5447,2026-09-26 17:45:00,2026-09-26,17:45,17.75,5,1,232.03,4.05,0.9397,35.01,2.55,0.0893,25.91,5.05,0.1308,1.1598,0.2899
5448,2026-09-26 18:00:00,2026-09-26,18:00,18.0,5,1,235.65,5.2,1.2254,33.68,1.54,0.0519,28.78,6.92,0.1992,1.4765,0.3691
5449,2026-09-26 18:15:00,2026-09-26,18:15,18.25,5,1,234.93,5.34,1.2545,32.56,0.68,0.0221,27.69,6.19,0.1714,1.448,0.362
5450,2026-09-26 18:30:00,2026-09-26,18:30,18.5,5,1,232.86,4.81,1.1201,32.39,0.0,0.0,30.52,7.09,0.2164,1.3365,0.3341
5451,2026-09-26 18:45:00,2026-09-26,18:45,18.75,5,1,234.02,3.69,0.8635,0.16,0.0,0.0,27.57,5.79,0.1596,1.0231,0.2558
5452,2026-09-26 19:00:00,2026-09-26,19:00,19.0,5,1,234.04,4.53,1.0602,0.27,0.0,0.0,37.67,9.81,0.3695,1.4297,0.3574
5453,2026-09-26 19:15:00,2026-09-26,19:15,19.25,5,1,232.9,4.51,1.0504,0.42,0.0,0.0,32.65,9.08,0.2965,1.3469,0.3367
5454,2026-09-26 19:30:00,2026-09-26,19:30,19.5,5,1,234.15,4.9,1.1473,0.58,0.0,0.0,38.77,10.78,0.4179,1.5652,0.3913
5455,2026-09-26 19:45:00,2026-09-26,19:45,19.75,5,1,231.85,4.65,1.0781,0.53,0.0,0.0,36.39,10.27,0.3737,1.4518,0.3629
5456,2026-09-26 20:00:00,2026-09-26,20:00,20.0,5,1,230.65,6.69,1.5431,0.34,0.0,0.0,33.86,8.65,0.2929,1.836,0.459
5457,2026-09-26 20:15:00,2026-09-26,20:15,20.25,5,1,228.72,4.44,1.0155,0.19,0.0,0.0,37.89,10.75,0.4073,1.4228,0.3557
5458,2026-09-26 20:30:00,2026-09-26,20:30,20.5,5,1,233.32,4.69,1.0943,0.77,0.0,0.0,28.93,6.65,0.1924,1.2867,0.3217
5459,2026-09-26 20:45:00,2026-09-26,20:45,20.75,5,1,231.46,5.15,1.192,0.56,0.0,0.0,28.9,5.29,0.1529,1.3449,0.3362
5460,2026-09-26 21:00:00,2026-09-26,21:00,21.0,5,1,232.76,4.17,0.9706,0.57,0.0,0.0,31.25,6.52,0.2037,1.1743,0.2936
5461,2026-09-26 21:15:00,2026-09-26,21:15,21.25,5,1,230.32,4.42,1.018,0.12,0.0,0.0,30.2,6.32,0.1909,1.2089,0.3022
5462,2026-09-26 21:30:00,2026-09-26,21:30,21.5,5,1,232.51,4.36,1.0137,0.12,0.0,0.0,25.86,3.91,0.1011,1.1148,0.2787
5463,2026-09-26 21:45:00,2026-09-26,21:45,21.75,5,1,229.17,4.69,1.0748,0.55,0.0,0.0,29.69,5.4,0.1603,1.2351,0.3088
5464,2026-09-26 22:00:00,2026-09-26,22:00,22.0,5,1,230.03,4.66,1.0719,0.25,0.0,0.0,16.83,1.03,0.0173,1.0892,0.2723
5465,2026-09-26 22:15:00,2026-09-26,22:15,22.25,5,1,228.37,3.37,0.7696,0.25,0.0,0.0,31.36,7.52,0.2358,1.0054,0.2514
5466,2026-09-26 22:30:00,2026-09-26,22:30,22.5,5,1,232.36,4.56,1.0596,0.72,0.0,0.0,29.58,5.51,0.163,1.2226,0.3056
5467,2026-09-26 22:45:00,2026-09-26,22:45,22.75,5,1,229.53,3.29,0.7551,0.15,0.0,0.0,28.05,5.35,0.1501,0.9052,0.2263
5468,2026-09-26 23:00:00,2026-09-26,23:00,23.0,5,1,229.4,4.3,0.9864,0.5,0.0,0.0,22.75,1.9,0.0432,1.0296,0.2574
5469,2026-09-26 23:15:00,2026-09-26,23:15,23.25,5,1,231.85,2.54,0.5889,0.78,0.0,0.0,24.5,3.7,0.0907,0.6796,0.1699
5470,2026-09-26 23:30:00,2026-09-26,23:30,23.5,5,1,230.61,2.14,0.4935,0.34,0.0,0.0,17.35,1.48,0.0257,0.5192,0.1298
5471,2026-09-26 23:45:00,2026-09-26,23:45,23.75,5,1,228.0,3.58,0.8162,0.39,0.0,0.0,19.58,2.16,0.0423,0.8585,0.2146
5472,2026-09-27 00:00:00,2026-09-27,00:00,0.0,6,1,229.93,2.57,0.5909,0.66,0.0,0.0,18.84,2.27,0.0428,0.6337,0.1584
5473,2026-09-27 00:15:00,2026-09-27,00:15,0.25,6,1,228.29,4.37,0.9976,0.37,0.0,0.0,16.55,0.56,0.0093,1.0069,0.2517
5474,2026-09-27 00:30:00,2026-09-27,00:30,0.5,6,1,225.02,3.19,0.7178,0.49,0.0,0.0,20.02,3.53,0.0707,0.7885,0.1971
5475,2026-09-27 00:45:00,2026-09-27,00:45,0.75,6,1,227.83,3.31,0.7541,0.54,0.0,0.0,21.78,2.88,0.0627,0.8168,0.2042
5476,2026-09-27 01:00:00,2026-09-27,01:00,1.0,6,1,227.3,3.54,0.8046,0.38,0.0,0.0,21.51,1.13,0.0243,0.8289,0.2072
5477,2026-09-27 01:15:00,2026-09-27,01:15,1.25,6,1,229.94,4.49,1.0324,0.45,0.0,0.0,19.15,0.74,0.0142,1.0466,0.2616
5478,2026-09-27 01:30:00,2026-09-27,01:30,1.5,6,1,228.57,4.93,1.1268,0.34,0.0,0.0,21.83,2.89,0.0631,1.1899,0.2975
5479,2026-09-27 01:45:00,2026-09-27,01:45,1.75,6,1,230.51,4.25,0.9797,0.12,0.0,0.0,24.62,4.64,0.1142,1.0939,0.2735
5480,2026-09-27 02:00:00,2026-09-27,02:00,2.0,6,1,227.5,5.46,1.2422,0.3,0.0,0.0,22.49,3.08,0.0693,1.3115,0.3279
5481,2026-09-27 02:15:00,2026-09-27,02:15,2.25,6,1,227.55,3.64,0.8283,0.15,0.0,0.0,28.97,7.99,0.2315,1.0598,0.265
5482,2026-09-27 02:30:00,2026-09-27,02:30,2.5,6,1,225.84,4.69,1.0592,0.11,0.0,0.0,23.62,3.3,0.078,1.1372,0.2843
5483,2026-09-27 02:45:00,2026-09-27,02:45,2.75,6,1,229.49,5.29,1.214,0.15,0.0,0.0,31.88,7.53,0.2401,1.4541,0.3635
5484,2026-09-27 03:00:00,2026-09-27,03:00,3.0,6,1,225.95,3.48,0.7863,0.07,0.0,0.0,27.62,7.18,0.1983,0.9846,0.2462
5485,2026-09-27 03:15:00,2026-09-27,03:15,3.25,6,1,227.09,4.59,1.0423,0.15,0.0,0.0,30.84,7.57,0.2335,1.2758,0.319
5486,2026-09-27 03:30:00,2026-09-27,03:30,3.5,6,1,226.12,4.6,1.0402,0.15,0.0,0.0,34.02,9.2,0.313,1.3532,0.3383
5487,2026-09-27 03:45:00,2026-09-27,03:45,3.75,6,1,228.09,4.73,1.0789,0.19,0.0,0.0,33.02,9.95,0.3286,1.4075,0.3519
5488,2026-09-27 04:00:00,2026-09-27,04:00,4.0,6,1,229.63,3.9,0.8956,0.78,0.0,0.0,28.94,6.34,0.1835,1.0791,0.2698
5489,2026-09-27 04:15:00,2026-09-27,04:15,4.25,6,1,225.92,4.9,1.107,0.19,0.0,0.0,40.09,11.11,0.4454,1.5524,0.3881
5490,2026-09-27 04:30:00,2026-09-27,04:30,4.5,6,1,224.45,4.56,1.0235,0.03,0.0,0.0,32.99,7.82,0.258,1.2815,0.3204
5491,2026-09-27 04:45:00,2026-09-27,04:45,4.75,6,1,227.39,5.92,1.3462,0.37,0.0,0.0,28.15,6.58,0.1852,1.5314,0.3829
5492,2026-09-27 05:00:00,2026-09-27,05:00,5.0,6,1,226.55,3.95,0.8949,0.5,0.0,0.0,26.49,6.2,0.1642,1.0591,0.2648
5493,2026-09-27 05:15:00,2026-09-27,05:15,5.25,6,1,226.07,4.48,1.0128,0.21,0.0,0.0,27.69,5.9,0.1634,1.1762,0.294
5494,2026-09-27 05:30:00,2026-09-27,05:30,5.5,6,1,225.46,3.63,0.8184,0.29,0.0,0.0,28.26,6.0,0.1696,0.988,0.247
5495,2026-09-27 05:45:00,2026-09-27,05:45,5.75,6,1,227.88,3.68,0.8386,0.64,0.0,0.0,34.81,9.28,0.323,1.1616,0.2904
5496,2026-09-27 06:00:00,2026-09-27,06:00,6.0,6,1,227.06,4.39,0.9968,32.11,0.0,0.0,29.65,6.13,0.1817,1.1785,0.2946
5497,2026-09-27 06:15:00,2026-09-27,06:15,6.25,6,1,227.04,4.24,0.9627,32.47,2.04,0.0662,31.95,9.42,0.301,1.3299,0.3325
5498,2026-09-27 06:30:00,2026-09-27,06:30,6.5,6,1,227.67,3.21,0.7308,34.23,1.81,0.062,29.5,6.27,0.185,0.9778,0.2445
5499,2026-09-27 06:45:00,2026-09-27,06:45,6.75,6,1,222.39,2.89,0.6427,33.48,3.27,0.1095,29.26,6.29,0.1841,0.9363,0.2341
5500,2026-09-27 07:00:00,2026-09-27,07:00,7.0,6,1,224.37,2.68,0.6013,35.53,3.7,0.1315,26.99,5.47,0.1476,0.8804,0.2201
5501,2026-09-27 07:15:00,2026-09-27,07:15,7.25,6,1,227.3,3.48,0.791,35.13,3.14,0.1103,22.24,2.2,0.0489,0.9502,0.2376
5502,2026-09-27 07:30:00,2026-09-27,07:30,7.5,6,1,227.2,2.1,0.4771,36.63,3.69,0.1352,23.78,3.34,0.0794,0.6917,0.1729
5503,2026-09-27 07:45:00,2026-09-27,07:45,7.75,6,1,224.81,3.46,0.7778,38.08,4.92,0.1873,19.86,1.83,0.0363,1.0014,0.2504
5504,2026-09-27 08:00:00,2026-09-27,08:00,8.0,6,1,224.33,3.53,0.7919,36.67,5.33,0.1954,18.33,0.38,0.007,0.9943,0.2486
5505,2026-09-27 08:15:00,2026-09-27,08:15,8.25,6,1,224.45,2.03,0.4556,36.9,5.7,0.2103,23.93,4.76,0.1139,0.7798,0.195
5506,2026-09-27 08:30:00,2026-09-27,08:30,8.5,6,1,226.86,4.09,0.9279,38.04,6.96,0.2648,26.21,4.56,0.1195,1.3122,0.3281
5507,2026-09-27 08:45:00,2026-09-27,08:45,8.75,6,1,225.54,1.31,0.2955,39.15,7.24,0.2834,19.75,0.88,0.0174,0.5963,0.1491
5508,2026-09-27 09:00:00,2026-09-27,09:00,9.0,6,1,224.72,2.81,0.6315,39.31,8.7,0.342,18.13,1.13,0.0205,0.994,0.2485
5509,2026-09-27 09:15:00,2026-09-27,09:15,9.25,6,1,228.84,3.28,0.7506,41.55,8.9,0.3698,22.83,3.17,0.0724,1.1928,0.2982
5510,2026-09-27 09:30:00,2026-09-27,09:30,9.5,6,1,229.72,3.19,0.7328,42.35,11.2,0.4743,18.38,0.3,0.0055,1.2126,0.3031
5511,2026-09-27 09:45:00,2026-09-27,09:45,9.75,6,1,226.52,1.69,0.3828,42.74,11.4,0.4872,21.98,3.67,0.0807,0.9507,0.2377
5512,2026-09-27 10:00:00,2026-09-27,10:00,10.0,6,1,226.49,2.03,0.4598,44.29,12.79,0.5665,21.25,2.89,0.0614,1.0877,0.2719
5513,2026-09-27 10:15:00,2026-09-27,10:15,10.25,6,1,225.52,1.28,0.2887,43.75,13.4,0.5863,25.33,3.62,0.0917,0.9667,0.2417
5514,2026-09-27 10:30:00,2026-09-27,10:30,10.5,6,1,227.37,1.98,0.4502,45.31,14.45,0.6547,25.93,4.81,0.1247,1.2296,0.3074
5515,2026-09-27 10:45:00,2026-09-27,10:45,10.75,6,1,228.21,1.61,0.3674,45.89,13.56,0.6223,27.63,5.71,0.1578,1.1475,0.2869
5516,2026-09-27 11:00:00,2026-09-27,11:00,11.0,6,1,228.22,1.95,0.445,45.45,14.53,0.6604,31.57,6.42,0.2027,1.3081,0.327
5517,2026-09-27 11:15:00,2026-09-27,11:15,11.25,6,1,227.48,1.69,0.3844,43.94,13.63,0.5989,33.68,8.66,0.2917,1.275,0.3187
5518,2026-09-27 11:30:00,2026-09-27,11:30,11.5,6,1,225.58,2.55,0.5752,44.2,12.88,0.5693,36.78,9.46,0.3479,1.4924,0.3731
5519,2026-09-27 11:45:00,2026-09-27,11:45,11.75,6,1,227.97,2.34,0.5335,43.31,11.24,0.4868,38.39,9.55,0.3666,1.3869,0.3467
5520,2026-09-27 12:00:00,2026-09-27,12:00,12.0,6,1,228.19,1.36,0.3103,43.6,11.01,0.48,32.6,7.84,0.2556,1.0459,0.2615
5521,2026-09-27 12:15:00,2026-09-27,12:15,12.25,6,1,231.11,2.14,0.4946,42.19,11.84,0.4995,43.66,13.93,0.6082,1.6023,0.4006
5522,2026-09-27 12:30:00,2026-09-27,12:30,12.5,6,1,230.08,1.64,0.3773,40.8,11.28,0.4602,43.04,11.81,0.5083,1.3458,0.3365
5523,2026-09-27 12:45:00,2026-09-27,12:45,12.75,6,1,226.88,1.33,0.3018,42.03,10.92,0.459,35.98,9.84,0.354,1.1148,0.2787
5524,2026-09-27 13:00:00,2026-09-27,13:00,13.0,6,1,230.64,1.66,0.3829,40.18,11.25,0.452,37.88,10.44,0.3955,1.2304,0.3076
5525,2026-09-27 13:15:00,2026-09-27,13:15,13.25,6,1,231.2,1.92,0.4439,41.99,10.5,0.4409,39.24,13.32,0.5227,1.4075,0.3519
5526,2026-09-27 13:30:00,2026-09-27,13:30,13.5,6,1,229.23,2.44,0.5593,43.24,10.51,0.4544,33.97,9.2,0.3125,1.3262,0.3316
5527,2026-09-27 13:45:00,2026-09-27,13:45,13.75,6,1,230.16,2.45,0.5639,43.12,9.94,0.4286,39.9,11.77,0.4696,1.4621,0.3655
5528,2026-09-27 14:00:00,2026-09-27,14:00,14.0,6,1,225.41,1.99,0.4486,43.11,10.56,0.4552,33.76,8.61,0.2907,1.1945,0.2986
5529,2026-09-27 14:15:00,2026-09-27,14:15,14.25,6,1,230.37,1.92,0.4423,41.63,11.67,0.4858,44.06,15.41,0.679,1.6071,0.4018
5530,2026-09-27 14:30:00,2026-09-27,14:30,14.5,6,1,229.85,2.73,0.6275,42.79,12.46,0.5332,31.51,8.05,0.2537,1.4144,0.3536
5531,2026-09-27 14:45:00,2026-09-27,14:45,14.75,6,1,231.38,3.57,0.826,43.27,11.51,0.498,32.83,7.57,0.2485,1.5725,0.3931
5532,2026-09-27 15:00:00,2026-09-27,15:00,15.0,6,1,230.92,2.63,0.6073,41.96,12.04,0.5052,28.2,5.3,0.1495,1.262,0.3155
5533,2026-09-27 15:15:00,2026-09-27,15:15,15.25,6,1,230.45,3.23,0.7444,41.7,10.02,0.4178,29.26,6.5,0.1902,1.3524,0.3381
5534,2026-09-27 15:30:00,2026-09-27,15:30,15.5,6,1,233.8,3.31,0.7739,42.12,10.56,0.4448,30.09,6.65,0.2001,1.4188,0.3547
5535,2026-09-27 15:45:00,2026-09-27,15:45,15.75,6,1,235.59,3.12,0.735,41.24,9.69,0.3996,25.16,3.65,0.0918,1.2264,0.3066
5536,2026-09-27 16:00:00,2026-09-27,16:00,16.0,6,1,232.62,3.2,0.7444,41.29,9.05,0.3737,27.1,5.99,0.1623,1.2804,0.3201
5537,2026-09-27 16:15:00,2026-09-27,16:15,16.25,6,1,232.88,3.6,0.8384,38.36,8.29,0.318,26.45,6.12,0.1619,1.3183,0.3296
5538,2026-09-27 16:30:00,2026-09-27,16:30,16.5,6,1,233.17,3.25,0.7578,37.38,6.22,0.2325,24.95,3.21,0.0801,1.0704,0.2676
5539,2026-09-27 16:45:00,2026-09-27,16:45,16.75,6,1,229.94,3.59,0.8255,37.98,6.57,0.2495,23.0,3.38,0.0777,1.1527,0.2882
5540,2026-09-27 17:00:00,2026-09-27,17:00,17.0,6,1,234.53,3.06,0.7177,36.61,5.33,0.1951,21.0,3.43,0.072,0.9848,0.2462
5541,2026-09-27 17:15:00,2026-09-27,17:15,17.25,6,1,232.41,4.4,1.0226,36.01,3.98,0.1433,24.68,4.69,0.1158,1.2817,0.3204
5542,2026-09-27 17:30:00,2026-09-27,17:30,17.5,6,1,230.98,4.0,0.9239,35.35,2.81,0.0993,18.07,0.53,0.0096,1.0328,0.2582
5543,2026-09-27 17:45:00,2026-09-27,17:45,17.75,6,1,236.36,4.99,1.1794,34.89,2.08,0.0726,23.93,3.61,0.0864,1.3384,0.3346
5544,2026-09-27 18:00:00,2026-09-27,18:00,18.0,6,1,231.06,5.89,1.3609,33.6,0.68,0.0229,30.78,4.82,0.1484,1.5322,0.3831
5545,2026-09-27 18:15:00,2026-09-27,18:15,18.25,6,1,233.92,3.69,0.8632,33.56,0.0,0.0,25.52,3.6,0.0919,0.9551,0.2388
5546,2026-09-27 18:30:00,2026-09-27,18:30,18.5,6,1,233.78,4.22,0.9865,33.38,0.0,0.0,29.43,7.46,0.2196,1.2061,0.3015
5547,2026-09-27 18:45:00,2026-09-27,18:45,18.75,6,1,235.48,4.43,1.0432,0.55,0.0,0.0,25.61,5.33,0.1365,1.1797,0.2949
5548,2026-09-27 19:00:00,2026-09-27,19:00,19.0,6,1,235.58,5.01,1.1803,0.53,0.0,0.0,24.93,4.27,0.1065,1.2868,0.3217
5549,2026-09-27 19:15:00,2026-09-27,19:15,19.25,6,1,235.24,4.72,1.1103,0.2,0.0,0.0,28.82,6.51,0.1876,1.2979,0.3245
5550,2026-09-27 19:30:00,2026-09-27,19:30,19.5,6,1,230.6,4.4,1.0146,0.55,0.0,0.0,38.52,10.87,0.4187,1.4333,0.3583
5551,2026-09-27 19:45:00,2026-09-27,19:45,19.75,6,1,233.52,5.9,1.3778,0.72,0.0,0.0,27.29,5.59,0.1526,1.5304,0.3826
5552,2026-09-27 20:00:00,2026-09-27,20:00,20.0,6,1,234.75,4.32,1.0141,0.3,0.0,0.0,39.06,11.7,0.457,1.4711,0.3678
5553,2026-09-27 20:15:00,2026-09-27,20:15,20.25,6,1,234.39,3.95,0.9258,0.45,0.0,0.0,33.96,7.09,0.2408,1.1666,0.2917
5554,2026-09-27 20:30:00,2026-09-27,20:30,20.5,6,1,232.17,4.94,1.1469,0.09,0.0,0.0,34.38,7.87,0.2706,1.4175,0.3544
5555,2026-09-27 20:45:00,2026-09-27,20:45,20.75,6,1,233.73,6.19,1.4468,0.18,0.0,0.0,37.47,11.02,0.4129,1.8597,0.4649
5556,2026-09-27 21:00:00,2026-09-27,21:00,21.0,6,1,233.92,4.5,1.0526,0.12,0.0,0.0,41.45,12.65,0.5243,1.5769,0.3942
5557,2026-09-27 21:15:00,2026-09-27,21:15,21.25,6,1,232.18,4.03,0.9357,0.74,0.0,0.0,45.45,13.8,0.6272,1.5629,0.3907
5558,2026-09-27 21:30:00,2026-09-27,21:30,21.5,6,1,235.6,2.57,0.6055,0.25,0.0,0.0,38.64,10.42,0.4026,1.0081,0.252
5559,2026-09-27 21:45:00,2026-09-27,21:45,21.75,6,1,233.37,3.62,0.8448,0.24,0.0,0.0,46.11,15.15,0.6986,1.5434,0.3859
5560,2026-09-27 22:00:00,2026-09-27,22:00,22.0,6,1,237.07,5.76,1.3655,0.57,0.0,0.0,45.16,13.27,0.5993,1.9648,0.4912
5561,2026-09-27 22:15:00,2026-09-27,22:15,22.25,6,1,233.67,3.68,0.8599,0.58,0.0,0.0,40.88,14.0,0.5723,1.4322,0.358
5562,2026-09-27 22:30:00,2026-09-27,22:30,22.5,6,1,236.41,4.21,0.9953,0.75,0.0,0.0,44.04,13.46,0.5928,1.5881,0.397
5563,2026-09-27 22:45:00,2026-09-27,22:45,22.75,6,1,233.04,4.64,1.0813,0.56,0.0,0.0,41.13,12.56,0.5166,1.5979,0.3995
5564,2026-09-27 23:00:00,2026-09-27,23:00,23.0,6,1,232.48,4.07,0.9462,0.2,0.0,0.0,45.16,14.61,0.6598,1.606,0.4015
5565,2026-09-27 23:15:00,2026-09-27,23:15,23.25,6,1,234.27,2.91,0.6817,0.51,0.0,0.0,34.61,9.85,0.3409,1.0226,0.2556
5566,2026-09-27 23:30:00,2026-09-27,23:30,23.5,6,1,232.79,3.82,0.8893,0.04,0.0,0.0,33.69,8.54,0.2877,1.177,0.2943
5567,2026-09-27 23:45:00,2026-09-27,23:45,23.75,6,1,233.71,2.71,0.6333,0.09,0.0,0.0,28.74,6.14,0.1765,0.8098,0.2024
5568,2026-09-28 00:00:00,2026-09-28,00:00,0.0,0,0,233.25,3.36,0.7837,0.16,0.0,0.0,26.33,5.22,0.1374,0.9211,0.2303
5569,2026-09-28 00:15:00,2026-09-28,00:15,0.25,0,0,233.5,3.58,0.8359,0.75,0.0,0.0,25.71,4.51,0.1159,0.9518,0.2379
5570,2026-09-28 00:30:00,2026-09-28,00:30,0.5,0,0,232.35,2.72,0.632,0.08,0.0,0.0,25.58,5.44,0.1392,0.7712,0.1928
5571,2026-09-28 00:45:00,2026-09-28,00:45,0.75,0,0,229.67,3.27,0.751,0.07,0.0,0.0,29.0,7.59,0.2201,0.9711,0.2428
5572,2026-09-28 01:00:00,2026-09-28,01:00,1.0,0,0,231.59,3.81,0.8824,0.4,0.0,0.0,22.56,4.14,0.0934,0.9758,0.244
5573,2026-09-28 01:15:00,2026-09-28,01:15,1.25,0,0,234.29,4.61,1.0801,0.1,0.0,0.0,23.27,5.5,0.128,1.2081,0.302
5574,2026-09-28 01:30:00,2026-09-28,01:30,1.5,0,0,234.65,3.96,0.9292,0.43,0.0,0.0,28.57,5.48,0.1566,1.0858,0.2715
5575,2026-09-28 01:45:00,2026-09-28,01:45,1.75,0,0,236.36,3.5,0.8273,0.58,0.0,0.0,20.3,2.49,0.0505,0.8778,0.2195
5576,2026-09-28 02:00:00,2026-09-28,02:00,2.0,0,0,235.02,4.74,1.114,0.6,0.0,0.0,20.42,2.82,0.0576,1.1716,0.2929
5577,2026-09-28 02:15:00,2026-09-28,02:15,2.25,0,0,229.68,4.16,0.9555,0.63,0.0,0.0,20.66,1.96,0.0405,0.996,0.249
5578,2026-09-28 02:30:00,2026-09-28,02:30,2.5,0,0,232.92,4.94,1.1506,0.57,0.0,0.0,21.23,1.15,0.0244,1.175,0.2938
5579,2026-09-28 02:45:00,2026-09-28,02:45,2.75,0,0,233.74,4.01,0.9373,0.47,0.0,0.0,21.6,2.72,0.0587,0.996,0.249
5580,2026-09-28 03:00:00,2026-09-28,03:00,3.0,0,0,228.78,3.84,0.8785,0.55,0.0,0.0,22.67,2.99,0.0678,0.9463,0.2366
5581,2026-09-28 03:15:00,2026-09-28,03:15,3.25,0,0,228.75,5.89,1.3473,0.4,0.0,0.0,23.54,4.0,0.0942,1.4415,0.3604
5582,2026-09-28 03:30:00,2026-09-28,03:30,3.5,0,0,233.53,5.83,1.3615,0.4,0.0,0.0,38.83,10.96,0.4256,1.7871,0.4468
5583,2026-09-28 03:45:00,2026-09-28,03:45,3.75,0,0,231.14,4.59,1.0609,0.7,0.0,0.0,36.08,9.57,0.3453,1.4062,0.3515
5584,2026-09-28 04:00:00,2026-09-28,04:00,4.0,0,0,232.66,5.38,1.2517,0.6,0.0,0.0,34.41,7.2,0.2477,1.4994,0.3749
5585,2026-09-28 04:15:00,2026-09-28,04:15,4.25,0,0,231.89,4.32,1.0018,0.43,0.0,0.0,36.72,9.1,0.3342,1.336,0.334
5586,2026-09-28 04:30:00,2026-09-28,04:30,4.5,0,0,233.21,6.05,1.4109,0.39,0.0,0.0,30.04,7.96,0.2391,1.65,0.4125
5587,2026-09-28 04:45:00,2026-09-28,04:45,4.75,0,0,230.77,5.91,1.3639,0.74,0.0,0.0,27.04,6.51,0.176,1.5399,0.385
5588,2026-09-28 05:00:00,2026-09-28,05:00,5.0,0,0,228.11,3.57,0.8144,0.57,0.0,0.0,40.27,12.33,0.4965,1.3109,0.3277
5589,2026-09-28 05:15:00,2026-09-28,05:15,5.25,0,0,231.97,4.74,1.0995,0.29,0.0,0.0,37.42,9.6,0.3592,1.4587,0.3647
5590,2026-09-28 05:30:00,2026-09-28,05:30,5.5,0,0,231.72,4.3,0.9964,0.32,0.0,0.0,42.3,13.25,0.5605,1.5569,0.3892
5591,2026-09-28 05:45:00,2026-09-28,05:45,5.75,0,0,228.1,4.41,1.0059,0.36,0.0,0.0,37.28,11.84,0.4414,1.4473,0.3618
5592,2026-09-28 06:00:00,2026-09-28,06:00,6.0,0,0,229.54,4.54,1.0421,32.41,0.08,0.0026,36.63,10.48,0.3839,1.4286,0.3572
5593,2026-09-28 06:15:00,2026-09-28,06:15,6.25,0,0,230.0,3.38,0.7774,33.85,0.0,0.0,40.06,12.53,0.502,1.2794,0.3199
5594,2026-09-28 06:30:00,2026-09-28,06:30,6.5,0,0,231.44,2.99,0.692,35.58,1.88,0.0669,42.25,13.77,0.5818,1.3407,0.3352
5595,2026-09-28 06:45:00,2026-09-28,06:45,6.75,0,0,231.16,3.99,0.9223,34.74,2.73,0.0948,34.83,10.81,0.3765,1.3936,0.3484
5596,2026-09-28 07:00:00,2026-09-28,07:00,7.0,0,0,230.8,4.42,1.0201,34.91,3.66,0.1278,44.53,15.48,0.6893,1.8372,0.4593
5597,2026-09-28 07:15:00,2026-09-28,07:15,7.25,0,0,227.96,2.96,0.6748,36.45,4.14,0.1509,33.16,8.74,0.2898,1.1155,0.2789
5598,2026-09-28 07:30:00,2026-09-28,07:30,7.5,0,0,231.01,3.84,0.8871,38.89,6.26,0.2434,43.71,14.13,0.6176,1.7481,0.437
5599,2026-09-28 07:45:00,2026-09-28,07:45,7.75,0,0,224.65,2.93,0.6582,36.57,6.68,0.2443,39.25,9.37,0.3678,1.2703,0.3176
5600,2026-09-28 08:00:00,2026-09-28,08:00,8.0,0,0,228.64,11.22,2.5653,38.26,6.35,0.2429,29.26,8.16,0.2388,3.047,0.7618
5601,2026-09-28 08:15:00,2026-09-28,08:15,8.25,0,0,227.5,13.1,2.9802,38.12,8.19,0.3122,43.93,13.16,0.5781,3.8705,0.9676
5602,2026-09-28 08:30:00,2026-09-28,08:30,8.5,0,0,227.48,12.89,2.9322,38.8,7.93,0.3077,32.74,8.95,0.293,3.5329,0.8832
5603,2026-09-28 08:45:00,2026-09-28,08:45,8.75,0,0,229.25,11.59,2.657,40.02,6.91,0.2765,27.2,6.01,0.1635,3.097,0.7742
5604,2026-09-28 09:00:00,2026-09-28,09:00,9.0,0,0,225.81,12.54,2.8317,40.25,8.09,0.3256,32.68,7.71,0.252,3.4093,0.8523
5605,2026-09-28 09:15:00,2026-09-28,09:15,9.25,0,0,223.45,13.14,2.9361,41.36,8.89,0.3677,22.65,3.63,0.0822,3.386,0.8465
5606,2026-09-28 09:30:00,2026-09-28,09:30,9.5,0,0,224.11,12.99,2.9112,41.04,9.08,0.3726,27.09,5.92,0.1604,3.4442,0.861
5607,2026-09-28 09:45:00,2026-09-28,09:45,9.75,0,0,225.69,13.56,3.0604,39.91,8.35,0.3332,21.43,2.94,0.063,3.4566,0.8641
5608,2026-09-28 10:00:00,2026-09-28,10:00,10.0,0,0,224.96,14.2,3.1944,41.76,8.3,0.3466,27.18,5.21,0.1416,3.6826,0.9206
5609,2026-09-28 10:15:00,2026-09-28,10:15,10.25,0,0,222.01,14.61,3.2436,40.56,8.37,0.3395,23.85,5.13,0.1224,3.7055,0.9264
5610,2026-09-28 10:30:00,2026-09-28,10:30,10.5,0,0,224.25,13.58,3.0453,41.46,9.98,0.4138,33.98,7.63,0.2593,3.7184,0.9296
5611,2026-09-28 10:45:00,2026-09-28,10:45,10.75,0,0,222.81,13.96,3.1104,41.44,9.94,0.4119,24.92,5.63,0.1403,3.6626,0.9156
5612,2026-09-28 11:00:00,2026-09-28,11:00,11.0,0,0,223.15,13.81,3.0817,41.19,12.27,0.5054,24.13,3.74,0.0902,3.6773,0.9193
5613,2026-09-28 11:15:00,2026-09-28,11:15,11.25,0,0,225.91,13.56,3.0633,43.66,12.81,0.5593,29.92,6.55,0.196,3.8186,0.9546
5614,2026-09-28 11:30:00,2026-09-28,11:30,11.5,0,0,222.75,15.08,3.3591,45.65,12.68,0.5788,23.35,5.0,0.1168,4.0547,1.0137
5615,2026-09-28 11:45:00,2026-09-28,11:45,11.75,0,0,223.61,13.93,3.1149,46.68,14.27,0.6661,26.38,5.22,0.1377,3.9187,0.9797
5616,2026-09-28 12:00:00,2026-09-28,12:00,12.0,0,0,222.09,14.16,3.1448,46.99,14.44,0.6785,24.43,5.09,0.1243,3.9476,0.9869
5617,2026-09-28 12:15:00,2026-09-28,12:15,12.25,0,0,224.74,14.5,3.2587,47.34,15.1,0.7148,24.13,5.12,0.1235,4.097,1.0243
5618,2026-09-28 12:30:00,2026-09-28,12:30,12.5,0,0,226.4,15.08,3.4141,46.01,15.1,0.6947,26.01,4.87,0.1267,4.2355,1.0589
5619,2026-09-28 12:45:00,2026-09-28,12:45,12.75,0,0,222.46,15.0,3.3369,46.21,14.91,0.689,35.03,9.42,0.33,4.3559,1.089
5620,2026-09-28 13:00:00,2026-09-28,13:00,13.0,0,0,222.24,16.0,3.5558,45.55,14.92,0.6796,30.91,7.48,0.2312,4.4666,1.1166
5621,2026-09-28 13:15:00,2026-09-28,13:15,13.25,0,0,224.48,14.72,3.3043,44.46,13.6,0.6047,42.47,12.33,0.5237,4.4327,1.1082
5622,2026-09-28 13:30:00,2026-09-28,13:30,13.5,0,0,220.24,15.56,3.4269,43.84,13.03,0.5712,38.77,11.06,0.4288,4.4269,1.1067
5623,2026-09-28 13:45:00,2026-09-28,13:45,13.75,0,0,221.42,15.73,3.4829,43.31,12.93,0.56,33.42,7.73,0.2583,4.3012,1.0753
5624,2026-09-28 14:00:00,2026-09-28,14:00,14.0,0,0,221.0,14.61,3.2288,44.05,12.01,0.529,44.68,14.24,0.6362,4.394,1.0985
5625,2026-09-28 14:15:00,2026-09-28,14:15,14.25,0,0,224.79,15.41,3.464,41.96,11.17,0.4687,45.98,14.37,0.6607,4.5934,1.1483
5626,2026-09-28 14:30:00,2026-09-28,14:30,14.5,0,0,221.54,14.62,3.2389,41.5,9.99,0.4146,34.31,9.61,0.3297,3.9832,0.9958
5627,2026-09-28 14:45:00,2026-09-28,14:45,14.75,0,0,221.83,15.62,3.465,40.21,8.97,0.3607,44.49,15.53,0.6909,4.5166,1.1292
5628,2026-09-28 15:00:00,2026-09-28,15:00,15.0,0,0,221.41,15.78,3.4939,39.76,8.07,0.3209,39.53,12.85,0.508,4.3228,1.0807
5629,2026-09-28 15:15:00,2026-09-28,15:15,15.25,0,0,223.4,14.76,3.2974,38.87,8.06,0.3133,44.99,14.63,0.6582,4.2689,1.0672
5630,2026-09-28 15:30:00,2026-09-28,15:30,15.5,0,0,219.44,14.37,3.1534,38.1,7.42,0.2827,40.07,11.46,0.4592,3.8953,0.9738
5631,2026-09-28 15:45:00,2026-09-28,15:45,15.75,0,0,224.79,13.83,3.1088,38.29,7.88,0.3017,43.56,15.63,0.6808,4.0913,1.0228
5632,2026-09-28 16:00:00,2026-09-28,16:00,16.0,0,0,225.83,15.23,3.4394,39.08,6.31,0.2466,40.66,12.5,0.5082,4.1942,1.0486
5633,2026-09-28 16:15:00,2026-09-28,16:15,16.25,0,0,220.95,13.54,2.9917,38.42,6.37,0.2447,38.9,12.37,0.4812,3.7176,0.9294
5634,2026-09-28 16:30:00,2026-09-28,16:30,16.5,0,0,226.94,13.48,3.0592,38.23,5.83,0.2229,42.9,13.12,0.5629,3.845,0.9613
5635,2026-09-28 16:45:00,2026-09-28,16:45,16.75,0,0,226.75,12.65,2.8684,35.58,6.18,0.2199,35.97,11.87,0.427,3.5153,0.8788
5636,2026-09-28 17:00:00,2026-09-28,17:00,17.0,0,0,224.58,13.35,2.9981,36.44,5.47,0.1993,28.22,6.31,0.1781,3.3755,0.8439
5637,2026-09-28 17:15:00,2026-09-28,17:15,17.25,0,0,223.77,13.08,2.9269,35.79,5.01,0.1793,27.01,5.29,0.1429,3.2491,0.8123
5638,2026-09-28 17:30:00,2026-09-28,17:30,17.5,0,0,225.33,12.63,2.8459,35.92,3.91,0.1404,24.55,3.21,0.0788,3.0651,0.7663
5639,2026-09-28 17:45:00,2026-09-28,17:45,17.75,0,0,224.28,12.21,2.7385,35.67,2.76,0.0985,29.02,5.19,0.1506,2.9876,0.7469
5640,2026-09-28 18:00:00,2026-09-28,18:00,18.0,0,0,225.4,12.81,2.8874,33.52,1.23,0.0412,35.47,8.85,0.3139,3.2425,0.8106
5641,2026-09-28 18:15:00,2026-09-28,18:15,18.25,0,0,227.88,12.95,2.9511,32.98,1.05,0.0346,34.17,7.98,0.2727,3.2584,0.8146
5642,2026-09-28 18:30:00,2026-09-28,18:30,18.5,0,0,225.19,11.09,2.4974,31.45,0.0,0.0,20.93,1.65,0.0345,2.5319,0.633
5643,2026-09-28 18:45:00,2026-09-28,18:45,18.75,0,0,226.82,11.73,2.6606,0.3,0.0,0.0,19.15,0.94,0.018,2.6786,0.6696
5644,2026-09-28 19:00:00,2026-09-28,19:00,19.0,0,0,225.17,13.2,2.9722,0.8,0.0,0.0,23.89,2.18,0.0521,3.0243,0.7561
5645,2026-09-28 19:15:00,2026-09-28,19:15,19.25,0,0,227.84,5.12,1.1665,0.77,0.0,0.0,28.05,5.27,0.1478,1.3143,0.3286
5646,2026-09-28 19:30:00,2026-09-28,19:30,19.5,0,0,232.12,3.96,0.9192,0.28,0.0,0.0,25.09,4.59,0.1152,1.0344,0.2586
5647,2026-09-28 19:45:00,2026-09-28,19:45,19.75,0,0,229.47,4.13,0.9477,0.75,0.0,0.0,22.22,3.54,0.0787,1.0264,0.2566
5648,2026-09-28 20:00:00,2026-09-28,20:00,20.0,0,0,229.19,4.53,1.0382,0.57,0.0,0.0,23.72,4.51,0.107,1.1452,0.2863
5649,2026-09-28 20:15:00,2026-09-28,20:15,20.25,0,0,227.65,3.74,0.8514,0.64,0.0,0.0,18.92,2.51,0.0475,0.8989,0.2247
5650,2026-09-28 20:30:00,2026-09-28,20:30,20.5,0,0,228.76,4.57,1.0454,0.04,0.0,0.0,23.62,4.29,0.1013,1.1467,0.2867
5651,2026-09-28 20:45:00,2026-09-28,20:45,20.75,0,0,229.08,3.54,0.8109,0.7,0.0,0.0,22.4,2.87,0.0643,0.8752,0.2188
5652,2026-09-28 21:00:00,2026-09-28,21:00,21.0,0,0,228.84,5.35,1.2243,0.5,0.0,0.0,28.15,6.06,0.1706,1.3949,0.3487
5653,2026-09-28 21:15:00,2026-09-28,21:15,21.25,0,0,227.86,4.16,0.9479,0.39,0.0,0.0,24.57,5.68,0.1396,1.0875,0.2719
5654,2026-09-28 21:30:00,2026-09-28,21:30,21.5,0,0,230.01,5.32,1.2237,0.51,0.0,0.0,35.3,10.46,0.3692,1.5929,0.3982
5655,2026-09-28 21:45:00,2026-09-28,21:45,21.75,0,0,230.63,3.93,0.9064,0.09,0.0,0.0,28.7,5.76,0.1653,1.0717,0.2679
5656,2026-09-28 22:00:00,2026-09-28,22:00,22.0,0,0,230.47,4.74,1.0924,0.26,0.0,0.0,39.73,13.78,0.5475,1.6399,0.41
5657,2026-09-28 22:15:00,2026-09-28,22:15,22.25,0,0,232.94,3.51,0.8176,0.75,0.0,0.0,31.23,8.68,0.2711,1.0887,0.2722
5658,2026-09-28 22:30:00,2026-09-28,22:30,22.5,0,0,232.81,3.44,0.8009,0.4,0.0,0.0,42.25,12.14,0.5129,1.3138,0.3285
5659,2026-09-28 22:45:00,2026-09-28,22:45,22.75,0,0,231.0,2.82,0.6514,0.78,0.0,0.0,39.54,11.05,0.4369,1.0883,0.2721
5660,2026-09-28 23:00:00,2026-09-28,23:00,23.0,0,0,231.47,2.51,0.581,0.45,0.0,0.0,48.0,15.65,0.7512,1.3322,0.3331
5661,2026-09-28 23:15:00,2026-09-28,23:15,23.25,0,0,231.17,3.3,0.7629,0.1,0.0,0.0,43.53,13.78,0.5998,1.3627,0.3407
5662,2026-09-28 23:30:00,2026-09-28,23:30,23.5,0,0,230.84,3.56,0.8218,0.44,0.0,0.0,43.03,13.88,0.5973,1.4191,0.3548
5663,2026-09-28 23:45:00,2026-09-28,23:45,23.75,0,0,231.93,2.84,0.6587,0.5,0.0,0.0,37.31,9.88,0.3686,1.0273,0.2568
5664,2026-09-29 00:00:00,2026-09-29,00:00,0.0,1,0,229.93,3.24,0.745,0.56,0.0,0.0,45.41,16.0,0.7266,1.4716,0.3679
5665,2026-09-29 00:15:00,2026-09-29,00:15,0.25,1,0,229.9,3.1,0.7127,0.51,0.0,0.0,41.66,12.2,0.5082,1.2209,0.3052
5666,2026-09-29 00:30:00,2026-09-29,00:30,0.5,1,0,229.31,3.41,0.782,0.64,0.0,0.0,43.62,13.0,0.5671,1.3491,0.3373
5667,2026-09-29 00:45:00,2026-09-29,00:45,0.75,1,0,231.61,5.37,1.2437,0.27,0.0,0.0,31.96,7.19,0.2298,1.4735,0.3684
5668,2026-09-29 01:00:00,2026-09-29,01:00,1.0,1,0,231.46,3.96,0.9166,0.57,0.0,0.0,43.86,13.91,0.6101,1.5267,0.3817
5669,2026-09-29 01:15:00,2026-09-29,01:15,1.25,1,0,234.91,4.23,0.9937,0.65,0.0,0.0,36.67,10.48,0.3843,1.378,0.3445
5670,2026-09-29 01:30:00,2026-09-29,01:30,1.5,1,0,237.01,4.25,1.0073,0.75,0.0,0.0,32.87,8.42,0.2768,1.2841,0.321
5671,2026-09-29 01:45:00,2026-09-29,01:45,1.75,1,0,233.45,4.25,0.9922,0.59,0.0,0.0,45.45,14.9,0.6772,1.6694,0.4173
5672,2026-09-29 02:00:00,2026-09-29,02:00,2.0,1,0,231.86,5.37,1.2451,0.75,0.0,0.0,34.86,8.72,0.304,1.5491,0.3873
5673,2026-09-29 02:15:00,2026-09-29,02:15,2.25,1,0,233.55,4.43,1.0346,0.27,0.0,0.0,38.29,10.28,0.3936,1.4282,0.357
5674,2026-09-29 02:30:00,2026-09-29,02:30,2.5,1,0,232.05,3.79,0.8795,0.63,0.0,0.0,34.63,8.97,0.3106,1.1901,0.2975
5675,2026-09-29 02:45:00,2026-09-29,02:45,2.75,1,0,231.96,4.06,0.9418,0.4,0.0,0.0,30.2,7.79,0.2353,1.1771,0.2943
5676,2026-09-29 03:00:00,2026-09-29,03:00,3.0,1,0,231.62,4.53,1.0492,0.25,0.0,0.0,25.83,5.55,0.1434,1.1926,0.2982
5677,2026-09-29 03:15:00,2026-09-29,03:15,3.25,1,0,231.76,5.3,1.2283,0.56,0.0,0.0,23.1,3.95,0.0912,1.3195,0.3299
5678,2026-09-29 03:30:00,2026-09-29,03:30,3.5,1,0,231.29,4.61,1.0662,0.77,0.0,0.0,29.24,6.74,0.1971,1.2633,0.3158
5679,2026-09-29 03:45:00,2026-09-29,03:45,3.75,1,0,229.5,5.56,1.276,0.77,0.0,0.0,24.45,4.91,0.1201,1.3961,0.349
5680,2026-09-29 04:00:00,2026-09-29,04:00,4.0,1,0,231.25,5.25,1.2141,0.73,0.0,0.0,26.68,4.92,0.1313,1.3454,0.3363
5681,2026-09-29 04:15:00,2026-09-29,04:15,4.25,1,0,231.77,5.1,1.182,0.23,0.0,0.0,25.56,4.43,0.1132,1.2952,0.3238
5682,2026-09-29 04:30:00,2026-09-29,04:30,4.5,1,0,233.25,4.97,1.1592,0.34,0.0,0.0,21.98,2.35,0.0517,1.2109,0.3027
5683,2026-09-29 04:45:00,2026-09-29,04:45,4.75,1,0,233.77,5.53,1.2928,0.61,0.0,0.0,29.97,5.28,0.1582,1.451,0.3628
5684,2026-09-29 05:00:00,2026-09-29,05:00,5.0,1,0,235.33,4.2,0.9884,0.48,0.0,0.0,26.37,5.16,0.1361,1.1245,0.2811
5685,2026-09-29 05:15:00,2026-09-29,05:15,5.25,1,0,238.84,4.55,1.0867,0.35,0.0,0.0,27.13,5.79,0.1571,1.2438,0.311
5686,2026-09-29 05:30:00,2026-09-29,05:30,5.5,1,0,232.14,4.56,1.0586,0.74,0.0,0.0,29.0,6.22,0.1804,1.239,0.3098
5687,2026-09-29 05:45:00,2026-09-29,05:45,5.75,1,0,232.69,5.39,1.2542,0.58,0.0,0.0,29.59,6.45,0.1909,1.4451,0.3613
5688,2026-09-29 06:00:00,2026-09-29,06:00,6.0,1,0,234.7,4.67,1.096,31.2,0.46,0.0143,29.53,5.03,0.1485,1.2588,0.3147
5689,2026-09-29 06:15:00,2026-09-29,06:15,6.25,1,0,232.64,3.95,0.9189,31.48,0.27,0.0085,30.71,7.14,0.2193,1.1467,0.2867
5690,2026-09-29 06:30:00,2026-09-29,06:30,6.5,1,0,231.61,3.96,0.9172,32.42,0.04,0.0013,40.38,12.27,0.4955,1.414,0.3535
5691,2026-09-29 06:45:00,2026-09-29,06:45,6.75,1,0,232.43,2.22,0.516,34.16,0.88,0.0301,38.26,11.03,0.422,0.9681,0.242
5692,2026-09-29 07:00:00,2026-09-29,07:00,7.0,1,0,231.92,2.98,0.6911,32.19,1.34,0.0431,30.75,7.8,0.2399,0.9741,0.2435
5693,2026-09-29 07:15:00,2026-09-29,07:15,7.25,1,0,233.29,3.52,0.8212,32.89,1.58,0.052,44.96,14.95,0.6722,1.5454,0.3864
5694,2026-09-29 07:30:00,2026-09-29,07:30,7.5,1,0,234.7,2.74,0.6431,32.9,1.21,0.0398,39.93,12.33,0.4923,1.1752,0.2938
5695,2026-09-29 07:45:00,2026-09-29,07:45,7.75,1,0,233.34,3.44,0.8027,32.98,2.13,0.0703,39.54,11.55,0.4567,1.3297,0.3324
5696,2026-09-29 08:00:00,2026-09-29,08:00,8.0,1,0,236.26,10.67,2.5209,34.82,2.37,0.0825,36.84,9.06,0.3338,2.9372,0.7343
5697,2026-09-29 08:15:00,2026-09-29,08:15,8.25,1,0,236.53,11.49,2.7177,35.57,3.48,0.1238,41.41,12.63,0.523,3.3645,0.8411
5698,2026-09-29 08:30:00,2026-09-29,08:30,8.5,1,0,236.75,11.86,2.8079,35.04,2.53,0.0887,39.63,12.73,0.5045,3.4011,0.8503
5699,2026-09-29 08:45:00,2026-09-29,08:45,8.75,1,0,236.63,12.59,2.9792,35.77,4.0,0.1431,42.8,11.54,0.4939,3.6162,0.9041
5700,2026-09-29 09:00:00,2026-09-29,09:00,9.0,1,0,228.78,12.94,2.9604,35.48,5.29,0.1877,47.18,14.34,0.6766,3.8247,0.9562
5701,2026-09-29 09:15:00,2026-09-29,09:15,9.25,1,0,231.2,13.29,3.0726,37.45,3.31,0.124,40.06,11.89,0.4763,3.6729,0.9182
5702,2026-09-29 09:30:00,2026-09-29,09:30,9.5,1,0,229.25,11.88,2.7235,36.63,4.84,0.1773,42.08,13.45,0.566,3.4668,0.8667
5703,2026-09-29 09:45:00,2026-09-29,09:45,9.75,1,0,228.9,12.3,2.8155,37.78,5.56,0.2101,41.74,11.27,0.4704,3.496,0.874
5704,2026-09-29 10:00:00,2026-09-29,10:00,10.0,1,0,228.77,12.19,2.7887,37.67,4.25,0.1601,37.82,11.13,0.4209,3.3697,0.8424
5705,2026-09-29 10:15:00,2026-09-29,10:15,10.25,1,0,229.82,14.4,3.3094,37.44,5.68,0.2127,29.37,7.15,0.21,3.7321,0.933
5706,2026-09-29 10:30:00,2026-09-29,10:30,10.5,1,0,231.54,13.44,3.1119,38.32,5.15,0.1973,31.38,8.71,0.2733,3.5825,0.8956
5707,2026-09-29 10:45:00,2026-09-29,10:45,10.75,1,0,227.39,13.78,3.1334,36.77,4.96,0.1824,42.94,12.7,0.5453,3.8611,0.9653
5708,2026-09-29 11:00:00,2026-09-29,11:00,11.0,1,0,227.02,15.31,3.4757,36.09,5.01,0.1808,33.52,9.23,0.3094,3.9659,0.9915
5709,2026-09-29 11:15:00,2026-09-29,11:15,11.25,1,0,228.69,14.87,3.4006,36.59,4.33,0.1584,31.73,7.45,0.2364,3.7954,0.9488
5710,2026-09-29 11:30:00,2026-09-29,11:30,11.5,1,0,229.05,14.77,3.3831,36.5,4.4,0.1606,27.02,4.96,0.134,3.6777,0.9194
5711,2026-09-29 11:45:00,2026-09-29,11:45,11.75,1,0,229.41,15.18,3.4824,35.91,5.04,0.181,29.67,7.76,0.2302,3.8936,0.9734
5712,2026-09-29 12:00:00,2026-09-29,12:00,12.0,1,0,225.37,14.65,3.3017,35.38,4.07,0.144,25.4,4.02,0.1021,3.5478,0.887
5713,2026-09-29 12:15:00,2026-09-29,12:15,12.25,1,0,227.55,14.2,3.2312,37.03,4.65,0.1722,25.59,5.1,0.1305,3.5339,0.8835
5714,2026-09-29 12:30:00,2026-09-29,12:30,12.5,1,0,228.51,14.62,3.3408,34.87,4.7,0.1639,26.55,4.56,0.1211,3.6258,0.9064
5715,2026-09-29 12:45:00,2026-09-29,12:45,12.75,1,0,228.77,15.72,3.5963,36.49,4.27,0.1558,21.27,2.57,0.0547,3.8068,0.9517
5716,2026-09-29 13:00:00,2026-09-29,13:00,13.0,1,0,226.2,15.19,3.436,37.14,5.37,0.1994,18.36,2.11,0.0387,3.6741,0.9185
5717,2026-09-29 13:15:00,2026-09-29,13:15,13.25,1,0,225.0,14.18,3.1905,35.85,4.73,0.1696,30.27,7.28,0.2204,3.5805,0.8951
5718,2026-09-29 13:30:00,2026-09-29,13:30,13.5,1,0,224.28,15.75,3.5324,37.46,4.76,0.1783,22.04,2.28,0.0503,3.761,0.9403
5719,2026-09-29 13:45:00,2026-09-29,13:45,13.75,1,0,225.05,14.73,3.315,37.08,5.49,0.2036,26.34,4.79,0.1262,3.6448,0.9112
5720,2026-09-29 14:00:00,2026-09-29,14:00,14.0,1,0,226.3,14.69,3.3243,36.75,5.91,0.2172,25.41,4.46,0.1133,3.6548,0.9137
5721,2026-09-29 14:15:00,2026-09-29,14:15,14.25,1,0,221.88,16.0,3.5501,38.71,5.51,0.2133,25.81,2.38,0.0614,3.8248,0.9562
5722,2026-09-29 14:30:00,2026-09-29,14:30,14.5,1,0,226.35,13.66,3.0919,35.13,5.22,0.1834,30.09,7.78,0.2341,3.5094,0.8773
5723,2026-09-29 14:45:00,2026-09-29,14:45,14.75,1,0,225.37,15.35,3.4594,36.07,5.57,0.2009,35.59,10.04,0.3573,4.0176,1.0044
5724,2026-09-29 15:00:00,2026-09-29,15:00,15.0,1,0,224.0,14.53,3.2547,37.02,4.89,0.181,23.04,3.79,0.0873,3.523,0.8808
5725,2026-09-29 15:15:00,2026-09-29,15:15,15.25,1,0,225.47,13.93,3.1408,34.98,2.99,0.1046,42.49,12.08,0.5133,3.7587,0.9397
5726,2026-09-29 15:30:00,2026-09-29,15:30,15.5,1,0,226.75,15.49,3.5124,35.91,4.23,0.1519,41.37,12.54,0.5188,4.1831,1.0458
5727,2026-09-29 15:45:00,2026-09-29,15:45,15.75,1,0,221.94,12.39,2.7498,36.02,3.38,0.1217,36.0,8.72,0.3139,3.1854,0.7964
5728,2026-09-29 16:00:00,2026-09-29,16:00,16.0,1,0,224.46,14.19,3.1851,35.48,3.24,0.115,39.15,11.43,0.4475,3.7476,0.9369
5729,2026-09-29 16:15:00,2026-09-29,16:15,16.25,1,0,224.97,13.62,3.0641,33.86,3.29,0.1114,36.12,10.93,0.3948,3.5703,0.8926
5730,2026-09-29 16:30:00,2026-09-29,16:30,16.5,1,0,222.95,14.02,3.1258,34.48,2.22,0.0765,37.56,11.68,0.4387,3.641,0.9103
5731,2026-09-29 16:45:00,2026-09-29,16:45,16.75,1,0,226.02,14.29,3.2298,34.12,0.92,0.0314,44.36,13.7,0.6077,3.8689,0.9672
5732,2026-09-29 17:00:00,2026-09-29,17:00,17.0,1,0,225.06,13.55,3.0496,34.33,1.77,0.0608,40.28,12.55,0.5055,3.6159,0.904
5733,2026-09-29 17:15:00,2026-09-29,17:15,17.25,1,0,221.32,12.83,2.8395,31.5,1.53,0.0482,43.71,13.47,0.5888,3.4765,0.8691
5734,2026-09-29 17:30:00,2026-09-29,17:30,17.5,1,0,225.3,12.45,2.805,33.53,1.05,0.0352,40.39,11.71,0.473,3.3132,0.8283
5735,2026-09-29 17:45:00,2026-09-29,17:45,17.75,1,0,226.15,12.21,2.7613,31.72,0.81,0.0257,43.14,14.58,0.629,3.416,0.854
5736,2026-09-29 18:00:00,2026-09-29,18:00,18.0,1,0,225.51,12.12,2.7332,32.59,0.0,0.0,44.14,14.41,0.6361,3.3693,0.8423
5737,2026-09-29 18:15:00,2026-09-29,18:15,18.25,1,0,226.25,11.2,2.534,32.95,0.0,0.0,38.62,10.07,0.3889,2.9229,0.7307
5738,2026-09-29 18:30:00,2026-09-29,18:30,18.5,1,0,229.29,11.31,2.5933,31.06,0.02,0.0006,45.04,14.92,0.672,3.2659,0.8165
5739,2026-09-29 18:45:00,2026-09-29,18:45,18.75,1,0,224.09,11.49,2.5748,0.29,0.0,0.0,37.49,9.43,0.3535,2.9283,0.7321
5740,2026-09-29 19:00:00,2026-09-29,19:00,19.0,1,0,224.92,11.44,2.5731,0.51,0.0,0.0,26.88,5.32,0.143,2.7161,0.679
5741,2026-09-29 19:15:00,2026-09-29,19:15,19.25,1,0,227.02,4.5,1.0216,0.37,0.0,0.0,36.45,9.56,0.3485,1.3701,0.3425
5742,2026-09-29 19:30:00,2026-09-29,19:30,19.5,1,0,226.41,3.32,0.7517,0.59,0.0,0.0,28.94,6.13,0.1774,0.9291,0.2323
5743,2026-09-29 19:45:00,2026-09-29,19:45,19.75,1,0,226.23,4.48,1.0135,0.52,0.0,0.0,20.4,2.9,0.0592,1.0727,0.2682
5744,2026-09-29 20:00:00,2026-09-29,20:00,20.0,1,0,226.48,5.08,1.1505,0.25,0.0,0.0,29.13,6.22,0.1812,1.3317,0.3329
5745,2026-09-29 20:15:00,2026-09-29,20:15,20.25,1,0,226.56,4.91,1.1124,0.26,0.0,0.0,20.17,3.12,0.0629,1.1753,0.2938
5746,2026-09-29 20:30:00,2026-09-29,20:30,20.5,1,0,225.16,5.82,1.3104,0.51,0.0,0.0,28.6,6.54,0.187,1.4974,0.3744
5747,2026-09-29 20:45:00,2026-09-29,20:45,20.75,1,0,225.8,4.88,1.1019,0.15,0.0,0.0,28.73,5.11,0.1468,1.2487,0.3122
5748,2026-09-29 21:00:00,2026-09-29,21:00,21.0,1,0,228.81,4.24,0.9701,0.1,0.0,0.0,22.29,3.26,0.0727,1.0428,0.2607
5749,2026-09-29 21:15:00,2026-09-29,21:15,21.25,1,0,227.66,4.97,1.1315,0.73,0.0,0.0,25.31,4.26,0.1078,1.2393,0.3098
5750,2026-09-29 21:30:00,2026-09-29,21:30,21.5,1,0,220.48,3.71,0.818,0.21,0.0,0.0,18.87,0.25,0.0047,0.8227,0.2057
5751,2026-09-29 21:45:00,2026-09-29,21:45,21.75,1,0,225.52,5.41,1.2201,0.61,0.0,0.0,26.45,5.22,0.1381,1.3582,0.3396
5752,2026-09-29 22:00:00,2026-09-29,22:00,22.0,1,0,224.67,3.54,0.7953,0.73,0.0,0.0,25.66,3.79,0.0973,0.8926,0.2231
5753,2026-09-29 22:15:00,2026-09-29,22:15,22.25,1,0,227.73,3.89,0.8859,0.28,0.0,0.0,24.11,2.37,0.0571,0.943,0.2357
5754,2026-09-29 22:30:00,2026-09-29,22:30,22.5,1,0,222.15,2.41,0.5354,0.44,0.0,0.0,17.3,1.61,0.0278,0.5632,0.1408
5755,2026-09-29 22:45:00,2026-09-29,22:45,22.75,1,0,227.3,5.2,1.182,0.43,0.0,0.0,23.19,3.22,0.0747,1.2567,0.3142
5756,2026-09-29 23:00:00,2026-09-29,23:00,23.0,1,0,224.29,3.55,0.7962,0.43,0.0,0.0,25.36,4.55,0.1154,0.9116,0.2279
5757,2026-09-29 23:15:00,2026-09-29,23:15,23.25,1,0,227.29,2.2,0.5,0.76,0.0,0.0,20.18,2.36,0.0476,0.5476,0.1369
5758,2026-09-29 23:30:00,2026-09-29,23:30,23.5,1,0,227.24,2.69,0.6113,0.31,0.0,0.0,29.5,8.64,0.2549,0.8662,0.2165
5759,2026-09-29 23:45:00,2026-09-29,23:45,23.75,1,0,225.64,2.83,0.6386,0.1,0.0,0.0,29.91,6.0,0.1795,0.8181,0.2045
